Quebra 1;Quebra 2;Código;Descrição;EMB;NCM;Estoque;Estoque Mínimo;Estoque Máximo;Custo (R$);Preço (R$);Total Custo (R$);Total Venda (R$)
Loja: 1 - NEWSHOP COMERCIO LTDA ( LOJA );Local: 3 - GERENCIAL;8632;BOM-3403 JOGO DE FERRAMENTAS 5 PCS MARTELO ESTILETE CHAVE TESTE;UN;82059000;1,00;0,00;0,00;2,74;18,00;2,74;18,00
Loja: 1 - NEWSHOP COMERCIO LTDA ( LOJA );Local: 15 - GALPÃO;468;BF-777S CONJUNTO DE RADIO COMUNICADOR WALK TALK (2 PECAS);UN;85171410;-8,00;0,00;0,00;8,86;121,00;-70,88;-968,00
Loja: 1 - NEWSHOP COMERCIO LTDA ( LOJA );Local: 15 - GALPÃO;1281;BMG-61 SUPORTE PARA MOTO;UN;39269090;-20,00;0,00;0,00;1,39;15,50;-27,80;-310,00
Loja: 1 - NEWSHOP COMERCIO LTDA ( LOJA );Local: 15 - GALPÃO;7610;S50201-PULSEIRA;UN;71171900;-10,00;0,00;0,00;3,15;21,00;-31,50;-210,00
Loja: 1 - NEWSHOP COMERCIO LTDA ( LOJA );Local: 15 - GALPÃO;8880;LUX222-041  KIT COM 6 DECORAÇÃO DE UNHAS FOLHAS DE OURO E VARIADOS;UN;82142000;18,00;0,00;0,00;0,56;4,00;10,08;72,00
Loja: 1 - NEWSHOP COMERCIO LTDA ( LOJA );Local: 15 - GALPÃO;8881;LUX222-041  KIT COM 6 DECORAÇÃO DE UNHAS;UN;82142000;28,00;0,00;0,00;0,70;4,50;19,60;126,00
Loja: 1 - NEWSHOP COMERCIO LTDA ( LOJA );Local: 15 - GALPÃO;8939;BM-F1117 ESTANTE/CARRINHO AUXILIAR ORGANIZADOR MULTIUSO 4 ANDARES MULTIUSO;UN;94032090;4,00;0,00;0,00;13,39;78,00;53,56;312,00
Loja: 1 - NEWSHOP COMERCIO LTDA ( LOJA );Local: 15 - GALPÃO;8940;BMG-30 SUPORTE PARA MONITOR;UN;39269090;1,00;0,00;0,00;4,92;154,00;4,92;154,00
Loja: 1 - NEWSHOP COMERCIO LTDA ( LOJA );Local: 15 - GALPÃO;8952;BOM-1210 CHAVE DE RODA CRUZ 4 BOCAS 17-19-21-23 MM;UN;82041100;20,00;0,00;0,00;8,00;36,50;160,00;730,00
Loja: 1 - NEWSHOP COMERCIO LTDA ( LOJA );Local: 15 - GALPÃO;8953;BOM-1284 CHAVE INGLESA AJUSTAVEL - 6;UN;82041200;72,00;0,00;0,00;1,50;13,00;108,00;936,00
Loja: 1 - NEWSHOP COMERCIO LTDA ( LOJA );Local: 15 - GALPÃO;8970;BOM-1287 CHAVE INGLESA AJUSTAVEL - 12;UN;82041200;92,00;0,00;0,00;5,05;30,00;464,60;2760,00
Loja: 1 - NEWSHOP COMERCIO LTDA ( LOJA );Local: 15 - GALPÃO;8972;BOM-1283 CHAVE INGLESA AJUSTAVEL - 12;UN;82041200;28,00;0,00;0,00;11,58;33,50;324,24;938,00
Loja: 1 - NEWSHOP COMERCIO LTDA ( LOJA );Local: 15 - GALPÃO;8974;BOM-2604 CADEADO TRAVA DE MOTO/BICICLETA ANTIFURTO;UN;83011000;21,00;0,00;0,00;2,12;11,50;44,52;241,50
Loja: 1 - NEWSHOP COMERCIO LTDA ( LOJA );Local: 15 - GALPÃO;8980;BOM-2603 CADEADO PARA BICICLETA/MOTOCICLETA COM ALARME;UN;83011000;17,00;0,00;0,00;4,80;33,50;81,60;569,50
Loja: 1 - NEWSHOP COMERCIO LTDA ( LOJA );Local: 15 - GALPÃO;8982;BOM-4211 LANTERNA LAMPIAO COM LAMPADA LED E BATERIA RECARREGAVEL;UN;85131090;63,00;0,00;0,00;5,61;40,50;353,43;2551,50
Loja: 1 - NEWSHOP COMERCIO LTDA ( LOJA );Local: 15 - GALPÃO;8986;BOM-3209 CJ CHAVE CATRACA REVERSIVEL 28 PCS;UN;82059000;89,00;0,00;0,00;8,82;57,00;784,98;5073,00
Loja: 1 - NEWSHOP COMERCIO LTDA ( LOJA );Local: 15 - GALPÃO;8990;BOM-6000 CABO COM CONECTOR;UN;85444200;50,00;0,00;0,00;0,56;3,50;28,00;175,00
Loja: 1 - NEWSHOP COMERCIO LTDA ( LOJA );Local: 15 - GALPÃO;8993;"BOM-1519 ALICATE REBITADOR MANUAL - 10""";UN;82032010;12,00;0,00;0,00;5,02;21,50;60,24;258,00
Loja: 1 - NEWSHOP COMERCIO LTDA ( LOJA );Local: 15 - GALPÃO;9012;BM-613 MOUSE COM FIO CONEXAO USB - DPI AJUSTAVEL - 6 BOTOES - ILUMINACAO RGB;UN;84716053;75,00;0,00;0,00;2,31;15,50;173,25;1162,50
Loja: 1 - NEWSHOP COMERCIO LTDA ( LOJA );Local: 15 - GALPÃO;9016;BOM-6805 TRIPE PARA NIVEL A LASER - TAMANHO: 1.5M;UN;96200000;10,00;0,00;0,00;14,19;85,00;141,90;850,00
Loja: 1 - NEWSHOP COMERCIO LTDA ( LOJA );Local: 15 - GALPÃO;9033;BM-DJ511 CONJUNTO COM 3 FACAS DE ACO INOXIDAVEL;UN;82111000;68,00;0,00;0,00;5,62;29,50;382,16;2006,00
Loja: 1 - NEWSHOP COMERCIO LTDA ( LOJA );Local: 15 - GALPÃO;9036;BM-DJ514 CONJUNTO COM 5 FACAS DE ACO INOXIDAVEL;UN;82111000;41,00;0,00;0,00;7,22;37,50;296,02;1537,50
Loja: 1 - NEWSHOP COMERCIO LTDA ( LOJA );Local: 15 - GALPÃO;9044;BM-8693 TORRE DE TOMADAS RETRATIL COM 2 TOMADAS;UN;85366990;30,00;10,00;200,00;29,18;90,50;875,40;2715,00
Loja: 1 - NEWSHOP COMERCIO LTDA ( LOJA );Local: 15 - GALPÃO;9047;BM-F1074 CONJUNTO DE TALHERES SORTIDOS SENDO 6 FACAS 6 GARFOS E 6 COLHERES;UN;82152000;28,00;0,00;0,00;12,72;53,50;356,16;1498,00
Loja: 1 - NEWSHOP COMERCIO LTDA ( LOJA );Local: 15 - GALPÃO;9049;BM-8691 TORRE DE TOMADAS RETRATIL COM 3 TOMADAS;UN;85366990;60,00;10,00;200,00;18,67;0,00;1120,20;0,00
Loja: 1 - NEWSHOP COMERCIO LTDA ( LOJA );Local: 15 - GALPÃO;9061;BM-F1080B CONJUNTO DE ACESSORIOS PARA BANHEIRO;UN;39249000;88,00;0,00;0,00;14,95;94,00;1315,60;8272,00
Loja: 1 - NEWSHOP COMERCIO LTDA ( LOJA );Local: 15 - GALPÃO;9071;BM-F998 ESCOVA ELETRICA PARA LIMPEZA USB - TENSAO: 5V/1A - POTENCIA: 3W -;UN;85098090;38,00;0,00;0,00;1,00;27,50;38,00;1045,00
Loja: 1 - NEWSHOP COMERCIO LTDA ( LOJA );Local: 15 - GALPÃO;9075;BM-A20 CORTADOR DE LEGUMES 3 EM 1;UN;82100090;12,00;0,00;0,00;4,10;37,00;49,20;444,00
Loja: 1 - NEWSHOP COMERCIO LTDA ( LOJA );Local: 15 - GALPÃO;9078;BM-222 FONE DE OUVIDO SEM FIO (HEADSET) VIA BLUETOOTH;UN;85183000;60,00;0,00;0,00;4,90;35,00;294,00;2100,00
Loja: 1 - NEWSHOP COMERCIO LTDA ( LOJA );Local: 15 - GALPÃO;9080;BM-T02 TECLADO;UN;84716052;15,00;0,00;0,00;3,38;25,50;50,70;382,50
Loja: 1 - NEWSHOP COMERCIO LTDA ( LOJA );Local: 15 - GALPÃO;9117;GX10-7129 / 7129- BOLSA DE VIAGEM DE POLIESTER;UN;42022220;20,00;0,00;0,00;8,94;48,00;178,80;960,00
Loja: 1 - NEWSHOP COMERCIO LTDA ( LOJA );Local: 15 - GALPÃO;9170;BM-327 TRENA DE FITA COM TRAVA 10M*25MM;UN;90178010;35,00;0,00;0,00;2,19;16,00;76,65;560,00
Loja: 1 - NEWSHOP COMERCIO LTDA ( LOJA );Local: 15 - GALPÃO;9173;BM-DZ42 FURADEIRA/PARAFUSADEIRA COM BATERIA RECARREGAVEL - TENSAO:;UN;84672992;10,00;0,00;0,00;18,51;0,00;185,10;0,00
Loja: 1 - NEWSHOP COMERCIO LTDA ( LOJA );Local: 15 - GALPÃO;9177;BOM-9970 PPARAFUSADEIRA BATERIA 21V;UN;84672992;32,00;0,00;0,00;31,34;178,00;1002,88;5696,00
Loja: 1 - NEWSHOP COMERCIO LTDA ( LOJA );Local: 15 - GALPÃO;9178;BOM-9966 PARAFUSADEIRA - TENSAO: 21V - TORQUE;UN;84672992;10,00;0,00;0,00;61,35;335,00;613,50;3350,00
Loja: 1 - NEWSHOP COMERCIO LTDA ( LOJA );Local: 15 - GALPÃO;9181;BOM-9102 MINI MOTOSSERRA PORTATIL A BATERIA 6 POLEGATAS;UN;84672200;-5,00;0,00;0,00;49,56;208,00;-247,80;-1040,00
Loja: 1 - NEWSHOP COMERCIO LTDA ( LOJA );Local: 15 - GALPÃO;9203;BM-F1111 BOMBA PARA GALAO DE AGUA SENDO DISPENSER DE AGUA AUTOMATIC0O;UN;84138100;30,00;0,00;0,00;5,74;35,00;172,20;1050,00
Loja: 1 - NEWSHOP COMERCIO LTDA ( LOJA );Local: 15 - GALPÃO;9204;BM-F1033 MINI FILTRO COADOR DE CAFE DE (METAL) TAMANHO : 88 X 122CM;UN;96040000;1,00;0,00;0,00;3,55;30,00;3,55;30,00
Loja: 1 - NEWSHOP COMERCIO LTDA ( LOJA );Local: 15 - GALPÃO;9213;***CABO HDMI 1 4 4K 1 8M 3D ULTRA HD GT;UN;85444200;3,00;0,00;0,00;8,00;0,00;24,00;0,00
Loja: 1 - NEWSHOP COMERCIO LTDA ( LOJA );Local: 15 - GALPÃO;9214;***TEC GAMER MEC GT MECHANICAL 2;UN;84716052;1,00;0,00;0,00;125,13;0,00;125,13;0,00
Loja: 1 - NEWSHOP COMERCIO LTDA ( LOJA );Local: 15 - GALPÃO;9345;2205 BORRACHA;UN;95045000;1,00;0,00;0,00;1,00;17,50;1,00;17,50
Loja: 1 - NEWSHOP COMERCIO LTDA ( LOJA );Local: 15 - GALPÃO;9456;1160A-36 CANETA MARCA TEXTO;UN;96082000;40,00;0,00;0,00;4,00;38,00;160,00;1520,00
Loja: 1 - NEWSHOP COMERCIO LTDA ( LOJA );Local: 15 - GALPÃO;9461;BOM-7613 MANGUEIRA DE JARDIM FLEXIVEL;UN;39173900;10,00;0,00;0,00;9,32;57,00;93,20;570,00
Loja: 1 - NEWSHOP COMERCIO LTDA ( LOJA );Local: 15 - GALPÃO;9462;1160A-1-36 MINI MARCA TEXTO;UN;96082000;81,00;0,00;0,00;4,00;38,00;324,00;3078,00
Loja: 1 - NEWSHOP COMERCIO LTDA ( LOJA );Local: 15 - GALPÃO;9472;BOM-1223 CHAVE SOQUETE NINJA 3 PONTAS 10-11-13;UN;82055900;48,00;0,00;0,00;3,63;6,50;174,24;312,00
Loja: 1 - NEWSHOP COMERCIO LTDA ( LOJA );Local: 15 - GALPÃO;9480;BOM-1232 CHAVE ESTRELA 10X11MM;UN;82041100;20,00;0,00;0,00;5,87;10,00;117,40;200,00
Loja: 1 - NEWSHOP COMERCIO LTDA ( LOJA );Local: 15 - GALPÃO;9483;BOM-1301 FITA ACRILICA DUPLA FACE 1.8*200CM;UN;39191090;6,00;0,00;0,00;0,75;6,50;4,50;39,00
Loja: 1 - NEWSHOP COMERCIO LTDA ( LOJA );Local: 15 - GALPÃO;9487;BOM-1308 KIT FITA ISOLANTE;UN;39191090;6,00;0,00;0,00;0,26;2,00;1,56;12,00
Loja: 1 - NEWSHOP COMERCIO LTDA ( LOJA );Local: 15 - GALPÃO;9491;BOM-1316 FITA ADESIVA DE ALUMINIO;UN;76072000;72,00;0,00;0,00;2,14;10,00;154,08;720,00
Loja: 1 - NEWSHOP COMERCIO LTDA ( LOJA );Local: 15 - GALPÃO;9493;BOM-1613 ALICATE DE RETENCAO EXTERNA;UN;82032010;35,00;0,00;0,00;2,80;15,50;98,00;542,50
Loja: 1 - NEWSHOP COMERCIO LTDA ( LOJA );Local: 15 - GALPÃO;9494;BOM-1614 ALICATE DE RETENCAO INTERNA;UN;82032010;60,00;0,00;0,00;9,21;15,50;552,60;930,00
Loja: 1 - NEWSHOP COMERCIO LTDA ( LOJA );Local: 15 - GALPÃO;9500;BOM-1801 CABO COM CONECTOR DE BATERIA P/CARRO 500AMP;UN;85444200;50,00;0,00;0,00;5,92;30,00;296,00;1500,00
Loja: 1 - NEWSHOP COMERCIO LTDA ( LOJA );Local: 15 - GALPÃO;9505;BOM-7107 LUVA MULTITATO PRETA;UN;61169900;91,00;0,00;0,00;1,37;5,00;124,67;455,00
Loja: 1 - NEWSHOP COMERCIO LTDA ( LOJA );Local: 15 - GALPÃO;9507;BOM-7110 PAR DE LUVAS CONFECCIONADO EM OUTRAS MATERIAS TEXTEIS;UN;61169900;10,00;0,00;0,00;14,90;30,00;149,00;300,00
Loja: 1 - NEWSHOP COMERCIO LTDA ( LOJA );Local: 15 - GALPÃO;9525;BOM-7410 PROTETROR ABAFADOR DE RUIDOS TIPO CONCHA;UN;39269090;80,00;0,00;0,00;1,01;18,00;80,80;1440,00
Loja: 1 - NEWSHOP COMERCIO LTDA ( LOJA );Local: 15 - GALPÃO;9528;BOM-7610 MANGUEIRA DE JARDIM FLEXIVEL;UN;39173900;20,00;0,00;0,00;5,37;35,00;107,40;700,00
Loja: 1 - NEWSHOP COMERCIO LTDA ( LOJA );Local: 15 - GALPÃO;9532;BOM-4001 LANTERNA DE CABECA COM LAMPADA DE LED;UN;85131090;1,00;0,00;0,00;5,08;37,00;5,08;37,00
Loja: 1 - NEWSHOP COMERCIO LTDA ( LOJA );Local: 15 - GALPÃO;9536;BOM-4005 LANTERNA DE CABECA COM LAMPADA DE LED;UN;85131090;1,00;0,00;0,00;2,36;14,00;2,36;14,00
Loja: 1 - NEWSHOP COMERCIO LTDA ( LOJA );Local: 15 - GALPÃO;9542;BOM-4009 LANTERNA DE CABECA COM LAMPADA LED COM BATERIA RECARREGAVEL;UN;85131090;60,00;0,00;0,00;2,21;24,50;132,60;1470,00
Loja: 1 - NEWSHOP COMERCIO LTDA ( LOJA );Local: 15 - GALPÃO;9545;BOM-1612 ALICATE  DECAPADOR  DE  FIOS  7  POLEGADAS;UN;82059000;36,00;0,00;0,00;10,14;17,50;365,04;630,00
Loja: 1 - NEWSHOP COMERCIO LTDA ( LOJA );Local: 15 - GALPÃO;9550;BOM-4015 LANTERNA DE CABECA LAMPADA LED E BATERIA RECARREGAVEL;UN;85131090;60,00;0,00;0,00;4,02;24,00;241,20;1440,00
Loja: 1 - NEWSHOP COMERCIO LTDA ( LOJA );Local: 15 - GALPÃO;9552;BOM-4016 LANTERNA DE CABECA LAMPADA LED E BATERIA RECARREGAVEL;UN;85131090;1,00;0,00;0,00;4,02;23,00;4,02;23,00
Loja: 1 - NEWSHOP COMERCIO LTDA ( LOJA );Local: 15 - GALPÃO;9556;BOM-4202 LUMINARIA DE LED SOLAR DE PAREDE RECARREGAVEL;UN;94054100;1,00;0,00;0,00;9,49;72,00;9,49;72,00
Loja: 1 - NEWSHOP COMERCIO LTDA ( LOJA );Local: 15 - GALPÃO;9557;BOM-4203 LANTERNA SOLAR COM LAPADA LED E BATERIA RECARREGAVEL;UN;85131090;1,00;0,00;0,00;7,22;33,50;7,22;33,50
Loja: 1 - NEWSHOP COMERCIO LTDA ( LOJA );Local: 15 - GALPÃO;9562;BOM-4208 LUMINARIA LED SOLAR RECARREGAVEL;UN;94054100;30,00;0,00;0,00;10,81;53,00;324,30;1590,00
Loja: 1 - NEWSHOP COMERCIO LTDA ( LOJA );Local: 15 - GALPÃO;9565;BOM-4210 LANTERNA SOLAR COM LAPADA LED E BATERIA RECARREGAVEL;UN;94054100;28,00;0,00;0,00;11,28;71,00;315,84;1988,00
Loja: 1 - NEWSHOP COMERCIO LTDA ( LOJA );Local: 15 - GALPÃO;9567;BOM-4212 LUMINARIA LED SOLAR ESTILO LAMPIAO RECARREGAVEL;UN;94054100;40,00;0,00;0,00;4,21;30,00;168,40;1200,00
Loja: 1 - NEWSHOP COMERCIO LTDA ( LOJA );Local: 15 - GALPÃO;9568;BOM-4214 LANTERNA SOLAR COM BATERIA RECARREGAVEL;UN;94054100;10,00;0,00;0,00;29,66;163,00;296,60;1630,00
Loja: 1 - NEWSHOP COMERCIO LTDA ( LOJA );Local: 15 - GALPÃO;9570;BOM-4215 LUMINARIA LED SOLAR RECARREGAVEL;UN;94054100;40,00;0,00;0,00;33,66;179,00;1346,40;7160,00
Loja: 1 - NEWSHOP COMERCIO LTDA ( LOJA );Local: 15 - GALPÃO;9572;BOM-4216 LUMINARIA LED SOLAR RECARREGAVEL;UN;94054100;45,00;0,00;0,00;26,79;193,00;1205,55;8685,00
Loja: 1 - NEWSHOP COMERCIO LTDA ( LOJA );Local: 15 - GALPÃO;9573;BOM-4217 LANTERNA SOLAR COM LAPADA LED E BATERIA RECARREGAVEL;UN;94054100;25,00;0,00;0,00;39,02;208,00;975,50;5200,00
Loja: 1 - NEWSHOP COMERCIO LTDA ( LOJA );Local: 15 - GALPÃO;9574;BOM-4218 LANTERNA SOLAR COM LAPADA LED E BATERIA RECARREGAVEL;UN;94054100;10,00;0,00;0,00;52,48;267,00;524,80;2670,00
Loja: 1 - NEWSHOP COMERCIO LTDA ( LOJA );Local: 15 - GALPÃO;9575;BOM-4222 ARANDELA SOLAR PAREDE EXTERNO LED;UN;85131090;4,00;0,00;0,00;3,67;22,00;14,68;88,00
Loja: 1 - NEWSHOP COMERCIO LTDA ( LOJA );Local: 15 - GALPÃO;9633;BOM-1321 FITA DE DEMARCAÇÃO;UN;82055100;72,00;0,00;0,00;0,91;6,50;65,52;468,00
Loja: 1 - NEWSHOP COMERCIO LTDA ( LOJA );Local: 15 - GALPÃO;9636;BOM-1608 ALICATE DE BICO CURVO  6  POLEGADAS;UN;82059000;23,00;0,00;0,00;2,32;16,00;53,36;368,00
Loja: 1 - NEWSHOP COMERCIO LTDA ( LOJA );Local: 15 - GALPÃO;9687;BOM-1709 ALICATE  ESPECIAL;UN;82032010;8,00;0,00;0,00;21,40;31,50;171,20;252,00
Loja: 1 - NEWSHOP COMERCIO LTDA ( LOJA );Local: 15 - GALPÃO;9690;R66314 BRINCO DE METAL;UN;71171900;-9661,00;0,00;0,00;1,67;12,00;-16133,87;-115932,00
Loja: 1 - NEWSHOP COMERCIO LTDA ( LOJA );Local: 15 - GALPÃO;9804;BOM-1328 FILME  PLASTICO  C/FITA  CREPE;UN;82055100;47,00;0,00;0,00;6,33;18,00;297,51;846,00
Loja: 1 - NEWSHOP COMERCIO LTDA ( LOJA );Local: 15 - GALPÃO;9840;BOM-1109 JOGO  CHAVE  CANHAO  CURTA  14MM;UN;82041200;2,00;0,00;0,00;7,18;17,00;14,36;34,00
Loja: 1 - NEWSHOP COMERCIO LTDA ( LOJA );Local: 15 - GALPÃO;9865;BOM-1242 CHAVE  ESTRELA  AJUSTAVEL  5-27MM;UN;82041200;30,00;0,00;0,00;9,13;105,50;273,90;3165,00
Loja: 1 - NEWSHOP COMERCIO LTDA ( LOJA );Local: 15 - GALPÃO;9891;BOM-1606 ALICATE  UNIVERSAL  6  POLEGADAS;UN;82032010;55,00;0,00;0,00;2,57;15,00;141,35;825,00
Loja: 1 - NEWSHOP COMERCIO LTDA ( LOJA );Local: 15 - GALPÃO;9894;BOM-1241 CHAVE  ESTRELA  25*28MM;UN;82041200;2,00;0,00;0,00;7,81;42,00;15,62;84,00
Loja: 1 - NEWSHOP COMERCIO LTDA ( LOJA );Local: 15 - GALPÃO;9897;BOM-1531 SERROTE CABO 18 POLEGADAS;UN;84672200;50,00;0,00;0,00;11,15;21,50;557,50;1075,00
Loja: 1 - NEWSHOP COMERCIO LTDA ( LOJA );Local: 15 - GALPÃO;9898;BOM-1234 CHAVE ESTRELA 12X13MM;UN;82041100;55,00;0,00;0,00;5,87;12,50;322,85;687,50
Loja: 1 - NEWSHOP COMERCIO LTDA ( LOJA );Local: 15 - GALPÃO;9931;BOM-1532 SERROTE  CABO 22 POLEGADA;UN;84819090;31,00;0,00;0,00;4,91;25,00;152,21;775,00
Loja: 1 - NEWSHOP COMERCIO LTDA ( LOJA );Local: 15 - GALPÃO;9944;BM-F1141 ORGANIZADOR DE GAVETAS - FEITO DE PLASTICO;UN;39269090;6,00;10,00;200,00;10,37;67,50;62,22;405,00
Loja: 1 - NEWSHOP COMERCIO LTDA ( LOJA );Local: 15 - GALPÃO;9947;BM-F1171 SENDO TABUA DE CORTE DE CARNE : 33X33X32CM;UN;39241000;11,00;0,00;0,00;8,82;16,00;97,02;176,00
Loja: 1 - NEWSHOP COMERCIO LTDA ( LOJA );Local: 15 - GALPÃO;9949;BM-F1172 VEICULOS NAO AUTOPROPULSADOS SENDO CARRINHO DOBRAVEL MANUAL  ATE 250KG;UN;87168000;1,00;0,00;0,00;67,65;342,00;67,65;342,00
Loja: 1 - NEWSHOP COMERCIO LTDA ( LOJA );Local: 15 - GALPÃO;9950;BM-F1110 POLTRONA INFLAVEL ESTILO PUFF COM APOIO PARA OS PES;UN;94018000;10,00;0,00;0,00;28,66;144,00;286,60;1440,00
Loja: 1 - NEWSHOP COMERCIO LTDA ( LOJA );Local: 15 - GALPÃO;9973;BM-C045 APARELHOS ELETROMECANICOS COM MOTOR ELETRICO INCORPORADO;UN;85101000;35,00;0,00;0,00;6,37;47,00;222,95;1645,00
Loja: 1 - NEWSHOP COMERCIO LTDA ( LOJA );Local: 15 - GALPÃO;9976;BM-F1173  CARRINHO DOBRAVEL MANUAL MULTIFUNCIONAL - SUPORTA ATE 300KG - RO;UN;87168000;5,00;0,00;0,00;126,84;639,00;634,20;3195,00
Loja: 1 - NEWSHOP COMERCIO LTDA ( LOJA );Local: 15 - GALPÃO;9984;BM-C051 APARADOR DE CABELO SEM FIO DE USO DOMESTICO;UN;85102000;20,00;0,00;0,00;8,68;94,00;173,60;1880,00
Loja: 1 - NEWSHOP COMERCIO LTDA ( LOJA );Local: 15 - GALPÃO;9991;BM-C061 APARADOR DE CABELO SEM FIO DE USO DOMESTICO;UN;85102000;80,00;0,00;0,00;5,29;45,50;423,20;3640,00
Loja: 1 - NEWSHOP COMERCIO LTDA ( LOJA );Local: 15 - GALPÃO;9992;BM-F1043 CONJUNTO DE TALHERES SORTIDOS;UN;82151000;1,00;0,00;0,00;7,71;62,00;7,71;62,00
Loja: 1 - NEWSHOP COMERCIO LTDA ( LOJA );Local: 15 - GALPÃO;9995;BM-F1134 PENDULO DE NEWTON DE METAL;UN;83062100;90,00;0,00;0,00;13,50;24,50;1215,00;2205,00
Loja: 1 - NEWSHOP COMERCIO LTDA ( LOJA );Local: 15 - GALPÃO;9996;BM-F1158 ESCORREDOR PARA LOUCA - FEITO DE ACO INOXIDAVEL;UN;73239300;35,00;0,00;0,00;18,76;129,00;656,60;4515,00
Loja: 1 - NEWSHOP COMERCIO LTDA ( LOJA );Local: 15 - GALPÃO;9997;BM-F1167 BANDAGEM ELASTICA PARA ESPORTES E TERAPIA SEM LATEX;UN;59061000;60,00;0,00;0,00;1,86;9,00;111,60;540,00
Loja: 1 - NEWSHOP COMERCIO LTDA ( LOJA );Local: 15 - GALPÃO;9998;BM-F1176 VEICULOS NAO AUTOPROPULSADO;UN;87168000;4,00;0,00;0,00;31,93;114,00;127,72;456,00
Loja: 1 - NEWSHOP COMERCIO LTDA ( LOJA );Local: 15 - GALPÃO;9999;BM-F1177 VEICULOS NAO AUTOPROPULSADOS;UN;87168000;6,00;0,00;0,00;38,15;141,00;228,90;846,00
Loja: 1 - NEWSHOP COMERCIO LTDA ( LOJA );Local: 15 - GALPÃO;10000;BM-F1178 VEICULOS NAO AUTOPROPULSADOS;UN;87168000;6,00;0,00;0,00;33,06;127,00;198,36;762,00
Loja: 1 - NEWSHOP COMERCIO LTDA ( LOJA );Local: 15 - GALPÃO;10001;BM-F909 MINI PROCESSADOR DE ALIMENTOS PORTATIL;UN;85098090;51,00;0,00;0,00;2,59;26,50;132,09;1351,50
Loja: 1 - NEWSHOP COMERCIO LTDA ( LOJA );Local: 15 - GALPÃO;10005;BT-AX1077 COLCHAO INFLAVEL+BOMBA DE AR MANUAL COM PEDAL  2 EM 1 191CMX137CMX22CM;UN;84142000;39,00;0,00;0,00;5,46;209,00;212,94;8151,00
Loja: 1 - NEWSHOP COMERCIO LTDA ( LOJA );Local: 15 - GALPÃO;10052;KA-CW-027 BOLSA PARA O TRANSPORTE DE ANIMAIS DE ESTIMACAO - COM ENTRADA DE AR;UN;42022210;40,00;10,00;200,00;32,00;160,00;1280,00;6400,00
Loja: 1 - NEWSHOP COMERCIO LTDA ( LOJA );Local: 15 - GALPÃO;10107;KA-602 MOUSE SEM FIO RESOLUCAO: 1600DPI - FREQUENCIA: 2.4GHZ;UN;84716053;60,00;0,00;0,00;2,16;18,00;129,60;1080,00
Loja: 1 - NEWSHOP COMERCIO LTDA ( LOJA );Local: 15 - GALPÃO;10124;KA-CW-021 BOLSA PARA O TRANSPORTE DE ANIMAIS DE ESTIMACAO - COM ENTRADA DE AR -;UN;42022210;75,00;10,00;200,00;27,15;116,00;2036,25;8700,00
Loja: 1 - NEWSHOP COMERCIO LTDA ( LOJA );Local: 15 - GALPÃO;10901;KD1600 MINIVENTILADOR PORTATIL DE MAO CORES VARIADAS.;UN;84145910;-10805,00;10,00;200,00;0,89;6,00;-9616,45;-64830,00
Loja: 1 - NEWSHOP COMERCIO LTDA ( LOJA );Local: 15 - GALPÃO;11174;BOM-3111 CONJUNTO 4 CHAVES FENDA/PHILIPS;UN;82059000;-50,00;0,00;0,00;4,83;19,50;-241,50;-975,00
Loja: 1 - NEWSHOP COMERCIO LTDA ( LOJA );Local: 15 - GALPÃO;11490;BOM-4601 CONJ COM 6 LUMINARIAS SOLARES DE JARDIM;UN;94054100;-24,00;0,00;0,00;9,25;67,00;-222,00;-1608,00
Loja: 1 - NEWSHOP COMERCIO LTDA ( LOJA );Local: 15 - GALPÃO;12644;MY-7249 MODELADOR DE CACHOS AUTOMATICO EGGROLL 110V-240V;UN;85163200;70,00;0,00;0,00;10,00;85,50;700,00;5985,00
Loja: 1 - NEWSHOP COMERCIO LTDA ( LOJA );Local: 15 - GALPÃO;13682;W1986C  - CROCS PLATAFOEMA EVA  - FEMININO - C;UN;64029990;11,00;0,00;0,00;14,25;95,00;156,75;1045,00
Loja: 1 - NEWSHOP COMERCIO LTDA ( LOJA );Local: 15 - GALPÃO;14267;NF8197 755 MALA PARA VIAGEM TIPO MOCHILA;UN;42029200;-50,00;0,00;0,00;15,00;0,00;-750,00;0,00
Loja: 1 - NEWSHOP COMERCIO LTDA ( LOJA );Local: 15 - GALPÃO;14701;BJ2105 - BRINCO;UN;71179000;-3,00;0,00;0,00;0,10;15,50;-0,30;-46,50
Loja: 1 - NEWSHOP COMERCIO LTDA ( LOJA );Local: 15 - GALPÃO;16041;LU-MKB(24) - APMA - CH-004 - CANETA HIDROGRAFICA - 24 CORES;UN;96082000;-120,00;0,00;0,00;12,00;24,00;-1440,00;-2880,00
Loja: 1 - NEWSHOP COMERCIO LTDA ( LOJA );Local: 15 - GALPÃO;16043;LU-MKB(36) - APMA - CH-005 - CANETA HIDROGRAFICA - 36 CORES;UN;96082000;-150,00;0,00;0,00;9,60;36,00;-1440,00;-5400,00
Loja: 1 - NEWSHOP COMERCIO LTDA ( LOJA );Local: 15 - GALPÃO;16108;CY-BF CADERNO ADESIVO INFANTIL;UN;39019090;4,00;0,00;0,00;0,20;8,00;0,80;32,00
Loja: 1 - NEWSHOP COMERCIO LTDA ( LOJA );Local: 15 - GALPÃO;16141;2915 APONTADOR URSINHO;UN;96082000;-33,00;0,00;0,00;0,07;7,50;-2,31;-247,50
Loja: 1 - NEWSHOP COMERCIO LTDA ( LOJA );Local: 15 - GALPÃO;16430;FZ3194 CARTEIRA FEMININA;UN;42023200;-29,00;0,00;0,00;0,08;17,50;-2,32;-507,50
Loja: 1 - NEWSHOP COMERCIO LTDA ( LOJA );Local: 15 - GALPÃO;16487;BM-F1207 CORTADOR DE UNHAS MULTIUSO - 6 ACESSORIOS INTERCAMBIAVEIS;UN;82142000;50,00;0,00;0,00;2,36;12,50;118,00;625,00
Loja: 1 - NEWSHOP COMERCIO LTDA ( LOJA );Local: 15 - GALPÃO;16491;MG-3221 BOLSA FEMININA;UN;42022210;8,00;0,00;0,00;8,00;17,50;64,00;140,00
Loja: 1 - NEWSHOP COMERCIO LTDA ( LOJA );Local: 15 - GALPÃO;16492;OI-4012 PROJETOR HD;UN;90079200;12,00;0,00;0,00;48,00;450,00;576,00;5400,00
Loja: 1 - NEWSHOP COMERCIO LTDA ( LOJA );Local: 15 - GALPÃO;16493;KK-20445 BOLSINHA FEMININA;UN;42022220;15,00;0,00;0,00;12,90;69,00;193,50;1035,00
Loja: 1 - NEWSHOP COMERCIO LTDA ( LOJA );Local: 15 - GALPÃO;16495;BOM-9590 VIBRADOR DE CONCRETO;UN;84672999;1,00;0,00;0,00;116,25;297,00;116,25;297,00
Loja: 1 - NEWSHOP COMERCIO LTDA ( LOJA );Local: 15 - GALPÃO;16496;BOM-9592 FERRAMENTAS COM MOTOR ELETRICO;UN;84672200;4,00;0,00;0,00;48,11;297,00;192,44;1188,00
Loja: 1 - NEWSHOP COMERCIO LTDA ( LOJA );Local: 15 - GALPÃO;16497;BOM-9594 FERRAMENTAS COM MOTOR ELETRICO;UN;84672200;4,00;0,00;0,00;75,69;446,00;302,76;1784,00
Loja: 1 - NEWSHOP COMERCIO LTDA ( LOJA );Local: 15 - GALPÃO;16498;KK-20468 BOLSINHA FEMININA;UN;42022220;15,00;0,00;0,00;6,54;35,00;98,10;525,00
Loja: 1 - NEWSHOP COMERCIO LTDA ( LOJA );Local: 15 - GALPÃO;16499;SNXJ-3-2550 - SAPATEIRA DOBRÁVEL EMPILHADA 3 TIER;UN;94032090;36,00;0,00;0,00;22,50;75,00;810,00;2700,00
Loja: 1 - NEWSHOP COMERCIO LTDA ( LOJA );Local: 15 - GALPÃO;16501;ZX-20168 BOLSINHA FEMININA;UN;42022220;5,00;0,00;0,00;197,03;44,50;985,15;222,50
Loja: 1 - NEWSHOP COMERCIO LTDA ( LOJA );Local: 15 - GALPÃO;16503;BM-F969 CONJUNTO DE 3 SACOS PLASTICOS PARA EMBALAGEM A VACUO + 1 BOMBA DE SUCCAO;UN;39232910;15,00;0,00;0,00;3,99;37,50;59,85;562,50
Loja: 1 - NEWSHOP COMERCIO LTDA ( LOJA );Local: 15 - GALPÃO;16504;BM-F967 CONJUNTO DE 5 SACOS PLASTICOS PARA EMBALAGEM;UN;39232910;30,00;0,00;0,00;3,74;29,00;112,20;870,00
Loja: 1 - NEWSHOP COMERCIO LTDA ( LOJA );Local: 15 - GALPÃO;16505;BM-F1196 LUMINARIA DE MESA;UN;94052100;12,00;0,00;0,00;10,45;78,00;125,40;936,00
Loja: 1 - NEWSHOP COMERCIO LTDA ( LOJA );Local: 15 - GALPÃO;16507;ST-292 - ASPIRADOR DE PO AUTOMOTIVO PORTATIL;UN;85081100;29,00;0,00;0,00;13,86;52,00;401,94;1508,00
Loja: 1 - NEWSHOP COMERCIO LTDA ( LOJA );Local: 15 - GALPÃO;16514;BM-F1214 SUPORTE PARA PAPEL HIGIENICO DE ACO INOX;UN;73239300;49,00;0,00;0,00;5,17;24,50;253,33;1200,50
Loja: 1 - NEWSHOP COMERCIO LTDA ( LOJA );Local: 15 - GALPÃO;16515;SNXJ-6-490 - SAPATEIRA DOBRÁVEL EMPILHADA 6 TIER;UN;94032090;54,00;0,00;0,00;34,50;115,00;1863,00;6210,00
Loja: 1 - NEWSHOP COMERCIO LTDA ( LOJA );Local: 15 - GALPÃO;16518;ST-127 - FONE DE OUVIDO SEM FIO COM BLUETOOTH;UN;85183000;53,00;0,00;0,00;1,50;34,00;79,50;1802,00
Loja: 1 - NEWSHOP COMERCIO LTDA ( LOJA );Local: 15 - GALPÃO;16522;ST-157A - PAR DE FONE DE OUVIDO SEM FIO COM BLUETOOTH;UN;85183000;63,00;0,00;0,00;1,50;24,50;94,50;1543,50
Loja: 1 - NEWSHOP COMERCIO LTDA ( LOJA );Local: 15 - GALPÃO;16524;TW6310 SANDALIA FEMININA ADULTO;UN;64019990;10,00;0,00;0,00;16,50;22,00;165,00;220,00
Loja: 1 - NEWSHOP COMERCIO LTDA ( LOJA );Local: 15 - GALPÃO;16526;ST-160A - PAR DE FONE DE OUVIDO SEM FIO COM BLUETOOTH;UN;85183000;66,00;0,00;0,00;1,50;30,50;99,00;2013,00
Loja: 1 - NEWSHOP COMERCIO LTDA ( LOJA );Local: 15 - GALPÃO;16528;ST-159B - PAR DE FONE DE OUVIDO SEM FIO COM BLUETOOTH;UN;85183000;64,00;0,00;0,00;1,50;23,50;96,00;1504,00
Loja: 1 - NEWSHOP COMERCIO LTDA ( LOJA );Local: 15 - GALPÃO;16530;TW6257 SANDALIA INFANTIL;UN;64019990;52,00;0,00;0,00;15,00;66,00;780,00;3432,00
Loja: 1 - NEWSHOP COMERCIO LTDA ( LOJA );Local: 15 - GALPÃO;16531;ST-157 - PAR DE FONE DE OUVIDO SEM FIO COM BLUETOOTH;UN;85183000;73,00;0,00;0,00;1,50;24,50;109,50;1788,50
Loja: 1 - NEWSHOP COMERCIO LTDA ( LOJA );Local: 15 - GALPÃO;16534;BOM-9586 MOTOESMERIL E LIXADEIRA DE CINTA 2 EM 1 - TENSAO NOMINAL: 220-240V;UN;84609090;3,00;0,00;0,00;269,61;431,00;808,83;1293,00
Loja: 1 - NEWSHOP COMERCIO LTDA ( LOJA );Local: 15 - GALPÃO;16555;F0002- BOLSA DE PLASTICO SEM MARCA;UN;42022210;12,00;0,00;0,00;12,77;69,00;153,24;828,00
Loja: 1 - NEWSHOP COMERCIO LTDA ( LOJA );Local: 15 - GALPÃO;16560;ST-294 - ASPIRADOR DE PO INTELIGENTE PORTATIL;UN;85081100;30,00;0,00;0,00;28,85;72,00;865,50;2160,00
Loja: 1 - NEWSHOP COMERCIO LTDA ( LOJA );Local: 15 - GALPÃO;16573;***MON GAMER 24 144HZ FHD GOLDENTEC;UN;85285200;1,00;0,00;0,00;624,96;0,00;624,96;0,00
Loja: 1 - NEWSHOP COMERCIO LTDA ( LOJA );Local: 15 - GALPÃO;16574;***KIT GAMER TEC+MOU+HEADSET+MOUSEPAD GT;UN;84716052;1,00;0,00;0,00;92,07;0,00;92,07;0,00
Loja: 1 - NEWSHOP COMERCIO LTDA ( LOJA );Local: 15 - GALPÃO;16575;***PVD GAMER GTX1050TI 128B 4GB GDDR5 VXPRO;UN;84718000;1,00;0,00;0,00;811,89;0,00;811,89;0,00
Loja: 1 - NEWSHOP COMERCIO LTDA ( LOJA );Local: 15 - GALPÃO;16578;***COMP GAMER I7 4G 16 240 W10H;UN;84715010;1,00;0,00;0,00;1421,97;0,00;1421,97;0,00
Loja: 1 - NEWSHOP COMERCIO LTDA ( LOJA );Local: 15 - GALPÃO;16587;6033 FEMININA TAMANHO PEQUENO;UN;42022210;21,00;0,00;0,00;11,85;64,00;248,85;1344,00
Loja: 1 - NEWSHOP COMERCIO LTDA ( LOJA );Local: 15 - GALPÃO;16590;6095 BOLSA FEMININA;UN;42022210;6,00;0,00;0,00;12,96;70,00;77,76;420,00
Loja: 1 - NEWSHOP COMERCIO LTDA ( LOJA );Local: 15 - GALPÃO;16593;KA-S-32 PEN DRIVE DE MEMORIA 32G;UN;85044060;4,00;0,00;0,00;2,70;27,50;10,80;110,00
Loja: 1 - NEWSHOP COMERCIO LTDA ( LOJA );Local: 15 - GALPÃO;16596;KA-M32 PEN DRIVE + CARTAO DE MEMORIA 32G;UN;85044060;5,00;0,00;0,00;1,32;28,00;6,60;140,00
Loja: 1 - NEWSHOP COMERCIO LTDA ( LOJA );Local: 15 - GALPÃO;16599;BOM-3913 JOGO DE CHAVES COM SOQUETES (53 PECAS) BOM-3913;UN;82059000;8,00;0,00;0,00;22,68;87,00;181,44;696,00
Loja: 1 - NEWSHOP COMERCIO LTDA ( LOJA );Local: 15 - GALPÃO;16608;SZ/315-03 ADESIVO INFANTIL;UN;39019090;37,00;0,00;0,00;0,27;1,50;9,99;55,50
Loja: 1 - NEWSHOP COMERCIO LTDA ( LOJA );Local: 15 - GALPÃO;16612;LE-250 CARREGADOR PARA CELULAR;UN;85044010;60,00;0,00;0,00;2,60;27,00;156,00;1620,00
Loja: 1 - NEWSHOP COMERCIO LTDA ( LOJA );Local: 15 - GALPÃO;16615;MAX-0556 CARREGADOR PORTATIL POWER BANK:;UN;85076000;24,00;0,00;0,00;7,50;79,00;180,00;1896,00
Loja: 1 - NEWSHOP COMERCIO LTDA ( LOJA );Local: 15 - GALPÃO;16616;MAX-0528 CARREGADOR PORTATIL (POWER BANK);UN;85076000;53,00;0,00;0,00;5,63;58,50;298,39;3100,50
Loja: 1 - NEWSHOP COMERCIO LTDA ( LOJA );Local: 15 - GALPÃO;16621;BOM-1303 CONJUNTO COM 3 PECAS FITA ISOLANTE;UN;39191020;29,00;0,00;0,00;1,07;6,00;31,03;174,00
Loja: 1 - NEWSHOP COMERCIO LTDA ( LOJA );Local: 15 - GALPÃO;16623;SD-411D CAMPAINHA INTELIGENTE;UN;85318000;8,00;0,00;0,00;43,09;277,50;344,72;2220,00
Loja: 1 - NEWSHOP COMERCIO LTDA ( LOJA );Local: 15 - GALPÃO;16625;BOM-8004 CALIBRADOR DE PNEUS MANUAL MOD:PISTOLA;UN;90262090;21,00;0,00;0,00;7,98;30,00;167,58;630,00
Loja: 1 - NEWSHOP COMERCIO LTDA ( LOJA );Local: 15 - GALPÃO;16626;C-561 BOLSA EM MATERIAL;UN;42022210;18,00;0,00;0,00;4,50;45,00;81,00;810,00
Loja: 1 - NEWSHOP COMERCIO LTDA ( LOJA );Local: 15 - GALPÃO;16627;BM-249 MICROFONE DINAMICO COM FIO - IMPEDANCIA: 600 OHMS;UN;85181090;60,00;0,00;0,00;1,00;12,00;60,00;720,00
Loja: 1 - NEWSHOP COMERCIO LTDA ( LOJA );Local: 15 - GALPÃO;16628;12934 BICICLETA ERGOMTRICA AT 120KG PAINEL DE VELOCIDADE E CALORIA NATAL;UN;87120010;33,00;0,00;0,00;320,00;999,00;10560,00;32967,00
Loja: 1 - NEWSHOP COMERCIO LTDA ( LOJA );Local: 15 - GALPÃO;16630;KK2266 CALCULADORA;UN;84701000;2,00;0,00;0,00;2,80;31,00;5,60;62,00
Loja: 1 - NEWSHOP COMERCIO LTDA ( LOJA );Local: 15 - GALPÃO;16632;OS-9168 CALCULADORA;UN;84701000;24,00;0,00;0,00;2,42;28,00;58,08;672,00
Loja: 1 - NEWSHOP COMERCIO LTDA ( LOJA );Local: 15 - GALPÃO;16633;288 CALCULADORA;UN;84701000;11,00;0,00;0,00;2,42;26,00;26,62;286,00
Loja: 1 - NEWSHOP COMERCIO LTDA ( LOJA );Local: 15 - GALPÃO;16638;C560 BOLSA EM MATERIAL PU;UN;42022210;18,00;0,00;0,00;4,50;45,00;81,00;810,00
Loja: 1 - NEWSHOP COMERCIO LTDA ( LOJA );Local: 15 - GALPÃO;16639;BM-F1124 PRATELEIRA ORGANIZADORA MULTIUSO COM RODIZIOS - 4 ANDARES -;UN;94032090;15,00;0,00;0,00;30,67;124,00;460,05;1860,00
Loja: 1 - NEWSHOP COMERCIO LTDA ( LOJA );Local: 15 - GALPÃO;16640;OI-0089 - CINZEIRO DE VIDRO;UN;70139900;13,00;0,00;0,00;3,73;10,00;48,49;130,00
Loja: 1 - NEWSHOP COMERCIO LTDA ( LOJA );Local: 15 - GALPÃO;16641;C-1086 BOLSA FESTA BRILHOSA;UN;42022210;15,00;0,00;0,00;4,00;43,00;60,00;645,00
Loja: 1 - NEWSHOP COMERCIO LTDA ( LOJA );Local: 15 - GALPÃO;16642;BM-F1060 GUARDA ROUPA PORTATIL PA-3A;UN;39249000;10,00;0,00;0,00;34,49;126,00;344,90;1260,00
Loja: 1 - NEWSHOP COMERCIO LTDA ( LOJA );Local: 15 - GALPÃO;16643;BM-F1148 ORGANIZADOR DE PIA SENDO PORTA UTENSILIOS COM DISPENSER DE SABAO;UN;39269090;91,00;0,00;0,00;9,93;40,50;903,63;3685,50
Loja: 1 - NEWSHOP COMERCIO LTDA ( LOJA );Local: 15 - GALPÃO;16645;C-432 BOLSA EM MATERIAL PU;UN;42022210;18,00;0,00;0,00;4,50;45,00;81,00;810,00
Loja: 1 - NEWSHOP COMERCIO LTDA ( LOJA );Local: 15 - GALPÃO;16646;YY19351-M BOLSA FEMININA;UN;42022210;8,00;0,00;0,00;25,74;139,00;205,92;1112,00
Loja: 1 - NEWSHOP COMERCIO LTDA ( LOJA );Local: 15 - GALPÃO;16647;BM-248 MICROFONE SEM FIO DC5V USB-5V OU BATERIA;UN;85181090;10,00;0,00;0,00;16,62;129,00;166,20;1290,00
Loja: 1 - NEWSHOP COMERCIO LTDA ( LOJA );Local: 15 - GALPÃO;16648;C-1085 BOLSA FESTA;UN;42022210;15,00;0,00;0,00;4,00;43,00;60,00;645,00
Loja: 1 - NEWSHOP COMERCIO LTDA ( LOJA );Local: 15 - GALPÃO;16651;YY19351-G BOLSA FEMININA;UN;42022210;6,00;0,00;0,00;42,90;199,00;257,40;1194,00
Loja: 1 - NEWSHOP COMERCIO LTDA ( LOJA );Local: 15 - GALPÃO;16653;OI-0082 -  AMASSADOR DE ALHO;UN;82055100;30,00;0,00;0,00;1,33;6,00;39,90;180,00
Loja: 1 - NEWSHOP COMERCIO LTDA ( LOJA );Local: 15 - GALPÃO;16660;C-1084 BOLSA FESTA;UN;42022210;15,00;0,00;0,00;4,00;43,00;60,00;645,00
Loja: 1 - NEWSHOP COMERCIO LTDA ( LOJA );Local: 15 - GALPÃO;16661;C1170 BOLSA EM MATERIAL PU;UN;42022210;18,00;0,00;0,00;4,50;45,00;81,00;810,00
Loja: 1 - NEWSHOP COMERCIO LTDA ( LOJA );Local: 15 - GALPÃO;16662;C824 CARTEIRA DE POLIURETANO;UN;42023200;42,00;0,00;0,00;1,00;10,50;42,00;441,00
Loja: 1 - NEWSHOP COMERCIO LTDA ( LOJA );Local: 15 - GALPÃO;16663;C1070 BOLSA FESTA;UN;42022210;15,00;0,00;0,00;4,00;43,00;60,00;645,00
Loja: 1 - NEWSHOP COMERCIO LTDA ( LOJA );Local: 15 - GALPÃO;16666;C818 CARTEIRA DE POLIURETANO;UN;42023200;42,00;0,00;0,00;1,00;10,50;42,00;441,00
Loja: 1 - NEWSHOP COMERCIO LTDA ( LOJA );Local: 15 - GALPÃO;16667;C825 CARTEIRA DE POLIURETANO;UN;42023200;30,00;0,00;0,00;1,00;10,50;30,00;315,00
Loja: 1 - NEWSHOP COMERCIO LTDA ( LOJA );Local: 15 - GALPÃO;16669;C822 CARTEIRA DE POLIURETANO;UN;42023200;30,00;0,00;0,00;1,00;10,50;30,00;315,00
Loja: 1 - NEWSHOP COMERCIO LTDA ( LOJA );Local: 15 - GALPÃO;16670;C1072 BOLSA FESTA;UN;42022210;15,00;0,00;0,00;4,00;45,00;60,00;675,00
Loja: 1 - NEWSHOP COMERCIO LTDA ( LOJA );Local: 15 - GALPÃO;16671;C1074 BOLSA FESTA;UN;42022210;15,00;0,00;0,00;4,00;43,00;60,00;645,00
Loja: 1 - NEWSHOP COMERCIO LTDA ( LOJA );Local: 15 - GALPÃO;16672;C1081 BOLSA FESTA;UN;42022210;15,00;0,00;0,00;4,00;43,00;60,00;645,00
Loja: 1 - NEWSHOP COMERCIO LTDA ( LOJA );Local: 15 - GALPÃO;16674;C1078 BOLSA FESTA;UN;42022210;15,00;0,00;0,00;4,00;43,00;60,00;645,00
Loja: 1 - NEWSHOP COMERCIO LTDA ( LOJA );Local: 15 - GALPÃO;16679;OI-0222 - SUPORTE DE POLYESTER PARA USO DOMESTICO;UN;63079090;30,00;0,00;0,00;0,87;8,00;26,10;240,00
Loja: 1 - NEWSHOP COMERCIO LTDA ( LOJA );Local: 15 - GALPÃO;16686;C1152 BOLSA EM MATERIAL PU;UN;42022210;15,00;0,00;0,00;5,70;61,00;85,50;915,00
Loja: 1 - NEWSHOP COMERCIO LTDA ( LOJA );Local: 15 - GALPÃO;16687;OI-0144 - PRATILEIRA DE ALUMINIO PARA BANHEIRO;UN;76151000;30,00;0,00;0,00;3,76;29,00;112,80;870,00
Loja: 1 - NEWSHOP COMERCIO LTDA ( LOJA );Local: 15 - GALPÃO;16694;OI-0410 - VARAL PARA TOALHA;UN;73239300;14,00;0,00;0,00;2,00;18,00;28,00;252,00
Loja: 1 - NEWSHOP COMERCIO LTDA ( LOJA );Local: 15 - GALPÃO;16697;C961 BOLSA EM MATERIAL PLASTICO;UN;42022210;12,00;0,00;0,00;2,90;33,50;34,80;402,00
Loja: 1 - NEWSHOP COMERCIO LTDA ( LOJA );Local: 15 - GALPÃO;16699;OIH-3207 BALANCA DIGITAL;UN;84231000;18,00;0,00;0,00;1,06;23,00;19,08;414,00
Loja: 1 - NEWSHOP COMERCIO LTDA ( LOJA );Local: 15 - GALPÃO;16703;OIA-8222 APONTADOR DE ELETRICO;UN;84729040;42,00;0,00;0,00;1,74;30,00;73,08;1260,00
Loja: 1 - NEWSHOP COMERCIO LTDA ( LOJA );Local: 15 - GALPÃO;16707;OI-0207 - CONJUNTO 7 LAMINAS DE UTENSILIO DE ACO INOX PARA COZINHA;UN;82119100;14,00;0,00;0,00;29,78;37,00;416,92;518,00
Loja: 1 - NEWSHOP COMERCIO LTDA ( LOJA );Local: 15 - GALPÃO;16712;C1167 BOLSA EM MATERIAL PU;UN;42022210;18,00;0,00;0,00;2,90;30,50;52,20;549,00
Loja: 1 - NEWSHOP COMERCIO LTDA ( LOJA );Local: 15 - GALPÃO;16714;C1097 PORTA MOEDA;UN;42023200;88,00;0,00;0,00;0,50;5,00;44,00;440,00
Loja: 1 - NEWSHOP COMERCIO LTDA ( LOJA );Local: 15 - GALPÃO;16717;C1079 BOLSA FESTA;UN;42022210;15,00;0,00;0,00;4,00;43,00;60,00;645,00
Loja: 1 - NEWSHOP COMERCIO LTDA ( LOJA );Local: 15 - GALPÃO;16721;C1082 BOLSA FESTA;UN;42022210;15,00;0,00;0,00;4,00;43,00;60,00;645,00
Loja: 1 - NEWSHOP COMERCIO LTDA ( LOJA );Local: 15 - GALPÃO;16723;C1076 BOLSA FESTA;UN;42022210;15,00;0,00;0,00;4,00;43,00;60,00;645,00
Loja: 1 - NEWSHOP COMERCIO LTDA ( LOJA );Local: 15 - GALPÃO;16724;OI-0122 ORGANIZADOR DE ROUPAS DE METAL;UN;73239900;30,00;0,00;0,00;1,00;126,00;30,00;3780,00
Loja: 1 - NEWSHOP COMERCIO LTDA ( LOJA );Local: 15 - GALPÃO;16726;C1087 BOLSA FESTA;UN;42022210;15,00;0,00;0,00;4,00;43,00;60,00;645,00
Loja: 1 - NEWSHOP COMERCIO LTDA ( LOJA );Local: 15 - GALPÃO;16727;C1075 BOLSA FESTA;UN;42022210;15,00;0,00;0,00;4,00;43,00;60,00;645,00
Loja: 1 - NEWSHOP COMERCIO LTDA ( LOJA );Local: 15 - GALPÃO;16737;C1073 BOLSA FESTA;UN;42022210;15,00;0,00;0,00;4,00;43,00;60,00;645,00
Loja: 1 - NEWSHOP COMERCIO LTDA ( LOJA );Local: 15 - GALPÃO;16740;C821 CARTEIRA DE POLIURETANO;UN;42023200;18,00;0,00;0,00;1,00;10,50;18,00;189,00
Loja: 1 - NEWSHOP COMERCIO LTDA ( LOJA );Local: 15 - GALPÃO;16742;OI-0066 - TABUA DE CORTE DE PLASTICO PARA COZINHA;UN;39241000;23,00;0,00;0,00;5,48;11,50;126,04;264,50
Loja: 1 - NEWSHOP COMERCIO LTDA ( LOJA );Local: 15 - GALPÃO;16746;OI-0406 - SUPORTE DE ACO INOX PARA USO DOMESTICO;UN;73239300;10,00;0,00;0,00;6,03;32,50;60,30;325,00
Loja: 1 - NEWSHOP COMERCIO LTDA ( LOJA );Local: 15 - GALPÃO;16749;OI-0409 - SUPORTE DE SECADOR;UN;73239300;20,00;0,00;0,00;3,55;16,00;71,00;320,00
Loja: 1 - NEWSHOP COMERCIO LTDA ( LOJA );Local: 15 - GALPÃO;16756;OI-0330 - ORGANIZADOR DE MAKE;UN;39249000;14,00;0,00;0,00;15,54;52,00;217,56;728,00
Loja: 1 - NEWSHOP COMERCIO LTDA ( LOJA );Local: 15 - GALPÃO;16762;OI-0345 - ROLO FITA  AUTOADESIVA;UN;39191090;10,00;0,00;0,00;0,94;6,00;9,40;60,00
Loja: 1 - NEWSHOP COMERCIO LTDA ( LOJA );Local: 15 - GALPÃO;16797;LLP-70258 EMBALAGEM SENDO CAIXA DE PRESENTE DE DIVERSAS CORES E FORMAS;UN;48194000;24,00;0,00;0,00;3,29;12,50;78,96;300,00
Loja: 1 - NEWSHOP COMERCIO LTDA ( LOJA );Local: 15 - GALPÃO;16799;BT-398 SACOLA PORTA-FERRAMENTAS - CONFECCIONADA EM MATERIAL SINTETICO;UN;42029200;20,00;0,00;0,00;1,17;94,00;23,40;1880,00
Loja: 1 - NEWSHOP COMERCIO LTDA ( LOJA );Local: 15 - GALPÃO;16800;BMG-60 SUPORTE DE PLASTICO PARA CELULAR (UNIVERSAL);UN;39269090;5,00;0,00;0,00;2,11;16,00;10,55;80,00
Loja: 1 - NEWSHOP COMERCIO LTDA ( LOJA );Local: 15 - GALPÃO;16801;LLP-70257 EMBALAGEM SENDO CAIXA DE PRESENTE DE DIVERSAS CORES E FORMAS;UN;48194000;23,00;0,00;0,00;4,48;16,50;103,04;379,50
Loja: 1 - NEWSHOP COMERCIO LTDA ( LOJA );Local: 15 - GALPÃO;16803;"LLP-70247-G CAIXA VERMELHA ""LOVE YOU"" DE TAMANHO GRANDE";UN;48194000;18,00;0,00;0,00;7,73;26,00;139,14;468,00
Loja: 1 - NEWSHOP COMERCIO LTDA ( LOJA );Local: 15 - GALPÃO;16807;BM-R813 RELOGIODE MESA COM DESPERTADOR ANALOGICO;UN;91051100;20,00;0,00;0,00;4,08;21,00;81,60;420,00
Loja: 1 - NEWSHOP COMERCIO LTDA ( LOJA );Local: 15 - GALPÃO;17594;TRC1048 BANDEJA RETANGULAR DE MADEIRA GRANDE;UN;44199000;12,00;0,00;0,00;10,64;29,00;127,68;348,00
Loja: 1 - NEWSHOP COMERCIO LTDA ( LOJA );Local: 15 - GALPÃO;17595;TRC0432 CORTADOR DE VEGETAIS 5 EM 1 7X20X5CM;UN;82055100;37,00;0,00;0,00;4,19;19,95;155,03;738,15
Loja: 1 - NEWSHOP COMERCIO LTDA ( LOJA );Local: 15 - GALPÃO;17597;TRC0494 PRATELEIRA ORGANIZADORA 57X345X56CM;UN;39249000;91,00;0,00;0,00;87,40;109,90;7953,40;10000,90
Loja: 1 - NEWSHOP COMERCIO LTDA ( LOJA );Local: 15 - GALPÃO;17598;OIF-7401 MUNHEQUEIRA ESPORTIVA DE COMPRESSAO:;UN;95069900;1,00;0,00;0,00;1,00;11,00;1,00;11,00
Loja: 1 - NEWSHOP COMERCIO LTDA ( LOJA );Local: 15 - GALPÃO;17599;662-32 BOLSA;UN;42029200;15,00;0,00;0,00;8,00;78,50;120,00;1177,50
Loja: 1 - NEWSHOP COMERCIO LTDA ( LOJA );Local: 15 - GALPÃO;17600;TRC1048 BANDEJA RETANGULAR DE MADEIRA MEDIO;UN;44199000;12,00;0,00;0,00;0,00;20,00;0,00;240,00
Loja: 1 - NEWSHOP COMERCIO LTDA ( LOJA );Local: 15 - GALPÃO;17603;OIF-7403 JOELHEIRA ESPORTIVA DE COMPRESSAO;UN;95069900;20,00;0,00;0,00;14,55;15,50;291,00;310,00
Loja: 1 - NEWSHOP COMERCIO LTDA ( LOJA );Local: 15 - GALPÃO;17605;TRC0603 UTENSILHO COZINHA 4 PC 3 COR - TOPCHEF;UN;82119210;30,00;0,00;0,00;4,46;16,00;133,80;480,00
Loja: 1 - NEWSHOP COMERCIO LTDA ( LOJA );Local: 15 - GALPÃO;17607;807-1 BOLSA;UN;42029200;15,00;0,00;0,00;5,00;78,50;75,00;1177,50
Loja: 1 - NEWSHOP COMERCIO LTDA ( LOJA );Local: 15 - GALPÃO;17608;TRC0520 BOLSA TERMICA 32X23X27CM 19L 4 CORES;UN;42022220;25,00;0,00;0,00;5,00;79,50;125,00;1987,50
Loja: 1 - NEWSHOP COMERCIO LTDA ( LOJA );Local: 15 - GALPÃO;17610;08826 BOLSA;UN;42029200;21,00;0,00;0,00;7,00;80,00;147,00;1680,00
Loja: 1 - NEWSHOP COMERCIO LTDA ( LOJA );Local: 15 - GALPÃO;17611;835 BOLSA;UN;42029200;7,00;0,00;0,00;17,00;85,00;119,00;595,00
Loja: 1 - NEWSHOP COMERCIO LTDA ( LOJA );Local: 15 - GALPÃO;17613;TRC6831 PRATELEIRA BANHEIRO 26X13CM;UN;39269090;3,00;0,00;0,00;7,44;27,00;22,32;81,00
Loja: 1 - NEWSHOP COMERCIO LTDA ( LOJA );Local: 15 - GALPÃO;17614;L8800-1 BOLSA;UN;42029200;14,00;0,00;0,00;16,00;80,00;224,00;1120,00
Loja: 1 - NEWSHOP COMERCIO LTDA ( LOJA );Local: 15 - GALPÃO;17616;TRC4542 TABUA PLASTICO CORTE 37X23CM- TOPCHEF;UN;39241000;72,00;0,00;0,00;1,81;12,50;130,32;900,00
Loja: 1 - NEWSHOP COMERCIO LTDA ( LOJA );Local: 15 - GALPÃO;17618;TRC7201 TABUA DE CARVALHO P/ CORTE 29.5X195X1CM;UN;44191100;3,00;0,00;0,00;3,76;13,50;11,28;40,50
Loja: 1 - NEWSHOP COMERCIO LTDA ( LOJA );Local: 15 - GALPÃO;17622;9928-1 BOLSAS;UN;42022900;21,00;0,00;0,00;7,00;81,50;147,00;1711,50
Loja: 1 - NEWSHOP COMERCIO LTDA ( LOJA );Local: 15 - GALPÃO;17623;TRC8860 FACA DE COZINHA 5 - TOPCHEF;UN;82119210;1,00;0,00;0,00;2,04;7,50;2,04;7,50
Loja: 1 - NEWSHOP COMERCIO LTDA ( LOJA );Local: 15 - GALPÃO;17624;TRC0269 ESCOVA P/ PET 19X5.3CM;UN;96039000;50,00;0,00;0,00;3,79;13,50;189,50;675,00
Loja: 1 - NEWSHOP COMERCIO LTDA ( LOJA );Local: 15 - GALPÃO;17625;TRC8870 FACA DE COZINHA 3.5  - TOPCHEF;UN;82119210;1,00;0,00;0,00;2,24;8,00;2,24;8,00
Loja: 1 - NEWSHOP COMERCIO LTDA ( LOJA );Local: 15 - GALPÃO;17630;8819 BOLSA;UN;42029200;21,00;0,00;0,00;5,00;88,00;105,00;1848,00
Loja: 1 - NEWSHOP COMERCIO LTDA ( LOJA );Local: 15 - GALPÃO;17631;TRC7001 ESCORREDOR PRATOS 34X34X36CM- TOPCHEF;UN;44191900;20,00;0,00;0,00;11,40;41,00;228,00;820,00
Loja: 1 - NEWSHOP COMERCIO LTDA ( LOJA );Local: 15 - GALPÃO;17636;6143 BOLSA DE OMBRO FEMININA TAMANHO PEQUENO MATERIAL 100% POLIEST;UN;42022210;25,00;0,00;0,00;19,52;0,00;488,00;0,00
Loja: 1 - NEWSHOP COMERCIO LTDA ( LOJA );Local: 15 - GALPÃO;17637;TRC8864 FACA DE COZINHA 9 - TOPCHEF;UN;82119210;5,00;0,00;0,00;2,65;9,50;13,25;47,50
Loja: 1 - NEWSHOP COMERCIO LTDA ( LOJA );Local: 15 - GALPÃO;17639;A877 ORGANIZADOR DE BANCADA 22*12.6*11 CM;UN;39249000;22,00;0,00;0,00;5,62;16,00;123,64;352,00
Loja: 1 - NEWSHOP COMERCIO LTDA ( LOJA );Local: 15 - GALPÃO;17640;YT2442 ORGANIZADOR PARA  PINCEIS DE MAQUIAGEM GIRATORIO 360  23.7*13CM;UN;39249000;12,00;0,00;0,00;7,67;41,00;92,04;492,00
Loja: 1 - NEWSHOP COMERCIO LTDA ( LOJA );Local: 15 - GALPÃO;17641;TRC7195 ESCORREDOR PRATOS 8 DIV. 39X13X11CM;UN;44199000;16,00;0,00;0,00;4,07;14,50;65,12;232,00
Loja: 1 - NEWSHOP COMERCIO LTDA ( LOJA );Local: 15 - GALPÃO;17644;TRC8861 FACA DE COZINHA 6- TOPCHEF;UN;82119210;5,00;0,00;0,00;2,33;8,50;11,65;42,50
Loja: 1 - NEWSHOP COMERCIO LTDA ( LOJA );Local: 15 - GALPÃO;17648;A882 ORGANIZADOR DE BANCADA 34*22*15.2;UN;39249000;40,00;0,00;0,00;8,95;48,00;358,00;1920,00
Loja: 1 - NEWSHOP COMERCIO LTDA ( LOJA );Local: 15 - GALPÃO;17650;YT2575 BOX FESTA: 8 COPOS 8 PRATOS 8 TIGELAS 8 GARFOS 8 COLHERES 8 FACAS;UN;39241000;31,00;0,00;0,00;7,50;75,00;232,50;2325,00
Loja: 1 - NEWSHOP COMERCIO LTDA ( LOJA );Local: 15 - GALPÃO;17651;TRC8863 FACA DE COZINHA 8 - TOPCHEF;UN;82119210;30,00;0,00;0,00;2,70;9,00;81,00;270,00
Loja: 1 - NEWSHOP COMERCIO LTDA ( LOJA );Local: 15 - GALPÃO;17652;TRC8862 FACA DE COZINHA 7 - TOPCHEF;UN;82119210;29,00;0,00;0,00;2,45;8,50;71,05;246,50
Loja: 1 - NEWSHOP COMERCIO LTDA ( LOJA );Local: 15 - GALPÃO;17653;YT2527 ORGANIZADOR DE GELADEIRA COM TAMPA E ALCA- 8 COMPARTIMENTOS;UN;39241000;63,00;0,00;0,00;9,20;49,00;579,60;3087,00
Loja: 1 - NEWSHOP COMERCIO LTDA ( LOJA );Local: 15 - GALPÃO;17659;TRC6875 CAIXA ORGANIZADORA MULTIUSO 60X45X25CM;UN;63079090;4,00;0,00;0,00;6,38;23,00;25,52;92,00
Loja: 1 - NEWSHOP COMERCIO LTDA ( LOJA );Local: 15 - GALPÃO;17661;TRC1045 CESTA RETAN DECOR PALHA 25.5X20X6.5CM;UN;46021900;2,00;0,00;0,00;4,49;19,00;8,98;38,00
Loja: 1 - NEWSHOP COMERCIO LTDA ( LOJA );Local: 15 - GALPÃO;17663;TRC0874 P BANDEJAS PARA COZINHA RETANGULAR PEQUENA;UN;39241000;48,00;0,00;0,00;0,00;28,00;0,00;1344,00
Loja: 1 - NEWSHOP COMERCIO LTDA ( LOJA );Local: 15 - GALPÃO;17664;TRC6874 CAIXA ORGANIZADORA MULTIUSO 65X50X30CM;UN;63079090;6,00;0,00;0,00;7,18;26,00;43,08;156,00
Loja: 1 - NEWSHOP COMERCIO LTDA ( LOJA );Local: 15 - GALPÃO;17665;TRC7835 ESTILETE 15X4CM;UN;82119390;6,00;0,00;0,00;0,61;2,00;3,66;12,00
Loja: 1 - NEWSHOP COMERCIO LTDA ( LOJA );Local: 15 - GALPÃO;17666;TRC0517 BOLSA TERMICA 22X15X16CM 5L 4 CORES;UN;42022220;52,00;0,00;0,00;10,20;36,50;530,40;1898,00
Loja: 1 - NEWSHOP COMERCIO LTDA ( LOJA );Local: 15 - GALPÃO;17667;TRC1050 CJ 4 SACOLAS POLIESTER REUITILIZAVEL;UN;42029200;7,00;0,00;0,00;22,00;22,00;154,00;154,00
Loja: 1 - NEWSHOP COMERCIO LTDA ( LOJA );Local: 15 - GALPÃO;17668;TRC0518 BOLSA TERMICA 22X15X24CM 8L 4 CORES;UN;42022220;60,00;0,00;0,00;5,00;44,50;300,00;2670,00
Loja: 1 - NEWSHOP COMERCIO LTDA ( LOJA );Local: 15 - GALPÃO;17669;I-12 FONE SEM FIO;UN;85183000;20,00;0,00;0,00;5,80;20,00;116,00;400,00
Loja: 1 - NEWSHOP COMERCIO LTDA ( LOJA );Local: 15 - GALPÃO;17670;TRC0873 G BANDEJA PARA COZINHA REDONDA GRANDE;UN;39241000;1,00;0,00;0,00;0,83;49,00;0,83;49,00
Loja: 1 - NEWSHOP COMERCIO LTDA ( LOJA );Local: 15 - GALPÃO;17671;TOP4980 KIT DE CHAVES ALLEN PONT BOLA LONGA 9PCS;UN;82041100;78,00;0,00;0,00;11,40;21,50;889,20;1677,00
Loja: 1 - NEWSHOP COMERCIO LTDA ( LOJA );Local: 15 - GALPÃO;17672;TOP5230 KIT ESCOVA DE ACO MANUAL CURTA 3PCS;UN;96035000;4,00;0,00;0,00;1,90;7,00;7,60;28,00
Loja: 1 - NEWSHOP COMERCIO LTDA ( LOJA );Local: 15 - GALPÃO;17673;TOP5321 KIT DE BROCAS P/METAL ACO RAPIDO C5PCS;UN;82075019;50,00;0,00;0,00;5,60;20,00;280,00;1000,00
Loja: 1 - NEWSHOP COMERCIO LTDA ( LOJA );Local: 15 - GALPÃO;17674;I-11 FONE SEM FIO;UN;85183000;50,00;0,00;0,00;5,80;17,50;290,00;875,00
Loja: 1 - NEWSHOP COMERCIO LTDA ( LOJA );Local: 15 - GALPÃO;17675;TOP5346 FITA ISOLANTE 19MMX20M;UN;39191090;3,00;0,00;0,00;1,67;6,00;5,01;18,00
Loja: 1 - NEWSHOP COMERCIO LTDA ( LOJA );Local: 15 - GALPÃO;17676;TY2586 SAPATEIRA COBERTA EM TECIDO 58*30*158 CM;UN;94032090;16,00;0,00;0,00;15,86;87,50;253,76;1400,00
Loja: 1 - NEWSHOP COMERCIO LTDA ( LOJA );Local: 15 - GALPÃO;17677;TOP5319 KIT DE BROCAS COMB MAD.CONCRET E MET 9PC;UN;82075019;88,00;0,00;0,00;6,00;21,50;528,00;1892,00
Loja: 1 - NEWSHOP COMERCIO LTDA ( LOJA );Local: 15 - GALPÃO;17678;TOP5652 LUVA MULT COURO BOV E TEC TAM U;UN;62160000;16,00;0,00;0,00;3,80;13,50;60,80;216,00
Loja: 1 - NEWSHOP COMERCIO LTDA ( LOJA );Local: 15 - GALPÃO;17682;TRC0874 M BANDEJAS PARA COZINHA RETANGULAR MEDIO;UN;39241000;24,00;0,00;0,00;0,00;38,00;0,00;912,00
Loja: 1 - NEWSHOP COMERCIO LTDA ( LOJA );Local: 15 - GALPÃO;17683;YT2449 ORGANIZADOR DE COSMETICOS E MAQUIAGEM;UN;39249000;93,00;0,00;0,00;15,62;58,45;1452,66;5435,85
Loja: 1 - NEWSHOP COMERCIO LTDA ( LOJA );Local: 15 - GALPÃO;17687;TRC0873 M BANDEJA PARA COZINHA REDONDA MEDIO;UN;39241000;73,00;0,00;0,00;0,00;38,00;0,00;2774,00
Loja: 1 - NEWSHOP COMERCIO LTDA ( LOJA );Local: 15 - GALPÃO;17688;YT2573 ORGANIZADOR GIRATORIO 25.5*6.5CM;UN;39249000;86,00;0,00;0,00;6,90;37,00;593,40;3182,00
Loja: 1 - NEWSHOP COMERCIO LTDA ( LOJA );Local: 15 - GALPÃO;17690;YT2493 PRATELEIRA DE CANTO ADESIVA  30*21*6CM;UN;39269090;24,00;0,00;0,00;3,69;19,00;88,56;456,00
Loja: 1 - NEWSHOP COMERCIO LTDA ( LOJA );Local: 15 - GALPÃO;17691;YT2494 SUPORTE MULTIUSO 2 ANDARES;UN;39269090;16,00;0,00;0,00;5,27;30,00;84,32;480,00
Loja: 1 - NEWSHOP COMERCIO LTDA ( LOJA );Local: 15 - GALPÃO;17694;YT2500 ORGANIZADOR MULTIUSO 2 ANDARES GIRATORIO;UN;39269090;49,00;0,00;0,00;5,80;30,00;284,20;1470,00
Loja: 1 - NEWSHOP COMERCIO LTDA ( LOJA );Local: 15 - GALPÃO;17695;TRC1047 G  BANDEJAS DECORATIVAS DE PALHAS PRA COZINHA GRANDE;UN;46021900;48,00;0,00;0,00;15,20;49,00;729,60;2352,00
Loja: 1 - NEWSHOP COMERCIO LTDA ( LOJA );Local: 15 - GALPÃO;17696;A850 ORGANIZADOR DE COSMETICOS C/ 4 GAVETAS;UN;39249000;47,00;0,00;0,00;1,00;54,50;47,00;2561,50
Loja: 1 - NEWSHOP COMERCIO LTDA ( LOJA );Local: 15 - GALPÃO;17698;TRC1047 M  BANDEJAS DECORATIVAS DE PALHAS PRA COZINHA MEDIO;UN;46021900;24,00;0,00;0,00;0,00;38,00;0,00;912,00
Loja: 1 - NEWSHOP COMERCIO LTDA ( LOJA );Local: 15 - GALPÃO;17701;TRC1047 P  BANDEJAS DECORATIVAS DE PALHAS PRA COZINHA PEQUENO;UN;46021900;24,00;0,00;0,00;0,00;28,00;0,00;672,00
Loja: 1 - NEWSHOP COMERCIO LTDA ( LOJA );Local: 15 - GALPÃO;17702;YT2484 PRATELEIRA DE CANTO EM L TRANSPARENTE 26*21*6.5CM;UN;39269090;3,00;0,00;0,00;0,03;19,00;0,09;57,00
Loja: 1 - NEWSHOP COMERCIO LTDA ( LOJA );Local: 15 - GALPÃO;17703;YT2158 CEPO UNIVERSAL - SUPORTE PARA GUARDAR FACAS;UN;73239900;3,00;0,00;0,00;9,20;49,00;27,60;147,00
Loja: 1 - NEWSHOP COMERCIO LTDA ( LOJA );Local: 15 - GALPÃO;17711;TRC0593 LIXEIRA INTELIGENTE 19X23X30 USB RECARRE;UN;39249000;31,00;0,00;0,00;25,50;92,00;790,50;2852,00
Loja: 1 - NEWSHOP COMERCIO LTDA ( LOJA );Local: 15 - GALPÃO;17712;A854 ORGANIZADOR DE COSMETICOS GIRATORIO 3 ANDARES;UN;39249000;5,00;0,00;0,00;10,99;59,00;54,95;295,00
Loja: 1 - NEWSHOP COMERCIO LTDA ( LOJA );Local: 15 - GALPÃO;17716;YT2546 ORGANIZADOR DE GELADEIRA COM TAMPA E ALCA- 3 COMPARTIMENTOS;UN;39241000;34,00;0,00;0,00;5,90;59,00;200,60;2006,00
Loja: 1 - NEWSHOP COMERCIO LTDA ( LOJA );Local: 15 - GALPÃO;17718;A851 ORGANIZADOR DE COSMETICOS C/ 5 GAVETAS;UN;39249000;25,00;0,00;0,00;10,22;54,50;255,50;1362,50
Loja: 1 - NEWSHOP COMERCIO LTDA ( LOJA );Local: 15 - GALPÃO;17719;YT2544 SECADORA DE ALIMENTOS MULTIUSO C/ 9 FUNCOES 235*14CM;UN;39241000;95,00;0,00;0,00;16,87;63,35;1602,65;6018,25
Loja: 1 - NEWSHOP COMERCIO LTDA ( LOJA );Local: 15 - GALPÃO;17723;YT2136 SUPORTE PARA TV ARTICULADO 14 - 42;UN;73269090;3,00;0,00;0,00;1,00;49,00;3,00;147,00
Loja: 1 - NEWSHOP COMERCIO LTDA ( LOJA );Local: 15 - GALPÃO;17726;YT2554 PRATELEIRA COM PORTA TOALHA DE ACRÍLICO;UN;39269090;1,00;0,00;0,00;3,80;23,50;3,80;23,50
Loja: 1 - NEWSHOP COMERCIO LTDA ( LOJA );Local: 15 - GALPÃO;17728;YT2578 KIT FESTA: 10 PRATOS DE SOBREMESA;UN;39241000;36,00;0,00;0,00;1,00;16,50;36,00;594,00
Loja: 1 - NEWSHOP COMERCIO LTDA ( LOJA );Local: 15 - GALPÃO;17731;YT2524 PORTA PINCEIS GIRATORIO;UN;39249000;60,00;0,00;0,00;4,35;23,50;261,00;1410,00
Loja: 1 - NEWSHOP COMERCIO LTDA ( LOJA );Local: 15 - GALPÃO;17734;TOP6273 ESGUICHO PISTOLA P MANG REGULAVEL;UN;84248229;35,00;0,00;0,00;4,37;15,00;152,95;525,00
Loja: 1 - NEWSHOP COMERCIO LTDA ( LOJA );Local: 15 - GALPÃO;17735;YT2496 SUPORTE DE ESCOVA DE DENTES;UN;39249000;25,00;0,00;0,00;1,43;7,50;35,75;187,50
Loja: 1 - NEWSHOP COMERCIO LTDA ( LOJA );Local: 15 - GALPÃO;17736;YT2304 SUPORTE PARA ESCOVAS DE DENTE EM ACO INOX P;UN;73249000;1,00;0,00;0,00;3,07;11,90;3,07;11,90
Loja: 1 - NEWSHOP COMERCIO LTDA ( LOJA );Local: 15 - GALPÃO;17737;CAD10002 CADERNO C/ DISCOS PERSONALIZAVEL TAMANHO A5- 100FLS MASCULINO 145*21CM;UN;48202000;49,00;0,00;0,00;8,15;31,00;399,35;1519,00
Loja: 1 - NEWSHOP COMERCIO LTDA ( LOJA );Local: 15 - GALPÃO;17738;YT2147 SUPORTE PARA TV INCLINAVEL 15 - 42;UN;73269090;2,00;0,00;0,00;1,00;28,50;2,00;57,00
Loja: 1 - NEWSHOP COMERCIO LTDA ( LOJA );Local: 15 - GALPÃO;17742;OIF 7630 POLTRONA INFLAVEL ESTILO PUFF;UN;94018000;11,00;0,00;0,00;65,10;117,00;716,10;1287,00
Loja: 1 - NEWSHOP COMERCIO LTDA ( LOJA );Local: 15 - GALPÃO;17743;YT2488 SUPORTE MULTIUSO 2 ANDARES 21*28*14CM;UN;39249000;49,00;0,00;0,00;4,60;24,50;225,40;1200,50
Loja: 1 - NEWSHOP COMERCIO LTDA ( LOJA );Local: 15 - GALPÃO;17744;OIH 2703 CONJUNTO DE UTENSILIOS;UN;82055100;1,00;0,00;0,00;2,76;20,00;2,76;20,00
Loja: 1 - NEWSHOP COMERCIO LTDA ( LOJA );Local: 15 - GALPÃO;17745;YT2459 ORGANIZADOR DE GAVETAS PARA FACAS 2 CAMADAS 39.5*11*5.5CM;UN;39249000;40,00;0,00;0,00;3,58;19,00;143,20;760,00
Loja: 1 - NEWSHOP COMERCIO LTDA ( LOJA );Local: 15 - GALPÃO;17746;YT2547 ORGANIZADOR DE GELADEIRA COM TAMPA E ALCA- 2 COMPARTIMENTOS;UN;39241000;17,00;0,00;0,00;10,99;59,00;186,83;1003,00
Loja: 1 - NEWSHOP COMERCIO LTDA ( LOJA );Local: 15 - GALPÃO;17747;OIH-5402 LIXADOR DE PE ELETRICA;UN;85098090;19,00;0,00;0,00;1,28;23,00;24,32;437,00
Loja: 1 - NEWSHOP COMERCIO LTDA ( LOJA );Local: 15 - GALPÃO;17748;YT2529 ORGANIZADOR DE GELADEIRA COM TAMPA E ALCA- 4 COMPARTIMENTOS;UN;39241000;26,00;0,00;0,00;10,99;59,00;285,74;1534,00
Loja: 1 - NEWSHOP COMERCIO LTDA ( LOJA );Local: 15 - GALPÃO;17752;A885 ORGANIZADOR COM ESPELHO DE GATINHO 40*20*14 CM;UN;39249000;72,00;0,00;0,00;20,87;39,50;1502,64;2844,00
Loja: 1 - NEWSHOP COMERCIO LTDA ( LOJA );Local: 15 - GALPÃO;17754;YT2523B ESCORREDOR DE PRATOS 31*25*34CM BRANCO;UN;73239900;12,00;0,00;0,00;7,41;41,00;88,92;492,00
Loja: 1 - NEWSHOP COMERCIO LTDA ( LOJA );Local: 15 - GALPÃO;17759;YT2489 SUPORTE MULTIUSO 2 ANDARES 24*31.5*16CM;UN;39249000;45,00;0,00;0,00;5,62;30,00;252,90;1350,00
Loja: 1 - NEWSHOP COMERCIO LTDA ( LOJA );Local: 15 - GALPÃO;17761;YT2422 ORGANIZADOR DE COZINHA - ESCORREDOR DE LOUCAS EXTENSIVEL 7 DIVISORIAS;UN;39241000;51,00;0,00;0,00;6,39;34,00;325,89;1734,00
Loja: 1 - NEWSHOP COMERCIO LTDA ( LOJA );Local: 15 - GALPÃO;17762;A039-5 BOLSA;UN;42029200;11,00;0,00;0,00;1,17;80,00;12,87;880,00
Loja: 1 - NEWSHOP COMERCIO LTDA ( LOJA );Local: 15 - GALPÃO;17768;YT2450 ORGANIZADOR DE COSMETICOS E MAQUIAGEM DE PAREDE ADESIVO 38*27*10.5CM;UN;39249000;65,00;0,00;0,00;13,66;51,50;887,90;3347,50
Loja: 1 - NEWSHOP COMERCIO LTDA ( LOJA );Local: 15 - GALPÃO;17770;YT2560 ESCORREDOR DE PIA AJUSTAVEL 1 ANDAR - FECHADO;UN;73239900;6,00;0,00;0,00;94,57;506,00;567,42;3036,00
Loja: 1 - NEWSHOP COMERCIO LTDA ( LOJA );Local: 15 - GALPÃO;17771;YT2533 ESCORREDOR DE LOUCA DE PIA - 1 ANDAR COM TAMPA 85CM;UN;73239900;8,00;0,00;0,00;66,45;355,00;531,60;2840,00
Loja: 1 - NEWSHOP COMERCIO LTDA ( LOJA );Local: 15 - GALPÃO;17772;3423 ORGANIZADOR;UN;42029200;52,00;0,00;0,00;1,60;13,00;83,20;676,00
Loja: 1 - NEWSHOP COMERCIO LTDA ( LOJA );Local: 15 - GALPÃO;17774;MM9158 MOCHILA JUVENIL 16 - 41*30.5*14 CM;UN;42029200;-4,00;0,00;0,00;4,74;25,50;-18,96;-102,00
Loja: 1 - NEWSHOP COMERCIO LTDA ( LOJA );Local: 15 - GALPÃO;17775;EST12042 ESTOJO JUVENIL 23*11.5*6.5;UN;42029200;26,00;0,00;0,00;5,53;30,00;143,78;780,00
Loja: 1 - NEWSHOP COMERCIO LTDA ( LOJA );Local: 15 - GALPÃO;17776;3422 ORGANIZADOR;UN;42029200;67,00;0,00;0,00;1,17;11,50;78,39;770,50
Loja: 1 - NEWSHOP COMERCIO LTDA ( LOJA );Local: 15 - GALPÃO;17777;3420 ORGANIZADOR;UN;42029200;63,00;0,00;0,00;1,17;14,50;73,71;913,50
Loja: 1 - NEWSHOP COMERCIO LTDA ( LOJA );Local: 15 - GALPÃO;17779;3417 ORGANIZADOR;UN;42029200;16,00;0,00;0,00;1,17;39,00;18,72;624,00
Loja: 1 - NEWSHOP COMERCIO LTDA ( LOJA );Local: 15 - GALPÃO;17780;***TELA DE PROJ  RETRATIL 200X150 GT2;UN;90106000;1,00;0,00;0,00;299,00;0,00;299,00;0,00
Loja: 1 - NEWSHOP COMERCIO LTDA ( LOJA );Local: 15 - GALPÃO;17789;MF8211-EST ESTOJO QUADRADO  22*15*6 CM;UN;42029200;-47,00;0,00;0,00;7,36;40,00;-345,92;-1880,00
Loja: 1 - NEWSHOP COMERCIO LTDA ( LOJA );Local: 15 - GALPÃO;17793;MF8213-EST ESTOJO QUADRADO  22*15*6 CM;UN;42029200;-34,00;0,00;0,00;6,32;34,00;-214,88;-1156,00
Loja: 1 - NEWSHOP COMERCIO LTDA ( LOJA );Local: 15 - GALPÃO;18145;KM1430 MOCHILA;UN;42022900;-100,00;0,00;0,00;5,00;64,00;-500,00;-6400,00
Loja: 1 - NEWSHOP COMERCIO LTDA ( LOJA );Local: 15 - GALPÃO;18161;2861-3 BOLSA;UN;42022900;-36,00;0,00;0,00;4,65;81,50;-167,40;-2934,00
Loja: 1 - NEWSHOP COMERCIO LTDA ( LOJA );Local: 15 - GALPÃO;18960;CW2105 - MINI CORTADOR DE UNHA PARA MATERIAL DE AOCROMO;UN;82142000;-18600,00;0,00;0,00;0,70;16,00;-13020,00;-297600,00
Loja: 1 - NEWSHOP COMERCIO LTDA ( LOJA );Local: 15 - GALPÃO;19186;AD1044 - PLACA EM MATERIAL PLSTICO AUTO ADESIVO;UN;39189000;-144,00;0,00;0,00;4,65;89,90;-669,60;-12945,60
Loja: 1 - NEWSHOP COMERCIO LTDA ( LOJA );Local: 15 - GALPÃO;19279;LH392 XICARA DE VIDRO C/ BORDA DOURADA 180ML CX:72;UN;70134900;-54,00;0,00;0,00;1,85;10,00;-99,90;-540,00
Loja: 1 - NEWSHOP COMERCIO LTDA ( LOJA );Local: 15 - GALPÃO;19361;MS5662 - PORTA JOIAS COM A SUPERFCIE;UN;42029200;-18941,00;0,00;0,00;12,00;12,00;-227292,00;-227292,00
Loja: 1 - NEWSHOP COMERCIO LTDA ( LOJA );Local: 15 - GALPÃO;19451;8837 BOLSA FEMININA;UN;42023200;10,00;0,00;0,00;4,73;80,00;47,30;800,00
Loja: 1 - NEWSHOP COMERCIO LTDA ( LOJA );Local: 15 - GALPÃO;19607;OF006 BRINQUEDO;UN;39249000;-59,00;0,00;0,00;0,00;14,50;0,00;-855,50
Loja: 1 - NEWSHOP COMERCIO LTDA ( LOJA );Local: 15 - GALPÃO;19671;LU-BJB-238 LIVRO DE PAPEL PARA COLORIR;UN;49030000;-240,00;0,00;0,00;3,20;25,00;-768,00;-6000,00
Loja: 1 - NEWSHOP COMERCIO LTDA ( LOJA );Local: 15 - GALPÃO;19675;NF1579 LU-MKB(80) - APMA - CH-006 - CANETA HIDROGRAFICA -120 CORES;UN;96082000;-90,00;0,00;0,00;16,00;0,00;-1440,00;0,00
Loja: 1 - NEWSHOP COMERCIO LTDA ( LOJA );Local: 15 - GALPÃO;19754;TOP1932 POTE VIDRO C  TPA BAMBU REDONDO 8.5X18CM - 860ML;UN;70134900;-9,00;0,00;0,00;8,66;17,50;-77,94;-157,50
Loja: 1 - NEWSHOP COMERCIO LTDA ( LOJA );Local: 15 - GALPÃO;20117;TP8031 TAPETE EMBORRACHADO PARA PISOS MEDINDO 38 X 58 CM;UN;40169990;-10,00;0,00;0,00;2,12;15,00;-21,20;-150,00
Loja: 1 - NEWSHOP COMERCIO LTDA ( LOJA );Local: 15 - GALPÃO;20161;MF8205-E ESTOJO QUADRADO  22*15*6 CM;UN;42029200;-52,00;0,00;0,00;7,09;339,00;-368,68;-17628,00
Loja: 1 - NEWSHOP COMERCIO LTDA ( LOJA );Local: 15 - GALPÃO;20177;MF8213-C MOCHILA JUVENIL FEMININA /ESTOJO/MINI BOLSA;UN;42029200;-1,00;0,00;0,00;43,66;339,00;-43,66;-339,00
Loja: 1 - NEWSHOP COMERCIO LTDA ( LOJA );Local: 15 - GALPÃO;20178;MF8213-E ESTOJO QUADRADO  22*15*6 CM;UN;42029200;-20,00;0,00;0,00;0,92;339,00;-18,40;-6780,00
Loja: 1 - NEWSHOP COMERCIO LTDA ( LOJA );Local: 15 - GALPÃO;20187;MF8208-L LANCHEIRA TIPO MOCHILA  JUVENIL FEMININA 26*195*12CM;UN;42029200;-10,00;0,00;0,00;1,17;279,00;-11,70;-2790,00
Loja: 1 - NEWSHOP COMERCIO LTDA ( LOJA );Local: 15 - GALPÃO;21242;OI-0574 - ORGANIZADOR DE METAL;UN;73239900;30,00;0,00;0,00;29,00;105,00;870,00;3150,00
Loja: 1 - NEWSHOP COMERCIO LTDA ( LOJA );Local: 15 - GALPÃO;21578;GDR1488 TREM MUSICAL;UN;95030091;-73,00;0,00;0,00;10,64;96,00;-776,72;-7008,00
Loja: 1 - NEWSHOP COMERCIO LTDA ( LOJA );Local: 15 - GALPÃO;21588;W505 CHINELO PLATAFORMA EVA;UN;64029990;-35,00;0,00;0,00;11,71;56,00;-409,85;-1960,00
Loja: 1 - NEWSHOP COMERCIO LTDA ( LOJA );Local: 15 - GALPÃO;21670;W817 CHINELO PLATAFORMA EVA;UN;64029990;-35,00;0,00;0,00;10,73;44,00;-375,55;-1540,00
Loja: 1 - NEWSHOP COMERCIO LTDA ( LOJA );Local: 15 - GALPÃO;21677;W822 CHINELO NUVEM EVA;UN;64029990;-13,00;0,00;0,00;25,00;50,00;-325,00;-650,00
Loja: 1 - NEWSHOP COMERCIO LTDA ( LOJA );Local: 15 - GALPÃO;21682;W825 CHINELO PLATAFORMA EVA;UN;64029990;-20,00;0,00;0,00;11,71;50,00;-234,20;-1000,00
Loja: 1 - NEWSHOP COMERCIO LTDA ( LOJA );Local: 15 - GALPÃO;22135;BOM-2249 REGISTRO PARA MAQUINA DE LAVAR;UN;84818019;1,00;0,00;0,00;1,00;18,50;1,00;18,50
Loja: 1 - NEWSHOP COMERCIO LTDA ( LOJA );Local: 15 - GALPÃO;22149;BOM-5570 GRAMPO TIPO U 12MM PARA GRAMPEADOR - 1000;UN;83052000;70,00;0,00;0,00;1,91;6,50;133,70;455,00
Loja: 1 - NEWSHOP COMERCIO LTDA ( LOJA );Local: 15 - GALPÃO;22151;BOM-7721 MALETA ORGANIZADORA COM 23 DIVISORIAS;UN;39269090;8,00;0,00;0,00;36,20;65,00;289,60;520,00
Loja: 1 - NEWSHOP COMERCIO LTDA ( LOJA );Local: 15 - GALPÃO;22153;BOM-9670 FURADEIRA/PARAFUSADEIRA ELETRICA - 220V;UN;84672992;5,00;0,00;0,00;15,48;133,00;77,40;665,00
Loja: 1 - NEWSHOP COMERCIO LTDA ( LOJA );Local: 15 - GALPÃO;22154;LE 2005 PAINEL DE LED;UN;85312000;5,00;0,00;0,00;3,14;58,50;15,70;292,50
Loja: 1 - NEWSHOP COMERCIO LTDA ( LOJA );Local: 15 - GALPÃO;22155;BLL90229 BOLSA;UN;42022220;20,00;0,00;0,00;5,00;120,00;100,00;2400,00
Loja: 1 - NEWSHOP COMERCIO LTDA ( LOJA );Local: 15 - GALPÃO;22156;BL20617 MOCHILA;UN;62061000;13,00;0,00;0,00;35,00;61,00;455,00;793,00
Loja: 1 - NEWSHOP COMERCIO LTDA ( LOJA );Local: 15 - GALPÃO;22158;KH30165 BOLSA FEMININA;UN;42022220;6,00;0,00;0,00;65,00;104,00;390,00;624,00
Loja: 1 - NEWSHOP COMERCIO LTDA ( LOJA );Local: 15 - GALPÃO;22160;"CA20209 BANDEJA RETANGULAR FEITO EM PS MDF E ACRILICO; 23*33*4CM";UN;39249000;24,00;0,00;0,00;24,96;47,50;599,04;1140,00
Loja: 1 - NEWSHOP COMERCIO LTDA ( LOJA );Local: 15 - GALPÃO;22162;10774 CADERNO PEQUENO DINOUSSAURO 80 FOLHAS;UN;48202000;3,00;0,00;0,00;3,00;15,00;9,00;45,00
Loja: 1 - NEWSHOP COMERCIO LTDA ( LOJA );Local: 15 - GALPÃO;22166;BM21375 MOCHILA TOY STORY;UN;62061000;15,00;0,00;0,00;35,00;56,00;525,00;840,00
Loja: 1 - NEWSHOP COMERCIO LTDA ( LOJA );Local: 15 - GALPÃO;22167;BM21377 MOCHILA;UN;62061000;30,00;0,00;0,00;33,00;53,00;990,00;1590,00
Loja: 1 - NEWSHOP COMERCIO LTDA ( LOJA );Local: 15 - GALPÃO;22169;KH30167 BOLSA;UN;42022220;19,00;0,00;0,00;5,00;72,00;95,00;1368,00
Loja: 1 - NEWSHOP COMERCIO LTDA ( LOJA );Local: 15 - GALPÃO;22170;KH30168 BOLSA;UN;42022220;22,00;0,00;0,00;5,00;77,00;110,00;1694,00
Loja: 1 - NEWSHOP COMERCIO LTDA ( LOJA );Local: 15 - GALPÃO;22171;KH30169 BOLSA;UN;42022220;20,00;0,00;0,00;5,00;77,00;100,00;1540,00
Loja: 1 - NEWSHOP COMERCIO LTDA ( LOJA );Local: 15 - GALPÃO;22172;MN50033 MOCHILA;UN;62061000;14,00;0,00;0,00;35,00;83,00;490,00;1162,00
Loja: 1 - NEWSHOP COMERCIO LTDA ( LOJA );Local: 15 - GALPÃO;22173;MN50048 MOCHILA;UN;62061000;30,00;0,00;0,00;35,00;56,00;1050,00;1680,00
Loja: 1 - NEWSHOP COMERCIO LTDA ( LOJA );Local: 15 - GALPÃO;22174;MN50049 MOCHILA CAPÍVARA COM 5 BOTTONS E ADESIVO;UN;62061000;15,00;0,00;0,00;38,00;61,00;570,00;915,00
Loja: 1 - NEWSHOP COMERCIO LTDA ( LOJA );Local: 15 - GALPÃO;22186;5919-SF BOLSA;UN;42022220;13,00;0,00;0,00;5,00;57,50;65,00;747,50
Loja: 1 - NEWSHOP COMERCIO LTDA ( LOJA );Local: 15 - GALPÃO;22189;AL55047 ABAJUR BIVOLT 40W EM 30% FERRO 30% VIDRO 25% PVC E 15%;UN;94052900;12,00;0,00;0,00;20,54;71,00;246,48;852,00
Loja: 1 - NEWSHOP COMERCIO LTDA ( LOJA );Local: 15 - GALPÃO;22203;"CA09900 JOGO AMERICANO; TAMANHO: 45X30CM";UN;39249000;2,00;0,00;0,00;1,99;8,00;3,98;16,00
Loja: 1 - NEWSHOP COMERCIO LTDA ( LOJA );Local: 15 - GALPÃO;22206;"CA20080 BANDEJA RETANGULAR COM ALCA; TAMANHO: 40X20X4CM";UN;44199000;12,00;0,00;0,00;12,09;46,00;145,08;552,00
Loja: 1 - NEWSHOP COMERCIO LTDA ( LOJA );Local: 15 - GALPÃO;22210;CA20086 CESTO ORGANIZADOR G;UN;39249000;6,00;0,00;0,00;0,85;26,00;5,10;156,00
Loja: 1 - NEWSHOP COMERCIO LTDA ( LOJA );Local: 15 - GALPÃO;22214;CA20183 BANDEJA RETANGULAR MATERIAL: MDF VIDRO SODOCALCICO E PAPEL;UN;44199000;12,00;0,00;0,00;21,06;40,00;252,72;480,00
Loja: 1 - NEWSHOP COMERCIO LTDA ( LOJA );Local: 15 - GALPÃO;22216;CA20186 BANDEJA RETANGULAR MATERIAL: MDF VIDRO SODOCALCICO E PAPEL;UN;44199000;11,00;0,00;0,00;16,38;31,00;180,18;341,00
Loja: 1 - NEWSHOP COMERCIO LTDA ( LOJA );Local: 15 - GALPÃO;22223;"CA20210 BANDEJA RETANGULAR FEITO EM PS E ACRILICO; 41*28*4CM";UN;39249000;6,00;0,00;0,00;14,95;53,50;89,70;321,00
Loja: 1 - NEWSHOP COMERCIO LTDA ( LOJA );Local: 15 - GALPÃO;22227;"CA20211 BANDEJA RETANGULAR FEITO EM PS E ACRILICO; 23*33*4CM";UN;39249000;24,00;0,00;0,00;21,84;41,50;524,16;996,00
Loja: 1 - NEWSHOP COMERCIO LTDA ( LOJA );Local: 15 - GALPÃO;22229;"CA20214 BANDEJA RETANGULAR FEITO EM PS E ACRILICO; 20*30CM";UN;39249000;24,00;0,00;0,00;14,82;28,00;355,68;672,00
Loja: 1 - NEWSHOP COMERCIO LTDA ( LOJA );Local: 15 - GALPÃO;22234;CX041 DESCANSO DE PANELA  EM BAMBU 165*165CM;UN;44191900;20,00;0,00;0,00;1,64;6,50;32,80;130,00
Loja: 1 - NEWSHOP COMERCIO LTDA ( LOJA );Local: 15 - GALPÃO;22235;CX122 PETISQUEIRA DE MADEIRA MDF COM 5 DIVISORIAS 30X30X13CM;UN;44199000;36,00;0,00;0,00;7,64;17,00;275,04;612,00
Loja: 1 - NEWSHOP COMERCIO LTDA ( LOJA );Local: 15 - GALPÃO;22237;CX125 PETISQUEIRA DE MADEIRA MDF COM 3 DIVISORIAS 24X34X13CM;UN;44199000;88,00;0,00;0,00;7,64;17,00;672,32;1496,00
Loja: 1 - NEWSHOP COMERCIO LTDA ( LOJA );Local: 15 - GALPÃO;22238;CX126 PETISQUEIRA DE MADEIRA MDF COM 5 DIVISORIAS 24X34X13CM;UN;44199000;88,00;0,00;0,00;3,82;16,50;336,16;1452,00
Loja: 1 - NEWSHOP COMERCIO LTDA ( LOJA );Local: 15 - GALPÃO;22247;BLL8878 BOLSA;UN;42022220;24,00;0,00;0,00;40,00;64,00;960,00;1536,00
Loja: 1 - NEWSHOP COMERCIO LTDA ( LOJA );Local: 15 - GALPÃO;22248;10380 CADERNO SISS;UN;48202000;8,00;0,00;0,00;4,94;10,00;39,52;80,00
Loja: 1 - NEWSHOP COMERCIO LTDA ( LOJA );Local: 15 - GALPÃO;22253;10355 CARTOGRAFIA E DESENHO;UN;48202000;4,00;0,00;0,00;3,00;15,00;12,00;60,00
Loja: 1 - NEWSHOP COMERCIO LTDA ( LOJA );Local: 15 - GALPÃO;22255;10415 CARDENO DE ANOTAÇÕES;UN;48202000;7,00;0,00;0,00;2,00;10,00;14,00;70,00
Loja: 1 - NEWSHOP COMERCIO LTDA ( LOJA );Local: 15 - GALPÃO;22265;"CX181 CONJUNTO COM 3 BANDEJAS REDONDAS EM  MDF; MEDIDAS: 195CM 235CM E 30CM";UN;44199000;24,00;0,00;0,00;6,44;24,50;154,56;588,00
Loja: 1 - NEWSHOP COMERCIO LTDA ( LOJA );Local: 15 - GALPÃO;22267;"CX194 BANDEJA RETANGULAR PLANA EM  BAMBU + MDF; 33X22X35CM";UN;44191900;24,00;0,00;0,00;16,38;31,00;393,12;744,00
Loja: 1 - NEWSHOP COMERCIO LTDA ( LOJA );Local: 15 - GALPÃO;22271;D0259 FORMA DE GELO PALITO MEDIDA 19X10.5CM;UN;39241000;60,00;0,00;0,00;5,22;9,50;313,20;570,00
Loja: 1 - NEWSHOP COMERCIO LTDA ( LOJA );Local: 15 - GALPÃO;22273;D0311 POTE DE VIDRO - GRANDE;UN;73239300;18,00;0,00;0,00;8,04;30,00;144,72;540,00
Loja: 1 - NEWSHOP COMERCIO LTDA ( LOJA );Local: 15 - GALPÃO;22279;D1220 POTE DE VIDRO 4 PECAS 8X8X6CM;UN;70134900;36,00;0,00;0,00;8,74;17,00;314,64;612,00
Loja: 1 - NEWSHOP COMERCIO LTDA ( LOJA );Local: 15 - GALPÃO;22280;D1304 PROCESSADOR DE ALIMENTOS ELETRICO VERMELHO 17X85X12CM;UN;82100090;30,00;0,00;0,00;7,11;52,50;213,30;1575,00
Loja: 1 - NEWSHOP COMERCIO LTDA ( LOJA );Local: 15 - GALPÃO;22300;D1682 COQUETELEIRA PROFISSIONAL 750ML;UN;73239300;24,00;0,00;0,00;1,86;37,50;44,64;900,00
Loja: 1 - NEWSHOP COMERCIO LTDA ( LOJA );Local: 15 - GALPÃO;22302;D1728 LATA DE METAL 11.2X8.1X19.5CM;UN;73239400;24,00;0,00;0,00;1,00;28,00;24,00;672,00
Loja: 1 - NEWSHOP COMERCIO LTDA ( LOJA );Local: 15 - GALPÃO;22318;SP50108 P BOLSA DE PRAIA PEQUENO;UN;42022220;24,00;0,00;0,00;30,00;59,00;720,00;1416,00
Loja: 1 - NEWSHOP COMERCIO LTDA ( LOJA );Local: 15 - GALPÃO;22342;XL24104 - CESTA EM INOX - 28 CM;UN;73239300;25,00;0,00;0,00;2,28;13,50;57,00;337,50
Loja: 1 - NEWSHOP COMERCIO LTDA ( LOJA );Local: 15 - GALPÃO;22352;XL24134 DESCASCADOR PARA LEGUMES;UN;82055100;3,00;0,00;0,00;1,90;11,00;5,70;33,00
Loja: 1 - NEWSHOP COMERCIO LTDA ( LOJA );Local: 15 - GALPÃO;22355;XL24137 BATEDOR DE CLARA - 273CM;UN;82055100;36,00;0,00;0,00;1,00;14,00;36,00;504,00
Loja: 1 - NEWSHOP COMERCIO LTDA ( LOJA );Local: 15 - GALPÃO;22357;XL24093 PEGADOR DE MASSAS - 29 CM;UN;82159910;60,00;0,00;0,00;1,41;8,00;84,60;480,00
Loja: 1 - NEWSHOP COMERCIO LTDA ( LOJA );Local: 15 - GALPÃO;22358;XL24184 FACA 12';UN;82119210;12,00;0,00;0,00;24,43;41,50;293,16;498,00
Loja: 1 - NEWSHOP COMERCIO LTDA ( LOJA );Local: 15 - GALPÃO;22361;XL24120 CESTA COZIMENTO A VAPOR 16X40CM;UN;73239300;6,00;0,00;0,00;12,43;25,00;74,58;150,00
Loja: 1 - NEWSHOP COMERCIO LTDA ( LOJA );Local: 15 - GALPÃO;22366;XL24047 CONJUNTO DE TALHERES 25 PCS;UN;82152000;8,00;0,00;0,00;5,33;32,50;42,64;260,00
Loja: 1 - NEWSHOP COMERCIO LTDA ( LOJA );Local: 15 - GALPÃO;22369;XL24087 AMASSADOR DE BATATAS - 24CM;UN;82055100;84,00;0,00;0,00;1,00;8,00;84,00;672,00
Loja: 1 - NEWSHOP COMERCIO LTDA ( LOJA );Local: 15 - GALPÃO;22370;XL24139 ESPATULA CURVA 25'';UN;82159910;26,00;0,00;0,00;2,35;13,50;61,10;351,00
Loja: 1 - NEWSHOP COMERCIO LTDA ( LOJA );Local: 15 - GALPÃO;22371;XL24168 CONJUNTO PARA CHURRCONJUNTO CONJUNTO PARA CHURRASCO 3 PCS;UN;82152000;24,00;0,00;0,00;4,74;27,50;113,76;660,00
Loja: 1 - NEWSHOP COMERCIO LTDA ( LOJA );Local: 15 - GALPÃO;22375;XL24135 PLAINA DE QUEIJO 202CM;UN;82055100;24,00;0,00;0,00;2,57;15,00;61,68;360,00
Loja: 1 - NEWSHOP COMERCIO LTDA ( LOJA );Local: 15 - GALPÃO;22376;XL24140 ESPATULA CURVA 3'' - 257CM;UN;82159910;12,00;0,00;0,00;2,49;14,50;29,88;174,00
Loja: 1 - NEWSHOP COMERCIO LTDA ( LOJA );Local: 15 - GALPÃO;22377;XL24178 - CUTELO 8' - 333CM;UN;82119210;48,00;0,00;0,00;16,00;30,00;768,00;1440,00
Loja: 1 - NEWSHOP COMERCIO LTDA ( LOJA );Local: 15 - GALPÃO;22378;XL24058 CONJUNTO DE TALHERES 25 PCS - VERMELHO;UN;82152000;8,00;0,00;0,00;5,33;32,50;42,64;260,00
Loja: 1 - NEWSHOP COMERCIO LTDA ( LOJA );Local: 15 - GALPÃO;22379;XL24182 FACA 8';UN;82119210;12,00;0,00;0,00;16,40;28,00;196,80;336,00
Loja: 1 - NEWSHOP COMERCIO LTDA ( LOJA );Local: 15 - GALPÃO;22381;XL24142 ESPATULA RETA 5'';UN;82159910;48,00;0,00;0,00;2,56;15,00;122,88;720,00
Loja: 1 - NEWSHOP COMERCIO LTDA ( LOJA );Local: 15 - GALPÃO;22382;XL24130 FECHADOR DE PASTEL;UN;82055100;3,00;0,00;0,00;7,44;15,00;22,32;45,00
Loja: 1 - NEWSHOP COMERCIO LTDA ( LOJA );Local: 15 - GALPÃO;22383;XL24179 FACA 6.5;UN;82119210;12,00;0,00;0,00;13,01;22,00;156,12;264,00
Loja: 1 - NEWSHOP COMERCIO LTDA ( LOJA );Local: 15 - GALPÃO;22388;LEF-1018 - FONE DE OUVIDO SEM FIO COM BLUETOOTH;UN;85183000;10,00;0,00;0,00;33,25;60,00;332,50;600,00
Loja: 1 - NEWSHOP COMERCIO LTDA ( LOJA );Local: 15 - GALPÃO;22390;XL24091 PLAINA DE QUEIJO - 235CM;UN;82055100;24,00;0,00;0,00;3,82;7,50;91,68;180,00
Loja: 1 - NEWSHOP COMERCIO LTDA ( LOJA );Local: 15 - GALPÃO;22394;XL24001 CONJUNTO DE TALHERES 24 PCS EM INOX;UN;82152000;6,00;0,00;0,00;28,98;167,00;173,88;1002,00
Loja: 1 - NEWSHOP COMERCIO LTDA ( LOJA );Local: 15 - GALPÃO;22401;XL24116 PENEIRA 16CM;UN;96040000;1,00;0,00;0,00;1,22;7,00;1,22;7,00
Loja: 1 - NEWSHOP COMERCIO LTDA ( LOJA );Local: 15 - GALPÃO;22402;XL24081 - COLHER GRANDE - 25CM;UN;82159910;36,00;0,00;0,00;1,21;7,00;43,56;252,00
Loja: 1 - NEWSHOP COMERCIO LTDA ( LOJA );Local: 15 - GALPÃO;22403;XL24117 PENEIRA 18CM;UN;96040000;1,00;0,00;0,00;1,54;9,00;1,54;9,00
Loja: 1 - NEWSHOP COMERCIO LTDA ( LOJA );Local: 15 - GALPÃO;22408;XL24119 CESTA COZIMENTO A VAPOR 14CM;UN;73239300;2,00;0,00;0,00;7,91;16,00;15,82;32,00
Loja: 1 - NEWSHOP COMERCIO LTDA ( LOJA );Local: 15 - GALPÃO;22412;XL24122 ABRIDOR DE LATAS E GARRAFAS;UN;82055100;70,00;0,00;0,00;1,00;3,00;70,00;210,00
Loja: 1 - NEWSHOP COMERCIO LTDA ( LOJA );Local: 15 - GALPÃO;22422;XL24141 ESPATULA RETA - 24CM;UN;82159910;46,00;0,00;0,00;2,42;14,00;111,32;644,00
Loja: 1 - NEWSHOP COMERCIO LTDA ( LOJA );Local: 15 - GALPÃO;22423;XL24136 CORTADOR DE PIZZA - 19CM;UN;82055100;25,00;0,00;0,00;2,53;14,50;63,25;362,50
Loja: 1 - NEWSHOP COMERCIO LTDA ( LOJA );Local: 15 - GALPÃO;22427;XL24147 - RALADOR 4 FACES - 247 CM;UN;82055100;37,00;0,00;0,00;3,45;20,00;127,65;740,00
Loja: 1 - NEWSHOP COMERCIO LTDA ( LOJA );Local: 15 - GALPÃO;22437;OIH-2029 FRIGIDEIRA ANTIADERENTE 3 DIVISORIAS;UN;73239900;9,00;0,00;0,00;34,41;62,00;309,69;558,00
Loja: 1 - NEWSHOP COMERCIO LTDA ( LOJA );Local: 15 - GALPÃO;22441;OIH-2031 FRIGIDEIRA ANTIADERENTE 3 DIVISORIAS;UN;73239900;3,00;0,00;0,00;1,00;90,00;3,00;270,00
Loja: 1 - NEWSHOP COMERCIO LTDA ( LOJA );Local: 15 - GALPÃO;22442;OIH-2021 FRIGIDEIRA GRILL ANTIADERENTE;UN;73239900;24,00;0,00;0,00;1,00;49,90;24,00;1197,60
Loja: 1 - NEWSHOP COMERCIO LTDA ( LOJA );Local: 15 - GALPÃO;22446;OIH-7302 ASSENTO ESTOFADO PARA EXERCICIOS;UN;94017100;2,00;0,00;0,00;305,04;499,00;610,08;998,00
Loja: 1 - NEWSHOP COMERCIO LTDA ( LOJA );Local: 15 - GALPÃO;22450;XL24057 ESPATULA PARA MANTEIGA  6 PECAS COR VERMELHO;UN;82159910;20,00;0,00;0,00;3,58;7,00;71,60;140,00
Loja: 1 - NEWSHOP COMERCIO LTDA ( LOJA );Local: 15 - GALPÃO;22455;XL24043 GARFO DE MESA COR PRETO 6 PECAS;UN;82159910;6,00;0,00;0,00;1,50;8,50;9,00;51,00
Loja: 1 - NEWSHOP COMERCIO LTDA ( LOJA );Local: 15 - GALPÃO;22456;XL24029 GARFO DE MESA 6 PECAS - INOX;UN;82159910;80,00;0,00;0,00;1,00;16,50;80,00;1320,00
Loja: 1 - NEWSHOP COMERCIO LTDA ( LOJA );Local: 15 - GALPÃO;22496;XL24041 ESPATULA PARA MANTEIGA COR PRETO;UN;82159910;-10,00;0,00;0,00;0,62;1,00;-6,20;-10,00
Loja: 1 - NEWSHOP COMERCIO LTDA ( LOJA );Local: 15 - GALPÃO;22772;HO-20821-3 BOLSA FEMININA TAMANHO: PEQUENO;UN;42022210;-60,00;0,00;0,00;0,00;69,00;0,00;-4140,00
Loja: 1 - NEWSHOP COMERCIO LTDA ( LOJA );Local: 15 - GALPÃO;23117;C1192 BOLSA;UN;42022210;-19,00;0,00;0,00;5,80;61,00;-110,20;-1159,00
Loja: 1 - NEWSHOP COMERCIO LTDA ( LOJA );Local: 15 - GALPÃO;23152;PUXE E RESOLVA - MULTIPLICACAO E DIVISAO;UN;49019900;-26,00;0,00;0,00;4,28;23,00;-111,28;-598,00
Loja: 1 - NEWSHOP COMERCIO LTDA ( LOJA );Local: 15 - GALPÃO;23275;AP1202 APONTADOR PLÁSTICO REDONDO - POTE 100UN;UN;82141000;-23271,00;0,00;0,00;0,71;0,80;-16522,41;-18616,80
Loja: 1 - NEWSHOP COMERCIO LTDA ( LOJA );Local: 15 - GALPÃO;23277;AP1203 APONTADOR PLÁSTICO RETANGULAR;UN;82141000;6,00;0,00;0,00;0,63;0,80;3,78;4,80
Loja: 1 - NEWSHOP COMERCIO LTDA ( LOJA );Local: 15 - GALPÃO;24067;FJ90515 APARADOR DE LOUCAS 60 POLIESTER 40 ESPONJA CX96;UN;63071000;70,00;0,00;0,00;1,00;9,50;70,00;665,00
Loja: 1 - NEWSHOP COMERCIO LTDA ( LOJA );Local: 15 - GALPÃO;24907;LX-19 MOCHILA;UN;42029200;20,00;0,00;0,00;20,00;0,00;400,00;0,00
Loja: 1 - NEWSHOP COMERCIO LTDA ( LOJA );Local: 15 - GALPÃO;25093;PISO VINÍLICO 92X17X6CM;UN;39189000;-100,00;0,00;0,00;1,27;5,99;-127,00;-599,00
Loja: 1 - NEWSHOP COMERCIO LTDA ( LOJA );Local: 15 - GALPÃO;25223;826 BOLSA FEMININA EM POLIESTER;UN;42022220;-30,00;0,00;0,00;6,50;70,00;-195,00;-2100,00
Loja: 1 - NEWSHOP COMERCIO LTDA ( LOJA );Local: 15 - GALPÃO;25388;YH-5513 BOLSA FEMININA;UN;42022220;-1,00;0,00;0,00;5,00;55,50;-5,00;-55,50
Loja: 1 - NEWSHOP COMERCIO LTDA ( LOJA );Local: 15 - GALPÃO;25480;YH-5505 BOLSA FEMININA;UN;42022210;-5,00;0,00;0,00;14,32;57,50;-71,60;-287,50
Loja: 1 - NEWSHOP COMERCIO LTDA ( LOJA );Local: 15 - GALPÃO;25488;YH-5516 BOLSA FEMININA;UN;42022210;-5,00;0,00;0,00;15,12;60,50;-75,60;-302,50
Loja: 1 - NEWSHOP COMERCIO LTDA ( LOJA );Local: 15 - GALPÃO;25506;166P ALMOFADA DE PESCOÇO;UN;94018000;200,00;0,00;0,00;6,97;59,00;1394,00;11800,00
Loja: 1 - NEWSHOP COMERCIO LTDA ( LOJA );Local: 15 - GALPÃO;25537;FU-A2 - BICICLETA MODELO: FU-A2 ANO/MODELO: 2025 TIPO;UN;87116000;-1,00;0,00;0,00;2267,41;5990,00;-2267,41;-5990,00
Loja: 1 - NEWSHOP COMERCIO LTDA ( LOJA );Local: 15 - GALPÃO;25694;JF113 BOLSA FEMININA;UN;42022220;-7,00;0,00;0,00;15,00;83,00;-105,00;-581,00
Loja: 1 - NEWSHOP COMERCIO LTDA ( LOJA );Local: 15 - GALPÃO;26348;IXB03293 PENEIRA INOX 12CM;UN;96040000;-30,00;0,00;0,00;2,77;12,50;-83,10;-375,00
Loja: 1 - NEWSHOP COMERCIO LTDA ( LOJA );Local: 15 - GALPÃO;26717;POT041 PORTA CONDIMENTOS COM COLHER CAT 300ML;UN;39241000;24,00;0,00;0,00;8,58;17,00;205,92;408,00
Loja: 1 - NEWSHOP COMERCIO LTDA ( LOJA );Local: 15 - GALPÃO;26928;BRAVE - RELOGIO NF445;UN;91021220;200,00;0,00;0,00;7,88;7,88;1576,00;1576,00
Loja: 1 - NEWSHOP COMERCIO LTDA ( LOJA );Local: 15 - GALPÃO;26934;RELÓGIO INTELIGENTE;UN;91021220;-940,00;0,00;0,00;6,67;6,67;-6269,80;-6269,80
Loja: 1 - NEWSHOP COMERCIO LTDA ( LOJA );Local: 15 - GALPÃO;27284;YH-5506 BOLSA FEMININA;UN;42022210;-9,00;0,00;0,00;15,52;62,00;-139,68;-558,00
Loja: 1 - NEWSHOP COMERCIO LTDA ( LOJA );Local: 15 - GALPÃO;27318;KA-5597 BOLSA FEMININA;UN;42022210;-5,00;0,00;0,00;11,52;46,00;-57,60;-230,00
Loja: 1 - NEWSHOP COMERCIO LTDA ( LOJA );Local: 15 - GALPÃO;27330;ZR-5655 BOLSA FEMININA;UN;42022210;-2,00;0,00;0,00;8,00;62,00;-16,00;-124,00
Loja: 1 - NEWSHOP COMERCIO LTDA ( LOJA );Local: 15 - GALPÃO;27374;W820 CHINELO NUVEM EVA - FEM;UN;64029990;-35,00;0,00;0,00;9,26;36,00;-324,10;-1260,00
Loja: 1 - NEWSHOP COMERCIO LTDA ( LOJA );Local: 15 - GALPÃO;27377;W821 CHINELO PLATAFORMA EVA - FEM;UN;64029990;-11,00;0,00;0,00;25,00;50,00;-275,00;-550,00
Loja: 1 - NEWSHOP COMERCIO LTDA ( LOJA );Local: 15 - GALPÃO;27591;MF8201 MOCHILA JUVENIL FEMININA 45*32*15CM;UN;42029200;-2,00;0,00;0,00;16,32;92,00;-32,64;-184,00
Loja: 1 - NEWSHOP COMERCIO LTDA ( LOJA );Local: 15 - GALPÃO;27603;MF8215 MOCHILA JUVENIL FEMININA 45*37*15CM;UN;42029200;-2,00;0,00;0,00;16,32;92,00;-32,64;-184,00
Loja: 1 - NEWSHOP COMERCIO LTDA ( LOJA );Local: 15 - GALPÃO;27638;MF8210-EST ESTOJO QUADRADO  22*15*6 CM;UN;42029200;-12,00;0,00;0,00;7,89;44,50;-94,68;-534,00
Loja: 1 - NEWSHOP COMERCIO LTDA ( LOJA );Local: 15 - GALPÃO;27705;MF8223-18 MOCHILA JUVENIL FEMININA 45*32*15CM;UN;42029200;-24,00;0,00;0,00;17,36;99,00;-416,64;-2376,00
Loja: 1 - NEWSHOP COMERCIO LTDA ( LOJA );Local: 15 - GALPÃO;27768;MM9193-18 MOCHILA JUVENIL MASCULINA 50*33*18CM;UN;42029200;-2,00;0,00;0,00;19,99;112,00;-39,98;-224,00
Loja: 1 - NEWSHOP COMERCIO LTDA ( LOJA );Local: 15 - GALPÃO;27770;MF8231 MOCHILA JUVENIL FEMININA 18  (KIT COM 2 PECAS);UN;42029200;-2,00;0,00;0,00;19,99;112,00;-39,98;-224,00
Loja: 1 - NEWSHOP COMERCIO LTDA ( LOJA );Local: 15 - GALPÃO;27772;MM9193-EST ESTOJO JUVENIL MASCULINA 22*15*5CM;UN;42029200;-48,00;0,00;0,00;6,57;37,00;-315,36;-1776,00
Loja: 1 - NEWSHOP COMERCIO LTDA ( LOJA );Local: 15 - GALPÃO;27789;MM9172 MOCHILA JUVENIL MASCULINA 42*32*15CM;UN;42029200;-2,00;0,00;0,00;15,78;89,00;-31,56;-178,00
Loja: 1 - NEWSHOP COMERCIO LTDA ( LOJA );Local: 15 - GALPÃO;28308;MF8206 CONJUNTO DE BOLSA ( BOLSA LANCHEIRA E ESTOJO);UN;42029200;-99,00;0,00;0,00;1,17;0,00;-115,83;0,00
Loja: 1 - NEWSHOP COMERCIO LTDA ( LOJA );Local: 15 - GALPÃO;28309;MF8209 CONJUNTO DE BOLSA ( BOLSA ESTOJO E LANCHEIRA);UN;42029200;-80,00;0,00;0,00;1,17;0,00;-93,60;0,00
Loja: 1 - NEWSHOP COMERCIO LTDA ( LOJA );Local: 15 - GALPÃO;28310;MF8211 CONJUNTO DE BOLSA ( BOLSA ESTOJO E LANCHEIRA);UN;42029200;-80,00;0,00;0,00;0,92;0,00;-73,60;0,00
Loja: 1 - NEWSHOP COMERCIO LTDA ( LOJA );Local: 15 - GALPÃO;28311;MF8221 CONJUNTO DE BOLSA ( BOLSA LANCHEIRA E ESTOJO);UN;42029200;-90,00;0,00;0,00;0,92;0,00;-82,80;0,00
Loja: 1 - NEWSHOP COMERCIO LTDA ( LOJA );Local: 15 - GALPÃO;28312;MF8219 CONJUNTO DE BOLSA (BOLSA LANCHEIRA E ESTOJO);UN;42029200;-120,00;0,00;0,00;0,92;0,00;-110,40;0,00
Loja: 1 - NEWSHOP COMERCIO LTDA ( LOJA );Local: 15 - GALPÃO;28314;MF8222 CONJUNTO DE BOLSA (BOLSA ESTOJO E LANCHEIRA);UN;42029200;-156,00;0,00;0,00;1,17;0,00;-182,52;0,00
Loja: 1 - NEWSHOP COMERCIO LTDA ( LOJA );Local: 15 - GALPÃO;28315;MF8223 CONJUNTO DE BOLSA ( BOLSA ESTOJO E LANCHEIRA);UN;42029200;-61,00;0,00;0,00;1,17;0,00;-71,37;0,00
Loja: 1 - NEWSHOP COMERCIO LTDA ( LOJA );Local: 15 - GALPÃO;28316;MF8224 CONJUNTO DE BOLSAS ( BOLSA ESTOJO E LANCHEIRA);UN;42029200;-112,00;0,00;0,00;0,92;0,00;-103,04;0,00
Loja: 1 - NEWSHOP COMERCIO LTDA ( LOJA );Local: 15 - GALPÃO;28317;MF8225 CONJUNTO DE BOLSAS ( BOLSA ESTOJO E LANCHEIRA);UN;42029200;-68,00;0,00;0,00;0,92;0,00;-62,56;0,00
Loja: 1 - NEWSHOP COMERCIO LTDA ( LOJA );Local: 15 - GALPÃO;28318;MF8226 CONJUNTO DE BOLSAS ( BOLSA ESTOJO E LANCHEIRA);UN;42029200;-148,00;0,00;0,00;1,17;0,00;-173,16;0,00
Loja: 1 - NEWSHOP COMERCIO LTDA ( LOJA );Local: 15 - GALPÃO;28335;MF8227 CONJUNTO DE BOLSA ( BOLSA  LANCHEIRA E ESTOJO);UN;42029200;-192,00;0,00;0,00;1,17;0,00;-224,64;0,00
Loja: 1 - NEWSHOP COMERCIO LTDA ( LOJA );Local: 15 - GALPÃO;28336;MF8228 CONJYNTO DE BOLSA ( BOLSA LANCHEIRA E ESTOJO);UN;42029200;-48,00;0,00;0,00;1,17;0,00;-56,16;0,00
Loja: 1 - NEWSHOP COMERCIO LTDA ( LOJA );Local: 15 - GALPÃO;28338;MF8230- CONJUNTO DE BOLSA ( BOLSA LANCHEIRA E ESTOJO);UN;42029200;-90,00;0,00;0,00;1,17;0,00;-105,30;0,00
Loja: 1 - NEWSHOP COMERCIO LTDA ( LOJA );Local: 15 - GALPÃO;28340;MM9185 CONJUNTO DE BOLSA ( BOLSA LANCHEIRA E ESTOJO);UN;42029200;-48,00;0,00;0,00;1,17;1,00;-56,16;-48,00
Loja: 1 - NEWSHOP COMERCIO LTDA ( LOJA );Local: 15 - GALPÃO;28342;MM9187 CONJUNTO DE BOLSA (BOLSA LANCHEIRA E ESTOJO);UN;42029200;-32,00;0,00;0,00;1,17;1,00;-37,44;-32,00
Loja: 1 - NEWSHOP COMERCIO LTDA ( LOJA );Local: 15 - GALPÃO;28347;MF8190 CONJUNTO DE BOLSA ( BOLSA LANCHEIRA E ESTOJO );UN;42029200;-30,00;0,00;0,00;0,92;11,00;-27,60;-330,00
Loja: 1 - NEWSHOP COMERCIO LTDA ( LOJA );Local: 15 - GALPÃO;28349;MF8212 CONJUNTO DE BOLSAS ( BOLSA ESTOJO E LANCHEIRA);UN;42029200;-120,00;0,00;0,00;1,17;0,00;-140,40;0,00
Loja: 1 - NEWSHOP COMERCIO LTDA ( LOJA );Local: 15 - GALPÃO;28418;MF8210-C KIT MOCHILA JUVENIL FEMININA CARRINHO 2 RODAS 3UN;UN;42029200;-21,00;0,00;0,00;1,17;319,00;-24,57;-6699,00
Loja: 1 - NEWSHOP COMERCIO LTDA ( LOJA );Local: 15 - GALPÃO;28420;MF8210-L LANCHEIRA TIPO MOCHILA  JUVENIL FEMININA 26*195*12CM;UN;42029200;-20,00;0,00;0,00;0,92;0,00;-18,40;0,00
Loja: 1 - NEWSHOP COMERCIO LTDA ( LOJA );Local: 15 - GALPÃO;28434;MM9188-C KIT MOCHILA JUVENIL MASCULINA CARRINHO 2 3UN;UN;42029200;-42,00;0,00;0,00;28,09;259,00;-1179,78;-10878,00
Loja: 1 - NEWSHOP COMERCIO LTDA ( LOJA );Local: 15 - GALPÃO;28718;TOP2031 - KIT POTE VIDRO C5 - 1 50ML1 690ML1 970ML1 1.17L1 2.05L;UN;70134900;4,00;0,00;0,00;1,21;129,00;4,84;516,00
Loja: 1 - NEWSHOP COMERCIO LTDA ( LOJA );Local: 15 - GALPÃO;28719;HBCA11829 BRINCO DE METAL;UN;71171900;27,00;0,00;0,00;1,99;13,00;53,73;351,00
Loja: 1 - NEWSHOP COMERCIO LTDA ( LOJA );Local: 15 - GALPÃO;28721;TOP2034 - POTE VIDRO C  FUNDO QUADRADO E TPA BAMBU 750ML;UN;70134900;1,00;0,00;0,00;4,47;21,50;4,47;21,50
Loja: 1 - NEWSHOP COMERCIO LTDA ( LOJA );Local: 15 - GALPÃO;28722;IBBA11556 BRINCO DE METAL;UN;71179000;25,00;0,00;0,00;0,93;9,00;23,25;225,00
Loja: 1 - NEWSHOP COMERCIO LTDA ( LOJA );Local: 15 - GALPÃO;28724;IBCA11359 BRINCO DE METAL;UN;71179000;6,00;0,00;0,00;4,50;11,00;27,00;66,00
Loja: 1 - NEWSHOP COMERCIO LTDA ( LOJA );Local: 15 - GALPÃO;28726;IBCA21805 BRINCO COM PEDRARIA;UN;71171900;9,00;0,00;0,00;2,55;15,00;22,95;135,00
Loja: 1 - NEWSHOP COMERCIO LTDA ( LOJA );Local: 15 - GALPÃO;28727;IBDA31008 BRINCO DE METAL;UN;71171900;1,00;0,00;0,00;9,35;18,50;9,35;18,50
Loja: 1 - NEWSHOP COMERCIO LTDA ( LOJA );Local: 15 - GALPÃO;28728;TOP2212 - VASO CIMENTO C  FLOR ARTIFICIAL 13.8X13.8X17.5CM;UN;68118900;2,00;0,00;0,00;7,72;36,50;15,44;73,00
Loja: 1 - NEWSHOP COMERCIO LTDA ( LOJA );Local: 15 - GALPÃO;28729;ICBA31143 COLAR;UN;71171900;4,00;0,00;0,00;3,61;14,00;14,44;56,00
Loja: 1 - NEWSHOP COMERCIO LTDA ( LOJA );Local: 15 - GALPÃO;28731;TOP2214 - VASO CIMENTO C/ FLOR ARTIFICIAL 9X9X16.5CM;UN;68118900;6,00;0,00;0,00;6,21;29,50;37,26;177,00
Loja: 1 - NEWSHOP COMERCIO LTDA ( LOJA );Local: 15 - GALPÃO;28733;KCCA21904 COLAR DE METAL;UN;71171900;1,00;0,00;0,00;8,50;16,50;8,50;16,50
Loja: 1 - NEWSHOP COMERCIO LTDA ( LOJA );Local: 15 - GALPÃO;28734;ICBA31834 COLAR DE METAL;UN;71171900;4,00;0,00;0,00;4,04;16,00;16,16;64,00
Loja: 1 - NEWSHOP COMERCIO LTDA ( LOJA );Local: 15 - GALPÃO;28737;ICCA21234 COLAR DE METAL 12 PCS POR DUZIA;UN;71171900;4,00;0,00;0,00;3,61;14,00;14,44;56,00
Loja: 1 - NEWSHOP COMERCIO LTDA ( LOJA );Local: 15 - GALPÃO;28739;ICCA21527 COLAR;UN;71171900;1,00;0,00;0,00;7,65;15,00;7,65;15,00
Loja: 1 - NEWSHOP COMERCIO LTDA ( LOJA );Local: 15 - GALPÃO;28741;JBCA21348 TRIO DE ARGOLINHAS;UN;71171900;25,00;0,00;0,00;1,53;15,00;38,25;375,00
Loja: 1 - NEWSHOP COMERCIO LTDA ( LOJA );Local: 15 - GALPÃO;28743;JCCA11230 COLAR 12 PCS POR DUZIA;UN;71171900;4,00;0,00;0,00;2,97;11,50;11,88;46,00
Loja: 1 - NEWSHOP COMERCIO LTDA ( LOJA );Local: 15 - GALPÃO;28745;JPCA51503 PULSEIRA DE METAL 12 CTL POR DUZIA;UN;71179000;1,00;0,00;0,00;14,02;24,00;14,02;24,00
Loja: 1 - NEWSHOP COMERCIO LTDA ( LOJA );Local: 15 - GALPÃO;28746;KBBA28480 BRINCO DE BORBOLETA;UN;71171900;1,00;0,00;0,00;5,95;11,50;5,95;11,50
Loja: 1 - NEWSHOP COMERCIO LTDA ( LOJA );Local: 15 - GALPÃO;28747;KBCA28009 BRINCO DE METAL;UN;71171900;1,00;0,00;0,00;6,63;13,00;6,63;13,00
Loja: 1 - NEWSHOP COMERCIO LTDA ( LOJA );Local: 15 - GALPÃO;28749;KBDA22823 BRINCO DE METAL 12 PCS POR DUZIA;UN;71179000;8,00;0,00;0,00;4,48;17,50;35,84;140,00
Loja: 1 - NEWSHOP COMERCIO LTDA ( LOJA );Local: 15 - GALPÃO;28754;LBBA48942 BRINCO DE METAL 12 PCS POR DUZIA;UN;71171900;1,00;0,00;0,00;9,18;18,00;9,18;18,00
Loja: 1 - NEWSHOP COMERCIO LTDA ( LOJA );Local: 15 - GALPÃO;28762;KCDA62347CA COLAR E BRINCO DE METAL12 PCS POR DUZIA;UN;71171900;1,00;0,00;0,00;14,45;25,00;14,45;25,00
Loja: 1 - NEWSHOP COMERCIO LTDA ( LOJA );Local: 15 - GALPÃO;28763;TOP2421 - PORTA RETRATO C/MOLDURA 10X15CM;UN;39264000;28,00;0,00;0,00;0,65;10,00;18,20;280,00
Loja: 1 - NEWSHOP COMERCIO LTDA ( LOJA );Local: 15 - GALPÃO;28764;KGAF15308 PIRANHA DE PLASTICO;UN;96151900;4,00;0,00;0,00;1,55;6,50;6,20;26,00
Loja: 1 - NEWSHOP COMERCIO LTDA ( LOJA );Local: 15 - GALPÃO;28767;KGAF25206 PIRANHA DE PLASTICO 12 CTL POR DUZIA;UN;96151900;36,00;0,00;0,00;0,81;10,00;29,16;360,00
Loja: 1 - NEWSHOP COMERCIO LTDA ( LOJA );Local: 15 - GALPÃO;28770;KGBF02801 - PIRANHA DE METAL;UN;96151900;2,00;0,00;0,00;3,42;7,00;6,84;14,00
Loja: 1 - NEWSHOP COMERCIO LTDA ( LOJA );Local: 15 - GALPÃO;28774;KGBF05307 PIRANHA DE PLASTICO 12 CTL POR DUZIA;UN;96151900;4,00;0,00;0,00;1,61;6,50;6,44;26,00
Loja: 1 - NEWSHOP COMERCIO LTDA ( LOJA );Local: 15 - GALPÃO;28776;KGBF15205 PIRANHA DE PLASTICO 12 CTL POR DUZIA;UN;96151900;36,00;0,00;0,00;0,68;8,50;24,48;306,00
Loja: 1 - NEWSHOP COMERCIO LTDA ( LOJA );Local: 15 - GALPÃO;28777;KPDA51026 PULSEIRA DE METAL;UN;71179000;1,00;0,00;0,00;14,45;25,00;14,45;25,00
Loja: 1 - NEWSHOP COMERCIO LTDA ( LOJA );Local: 15 - GALPÃO;28778;LBAA28946 BRINCO DE METAL;UN;71171900;1,00;0,00;0,00;4,93;9,50;4,93;9,50
Loja: 1 - NEWSHOP COMERCIO LTDA ( LOJA );Local: 15 - GALPÃO;28779;LBAA38215 BRINCO DE METAL;UN;71171900;4,00;0,00;0,00;2,76;11,00;11,04;44,00
Loja: 1 - NEWSHOP COMERCIO LTDA ( LOJA );Local: 15 - GALPÃO;28780;LBAA38628 BRINCO DE METAL;UN;71171900;1,00;0,00;0,00;5,95;11,50;5,95;11,50
Loja: 1 - NEWSHOP COMERCIO LTDA ( LOJA );Local: 15 - GALPÃO;28781;LBAA48681 BRINCO DE METAL 12 PCS POR DUZIA;UN;71171900;1,00;0,00;0,00;7,48;14,50;7,48;14,50
Loja: 1 - NEWSHOP COMERCIO LTDA ( LOJA );Local: 15 - GALPÃO;28783;LBCA18719 BRINCO DE METAL;UN;71171900;1,00;0,00;0,00;6,80;13,50;6,80;13,50
Loja: 1 - NEWSHOP COMERCIO LTDA ( LOJA );Local: 15 - GALPÃO;28784;LBCA38003 - TRIO DE BRINCOS;UN;71179000;1,00;0,00;0,00;8,92;17,50;8,92;17,50
Loja: 1 - NEWSHOP COMERCIO LTDA ( LOJA );Local: 15 - GALPÃO;28785;LBCA38545 BRINCO DE METAL;UN;71179000;3,00;0,00;0,00;8,71;17,50;26,13;52,50
Loja: 1 - NEWSHOP COMERCIO LTDA ( LOJA );Local: 15 - GALPÃO;28786;LBCA38883 BRINCO DE METAL;UN;71171900;1,00;0,00;0,00;8,92;17,50;8,92;17,50
Loja: 1 - NEWSHOP COMERCIO LTDA ( LOJA );Local: 15 - GALPÃO;28787;LBDA38282 BRINCO DE METAL;UN;71171900;1,00;0,00;0,00;9,77;19,00;9,77;19,00
Loja: 1 - NEWSHOP COMERCIO LTDA ( LOJA );Local: 15 - GALPÃO;28790;LCCA28212 COLAR DE METAL;UN;71171900;1,00;0,00;0,00;9,18;18,00;9,18;18,00
Loja: 1 - NEWSHOP COMERCIO LTDA ( LOJA );Local: 15 - GALPÃO;28791;NCA-004V - CARREGADOR DE CELULAR V8;UN;85044010;80,00;0,00;0,00;0,07;16,00;5,60;1280,00
Loja: 1 - NEWSHOP COMERCIO LTDA ( LOJA );Local: 15 - GALPÃO;28793;MPCB26201 PULSEIRA DE METAL 12 CTL POR DUZIA;UN;71179000;4,00;0,00;0,00;3,46;14,00;13,84;56,00
Loja: 1 - NEWSHOP COMERCIO LTDA ( LOJA );Local: 15 - GALPÃO;28795;SP-917 BRINCO FIXO CORACAO /ABAUL 05MM INOX;UN;71171900;24,00;0,00;0,00;1,67;5,00;40,08;120,00
Loja: 1 - NEWSHOP COMERCIO LTDA ( LOJA );Local: 15 - GALPÃO;28801;NCA-004S - CARREGADOR DE CELULAR IOS;UN;85044010;35,00;0,00;0,00;1,35;16,00;47,25;560,00
Loja: 1 - NEWSHOP COMERCIO LTDA ( LOJA );Local: 15 - GALPÃO;28803;SP-2011  ESCAPULÁRIO MASCULINO;UN;71171900;24,00;0,00;0,00;0,48;12,00;11,52;288,00
Loja: 1 - NEWSHOP COMERCIO LTDA ( LOJA );Local: 15 - GALPÃO;28806;NFB-137- FONE DE OUVIDO BLUETOOTH;UN;85183000;10,00;0,00;0,00;1,50;29,00;15,00;290,00
Loja: 1 - NEWSHOP COMERCIO LTDA ( LOJA );Local: 15 - GALPÃO;28810;SP-885 BRINCO CRISTO/ PQ FIXO;UN;71171900;24,00;0,00;0,00;1,67;5,00;40,08;120,00
Loja: 1 - NEWSHOP COMERCIO LTDA ( LOJA );Local: 15 - GALPÃO;28812;SP-298 BR FIXO/ REDONDO 4MM INOX;UN;71171900;24,00;0,00;0,00;1,67;5,00;40,08;120,00
Loja: 1 - NEWSHOP COMERCIO LTDA ( LOJA );Local: 15 - GALPÃO;28813;SP-216 BR BOLINHA /MACICA-3MM INOX;UN;71171900;24,00;0,00;0,00;1,67;5,00;40,08;120,00
Loja: 1 - NEWSHOP COMERCIO LTDA ( LOJA );Local: 15 - GALPÃO;28814;SP-299 BRINCO INOX QUADRADO;UN;71171900;24,00;0,00;0,00;1,67;5,00;40,08;120,00
Loja: 1 - NEWSHOP COMERCIO LTDA ( LOJA );Local: 15 - GALPÃO;28815;SP-2031 ESCAPULÁRIO MASCULINO;UN;71171900;24,00;0,00;0,00;1,10;27,50;26,40;660,00
Loja: 1 - NEWSHOP COMERCIO LTDA ( LOJA );Local: 15 - GALPÃO;28816;SP-2028 ESCAPELARIA MASCULINO;UN;71171900;24,00;0,00;0,00;1,10;27,50;26,40;660,00
Loja: 1 - NEWSHOP COMERCIO LTDA ( LOJA );Local: 15 - GALPÃO;28817;SP-2065 ESCAPULÁRIO MASCULINO;UN;71171900;24,00;0,00;0,00;0,84;12,00;20,16;288,00
Loja: 1 - NEWSHOP COMERCIO LTDA ( LOJA );Local: 15 - GALPÃO;28818;SP-2057 ESCAPULÁRIO MASCULINO;UN;71171900;24,00;0,00;0,00;0,80;20,00;19,20;480,00
Loja: 1 - NEWSHOP COMERCIO LTDA ( LOJA );Local: 15 - GALPÃO;28820;SP-2053 ESCAP/RETANG/CHAPA/GR/NSC/SCJ INOX;UN;71171900;24,00;0,00;0,00;1,67;14,00;40,08;336,00
Loja: 1 - NEWSHOP COMERCIO LTDA ( LOJA );Local: 15 - GALPÃO;28821;SP-2022 ESCAP/NSC-SCJ/RESINA INOX;UN;71171900;24,00;0,00;0,00;1,67;15,00;40,08;360,00
Loja: 1 - NEWSHOP COMERCIO LTDA ( LOJA );Local: 15 - GALPÃO;28822;SP-2087 ESCAPULÁRIO MASCULINO;UN;71171900;24,00;0,00;0,00;1,67;22,50;40,08;540,00
Loja: 1 - NEWSHOP COMERCIO LTDA ( LOJA );Local: 15 - GALPÃO;28824;SP-2014 ESCAPULÁRIO MASCULINO;UN;71171900;24,00;0,00;0,00;1,67;12,00;40,08;288,00
Loja: 1 - NEWSHOP COMERCIO LTDA ( LOJA );Local: 15 - GALPÃO;28825;SP-1017 BRINCO;UN;71171900;24,00;0,00;0,00;1,67;5,00;40,08;120,00
Loja: 1 - NEWSHOP COMERCIO LTDA ( LOJA );Local: 15 - GALPÃO;28826;SP-2038 ESCAP/OVAL/M/LISOINOX;UN;71171900;24,00;0,00;0,00;1,67;15,00;40,08;360,00
Loja: 1 - NEWSHOP COMERCIO LTDA ( LOJA );Local: 15 - GALPÃO;28827;SP-358 BRINCO;UN;71171900;24,00;0,00;0,00;1,67;5,00;40,08;120,00
Loja: 1 - NEWSHOP COMERCIO LTDA ( LOJA );Local: 15 - GALPÃO;28830;BM-8630 - CABO COM CONECTOR 2 METROS TYE-C;UN;85444200;30,00;0,00;0,00;1,00;6,50;30,00;195,00
Loja: 1 - NEWSHOP COMERCIO LTDA ( LOJA );Local: 15 - GALPÃO;28831;SP-364 BRINCO;UN;71171900;24,00;0,00;0,00;1,67;5,00;40,08;120,00
Loja: 1 - NEWSHOP COMERCIO LTDA ( LOJA );Local: 15 - GALPÃO;28832;SP-3068 PULSEIRA INOX;UN;71171900;24,00;0,00;0,00;1,67;16,50;40,08;396,00
Loja: 1 - NEWSHOP COMERCIO LTDA ( LOJA );Local: 15 - GALPÃO;28833;SP-2008 ESCAPULÁRIO MASCULINO;UN;71171900;24,00;0,00;0,00;0,59;15,00;14,16;360,00
Loja: 1 - NEWSHOP COMERCIO LTDA ( LOJA );Local: 15 - GALPÃO;28836;SP-2010 ESCAPULÁRIO MASCULINO;UN;71171900;24,00;0,00;0,00;0,48;12,00;11,52;288,00
Loja: 1 - NEWSHOP COMERCIO LTDA ( LOJA );Local: 15 - GALPÃO;28837;SP-2012 ESCAPULÁRIO MASCULINO;UN;71171900;24,00;0,00;0,00;1,67;12,00;40,08;288,00
Loja: 1 - NEWSHOP COMERCIO LTDA ( LOJA );Local: 15 - GALPÃO;28839;SP-2013 ESCAPULÁRIO MASCULINO;UN;71171900;24,00;0,00;0,00;0,48;12,00;11,52;288,00
Loja: 1 - NEWSHOP COMERCIO LTDA ( LOJA );Local: 15 - GALPÃO;28841;SP-2023 ESCP/RETAN/ PQ/ NSC-SCJ LISO INOX;UN;71171900;24,00;0,00;0,00;1,67;12,00;40,08;288,00
Loja: 1 - NEWSHOP COMERCIO LTDA ( LOJA );Local: 15 - GALPÃO;28842;SP-2015 ESCAP/M/DOURADO INOX;UN;71171900;24,00;0,00;0,00;1,67;17,00;40,08;408,00
Loja: 1 - NEWSHOP COMERCIO LTDA ( LOJA );Local: 15 - GALPÃO;28843;SP-2039 ESCA/OVAL /P DOURADO/NCS-SCJ INOX;UN;71171900;24,00;0,00;0,00;1,67;15,00;40,08;360,00
Loja: 1 - NEWSHOP COMERCIO LTDA ( LOJA );Local: 15 - GALPÃO;28844;SP-2044 ESCAP/QUADRAD/RESINA INOX;UN;71171900;24,00;0,00;0,00;1,67;15,00;40,08;360,00
Loja: 1 - NEWSHOP COMERCIO LTDA ( LOJA );Local: 15 - GALPÃO;28845;SP-2045 ESCAPULÁRIO MASCULINO;UN;71171900;24,00;0,00;0,00;1,67;12,00;40,08;288,00
Loja: 1 - NEWSHOP COMERCIO LTDA ( LOJA );Local: 15 - GALPÃO;28848;SP-2033 ESCAPULÁRIO MASCULINO;UN;71171900;24,00;0,00;0,00;1,67;17,50;40,08;420,00
Loja: 1 - NEWSHOP COMERCIO LTDA ( LOJA );Local: 15 - GALPÃO;28849;SP-2032 ESCAPULÁRIO MASCULINO;UN;71171900;24,00;0,00;0,00;0,70;17,50;16,80;420,00
Loja: 1 - NEWSHOP COMERCIO LTDA ( LOJA );Local: 15 - GALPÃO;28850;SP-2030 ESCAPULÁRIO MASCULINO;UN;71171900;24,00;0,00;0,00;1,67;15,00;40,08;360,00
Loja: 1 - NEWSHOP COMERCIO LTDA ( LOJA );Local: 15 - GALPÃO;28851;SP-2046 ESCAPULÁRIO MASCULINO;UN;71171900;24,00;0,00;0,00;1,67;10,50;40,08;252,00
Loja: 1 - NEWSHOP COMERCIO LTDA ( LOJA );Local: 15 - GALPÃO;28852;SP-2029 ESCAP/SCJ-NSC/M/RESINA /INOX;UN;71171900;24,00;0,00;0,00;1,67;27,50;40,08;660,00
Loja: 1 - NEWSHOP COMERCIO LTDA ( LOJA );Local: 15 - GALPÃO;28853;SP-2047  ESCAPULÁRIO MASCULINO;UN;71171900;24,00;0,00;0,00;1,67;12,00;40,08;288,00
Loja: 1 - NEWSHOP COMERCIO LTDA ( LOJA );Local: 15 - GALPÃO;28854;SP-2082 ESCAPULÁRIO MASCULINO;UN;71171900;48,00;0,00;0,00;1,67;17,50;80,16;840,00
Loja: 1 - NEWSHOP COMERCIO LTDA ( LOJA );Local: 15 - GALPÃO;28855;SP-2054 ESCAPULÁRIO MASCULINO;UN;71171900;24,00;0,00;0,00;1,67;17,50;40,08;420,00
Loja: 1 - NEWSHOP COMERCIO LTDA ( LOJA );Local: 15 - GALPÃO;28856;SP-2048 ESCAP/PQ/CHAPA/NSA-NSA;UN;71171900;24,00;0,00;0,00;0,48;10,50;11,52;252,00
Loja: 1 - NEWSHOP COMERCIO LTDA ( LOJA );Local: 15 - GALPÃO;28857;SP-2085 ESCAP INOX N.S.A INOX;UN;71171900;24,00;0,00;0,00;1,05;17,50;25,20;420,00
Loja: 1 - NEWSHOP COMERCIO LTDA ( LOJA );Local: 15 - GALPÃO;28858;SP-2083 ESCAPULÁRIO MASCULINO;UN;71171900;24,00;0,00;0,00;1,67;14,00;40,08;336,00
Loja: 1 - NEWSHOP COMERCIO LTDA ( LOJA );Local: 15 - GALPÃO;28859;SP-2069 ESCAPULÁRIO MASCULINO;UN;71171900;24,00;0,00;0,00;1,67;25,00;40,08;600,00
Loja: 1 - NEWSHOP COMERCIO LTDA ( LOJA );Local: 15 - GALPÃO;28862;SP-2041 ESCAPULÁRIO MASCULINO;UN;71171900;24,00;0,00;0,00;0,90;22,50;21,60;540,00
Loja: 1 - NEWSHOP COMERCIO LTDA ( LOJA );Local: 15 - GALPÃO;28863;IGNORAR - PRODUT CADASTRADO ERRADO;UN;85183000;60,00;0,00;0,00;10,86;94,00;651,60;5640,00
Loja: 1 - NEWSHOP COMERCIO LTDA ( LOJA );Local: 15 - GALPÃO;28865;LEF-1218 - PROTETOR AURICULAR;UN;39269090;70,00;0,00;0,00;4,92;31,00;344,40;2170,00
Loja: 1 - NEWSHOP COMERCIO LTDA ( LOJA );Local: 15 - GALPÃO;28873;SP-2102 ESCAPULÁRIO MASCULINO;UN;71171900;24,00;0,00;0,00;1,67;15,00;40,08;360,00
Loja: 1 - NEWSHOP COMERCIO LTDA ( LOJA );Local: 15 - GALPÃO;28874;SP-2103 ESCAPULÁRIO MASCULINO;UN;71171900;24,00;0,00;0,00;1,67;15,00;40,08;360,00
Loja: 1 - NEWSHOP COMERCIO LTDA ( LOJA );Local: 15 - GALPÃO;28875;SP-2104 ESCAPULÁRIO MASCULINO;UN;71171900;24,00;0,00;0,00;1,67;20,00;40,08;480,00
Loja: 1 - NEWSHOP COMERCIO LTDA ( LOJA );Local: 15 - GALPÃO;28876;SP- 2111 ESCAPULÁRIO MASCULINO;UN;71171900;24,00;0,00;0,00;1,67;12,00;40,08;288,00
Loja: 1 - NEWSHOP COMERCIO LTDA ( LOJA );Local: 15 - GALPÃO;28877;SP-2137 ESCAPULÁRIO MASCULINO;UN;71171900;24,00;0,00;0,00;1,67;12,00;40,08;288,00
Loja: 1 - NEWSHOP COMERCIO LTDA ( LOJA );Local: 15 - GALPÃO;28878;BC-21128 - MOCHILA UNISSEX;UN;42022220;5,00;0,00;0,00;26,00;117,00;130,00;585,00
Loja: 1 - NEWSHOP COMERCIO LTDA ( LOJA );Local: 15 - GALPÃO;28880;SP-2112 ESCAPULÁRIO MASCULINO;UN;71171900;24,00;0,00;0,00;1,67;10,50;40,08;252,00
Loja: 1 - NEWSHOP COMERCIO LTDA ( LOJA );Local: 15 - GALPÃO;28881;SP-366 BRINCO;UN;71171900;24,00;0,00;0,00;1,67;5,00;40,08;120,00
Loja: 1 - NEWSHOP COMERCIO LTDA ( LOJA );Local: 15 - GALPÃO;28882;BM-F1380 - CONJUNTO COM 10 PINCEIS DE MAQUIAGEM EM DIFERENTES FORMATOS;UN;96033000;100,00;0,00;0,00;2,21;0,00;221,00;0,00
Loja: 1 - NEWSHOP COMERCIO LTDA ( LOJA );Local: 15 - GALPÃO;28883;SP-2042 ESCAPULÁRIO MASCULINO;UN;71171900;24,00;0,00;0,00;0,59;15,00;14,16;360,00
Loja: 1 - NEWSHOP COMERCIO LTDA ( LOJA );Local: 15 - GALPÃO;28890;BC-21132 - MOCHILA UNISSEX;UN;42022220;5,00;0,00;0,00;26,00;117,00;130,00;585,00
Loja: 1 - NEWSHOP COMERCIO LTDA ( LOJA );Local: 15 - GALPÃO;28891;BC-21136 - MOCHILA UNISSEX;UN;42022220;5,00;0,00;0,00;26,00;117,00;130,00;585,00
Loja: 1 - NEWSHOP COMERCIO LTDA ( LOJA );Local: 15 - GALPÃO;28893;LKD-221 - KIT PARA REPARO - CONTEM: LIXA DE METAL NUCLEO COLA FOLHA  CROWBAR;UN;82055900;10,00;0,00;0,00;7,04;39,50;70,40;395,00
Loja: 1 - NEWSHOP COMERCIO LTDA ( LOJA );Local: 15 - GALPÃO;28894;LEF-1220 - PROTETOR AURICULAR DO TIPO CONCHA DE PLASTICO;UN;39269090;20,00;0,00;0,00;1,00;43,00;20,00;860,00
Loja: 1 - NEWSHOP COMERCIO LTDA ( LOJA );Local: 15 - GALPÃO;28897;ST-95 - FONE DE OUVIDO  BLUETOOTH;UN;85183000;80,00;0,00;0,00;1,50;29,00;120,00;2320,00
Loja: 1 - NEWSHOP COMERCIO LTDA ( LOJA );Local: 15 - GALPÃO;28900;BD-21145 - LANCHEIRA TERMICA - 7890021145035;UN;42023200;35,00;0,00;0,00;10,40;47,00;364,00;1645,00
Loja: 1 - NEWSHOP COMERCIO LTDA ( LOJA );Local: 15 - GALPÃO;28901;BD-21146 - LANCHEIRA TERMICA - 7890021146012;UN;42023200;35,00;0,00;0,00;10,00;45,00;350,00;1575,00
Loja: 1 - NEWSHOP COMERCIO LTDA ( LOJA );Local: 15 - GALPÃO;28905;BOM-9508 INVERSORA DE SOLDA 220V 20V-225A248V;UN;85153900;3,00;0,00;0,00;108,53;327,00;325,59;981,00
Loja: 1 - NEWSHOP COMERCIO LTDA ( LOJA );Local: 15 - GALPÃO;28919;2700 KART - FORMULA REDSHIFT R3 12V VERMELHO;UN;95030097;3,00;0,00;0,00;8,50;999,00;25,50;2997,00
Loja: 1 - NEWSHOP COMERCIO LTDA ( LOJA );Local: 15 - GALPÃO;28921;2921 SCOOTER - BELLA T3 6V ROSA;UN;95030097;1,00;0,00;0,00;8,50;944,00;8,50;944,00
Loja: 1 - NEWSHOP COMERCIO LTDA ( LOJA );Local: 15 - GALPÃO;28923;BOM-3919 CAIXA DE FERRAMENTAS COM 8 PECAS;UN;82059000;10,00;0,00;0,00;11,56;63,50;115,60;635,00
Loja: 1 - NEWSHOP COMERCIO LTDA ( LOJA );Local: 15 - GALPÃO;28924;2204 MINI CARRINHO PULSE XR7 12V LARANJA;UN;95030097;2,00;0,00;0,00;8,50;1399,00;17,00;2798,00
Loja: 1 - NEWSHOP COMERCIO LTDA ( LOJA );Local: 15 - GALPÃO;28925;2110 MOTO - NEON SPRINT 6V VERMELHO;UN;95030097;2,00;0,00;0,00;266,84;569,99;533,68;1139,98
Loja: 1 - NEWSHOP COMERCIO LTDA ( LOJA );Local: 15 - GALPÃO;28926;2927 SCOOTER - BELLA T3 6V BEGE;UN;95030097;1,00;0,00;0,00;8,50;944,00;8,50;944,00
Loja: 1 - NEWSHOP COMERCIO LTDA ( LOJA );Local: 15 - GALPÃO;28929;TOP0985 ROLO MASSA SILICONE 43.7X5.4CM;UN;39241000;36,00;0,00;0,00;1,00;27,00;36,00;972,00
Loja: 1 - NEWSHOP COMERCIO LTDA ( LOJA );Local: 15 - GALPÃO;28930;LE-0316 FONE DE OUVIDO (HEADSET) - TIPO DE CONEXAO: BLUETOOTH;UN;85183000;3,00;0,00;0,00;10,10;63,50;30,30;190,50
Loja: 1 - NEWSHOP COMERCIO LTDA ( LOJA );Local: 15 - GALPÃO;28931;LE-2442 FONE DE OUVIDO SEM FIO;UN;85183000;5,00;0,00;0,00;4,72;75,50;23,60;377,50
Loja: 1 - NEWSHOP COMERCIO LTDA ( LOJA );Local: 15 - GALPÃO;28932;FONE DE OUVIDO INTRA-AURICULAR: V-LE-0273;UN;85183000;50,00;0,00;0,00;1,50;32,50;75,00;1625,00
Loja: 1 - NEWSHOP COMERCIO LTDA ( LOJA );Local: 15 - GALPÃO;28948;TOP1359 GANCHO PLASTICO 3 ANZOIS;UN;39249000;72,00;0,00;0,00;0,85;8,50;61,20;612,00
Loja: 1 - NEWSHOP COMERCIO LTDA ( LOJA );Local: 15 - GALPÃO;28978;TOP2335 GANCHO AÇO INOX 1.5X3CM - C 6;UN;83025000;72,00;0,00;0,00;13,20;2,50;950,40;180,00
Loja: 1 - NEWSHOP COMERCIO LTDA ( LOJA );Local: 15 - GALPÃO;28979;MF8242-C MOCHILA JUVENIL FEMININA CARRINHO 2 RODAS 45*33*16.5CM;UN;42029200;10,00;0,00;0,00;1,17;279,00;11,70;2790,00
Loja: 1 - NEWSHOP COMERCIO LTDA ( LOJA );Local: 15 - GALPÃO;28984;EST12088 ESTOJO JUVENIL FEMININO;UN;42029200;60,00;0,00;0,00;4,56;26,50;273,60;1590,00
Loja: 1 - NEWSHOP COMERCIO LTDA ( LOJA );Local: 15 - GALPÃO;28986;MF8207-18 MOCHILA JUVENIL FEMININA 44*32*14CM;UN;42029200;24,00;0,00;0,00;45,96;92,00;1103,04;2208,00
Loja: 1 - NEWSHOP COMERCIO LTDA ( LOJA );Local: 15 - GALPÃO;28987;MF8242-E ESTOJO JUVENIL FEMININO 20*22*11CM;UN;42029200;10,00;0,00;0,00;6,33;279,00;63,30;2790,00
Loja: 1 - NEWSHOP COMERCIO LTDA ( LOJA );Local: 15 - GALPÃO;28988;MF8242-L LANCHEIRA JUVENIL FEMININA 22*15*5CM;UN;42029200;10,00;0,00;0,00;140,80;279,00;1408,00;2790,00
Loja: 1 - NEWSHOP COMERCIO LTDA ( LOJA );Local: 15 - GALPÃO;28989;MN4074 MOCHILA NOTEBOOK 17  C/ USB;UN;42029200;25,00;0,00;0,00;13,16;77,00;329,00;1925,00
Loja: 1 - NEWSHOP COMERCIO LTDA ( LOJA );Local: 15 - GALPÃO;28992;CA20009 FIVELA PARA CORTINA TAMANHO: FIO 70CM PINGENTE 45CM - MARCA CASITA;UN;83089010;4,00;0,00;0,00;4,36;8,50;17,44;34,00
Loja: 1 - NEWSHOP COMERCIO LTDA ( LOJA );Local: 15 - GALPÃO;28995;CA20013 FIVELA PARA CORTINA TAMANHO: FIO 45CM PINGENTE 28CM - MARCA CASITA;UN;83089010;40,00;0,00;0,00;1,79;7,00;71,60;280,00
Loja: 1 - NEWSHOP COMERCIO LTDA ( LOJA );Local: 15 - GALPÃO;28998;"CX258 KIT SALEIRO E PIMENTEIRO COM 3 PECAS; SALEIRO/PIMENTEIRO 105X5X65CM";UN;44191900;21,00;0,00;0,00;6,36;25,00;133,56;525,00
Loja: 1 - NEWSHOP COMERCIO LTDA ( LOJA );Local: 15 - GALPÃO;29000;IF01011 JOELHEIRA MATERIAL - TAMANHO: 27X165X135CM;UN;63079090;5,00;0,00;0,00;6,08;11,50;30,40;57,50
Loja: 1 - NEWSHOP COMERCIO LTDA ( LOJA );Local: 15 - GALPÃO;29007;IP01076 KIT SACOLAS SANITARIAS PARA PET;UN;39232110;1,00;0,00;0,00;1,25;5,00;1,25;5,00
Loja: 1 - NEWSHOP COMERCIO LTDA ( LOJA );Local: 15 - GALPÃO;29009;BL20698 CARTEIRA FEMININA;UN;42022220;20,00;0,00;0,00;1,86;15,00;37,20;300,00
Loja: 1 - NEWSHOP COMERCIO LTDA ( LOJA );Local: 15 - GALPÃO;29010;CW80147 CARTEIRA FEMININA;UN;42022220;20,00;0,00;0,00;2,00;24,00;40,00;480,00
Loja: 1 - NEWSHOP COMERCIO LTDA ( LOJA );Local: 15 - GALPÃO;29011;CW80144 CARTEIRA FEMININA;UN;42022220;35,00;0,00;0,00;1,86;24,00;65,10;840,00
Loja: 1 - NEWSHOP COMERCIO LTDA ( LOJA );Local: 15 - GALPÃO;29012;BL21266 CARTEIRA FEMININA;UN;42022220;90,00;0,00;0,00;5,00;20,50;450,00;1845,00
Loja: 1 - NEWSHOP COMERCIO LTDA ( LOJA );Local: 15 - GALPÃO;29013;BL20710 CARTEIRA FEMININA;UN;42022220;5,00;0,00;0,00;1,86;18,50;9,30;92,50
Loja: 1 - NEWSHOP COMERCIO LTDA ( LOJA );Local: 15 - GALPÃO;29014;BL21267 CARTEIRA FEMININA;UN;42022220;90,00;0,00;0,00;5,00;20,50;450,00;1845,00
Loja: 1 - NEWSHOP COMERCIO LTDA ( LOJA );Local: 15 - GALPÃO;29015;BL20742 CARTEIRA FEMININA;UN;42022220;35,00;0,00;0,00;1,86;18,50;65,10;647,50
Loja: 1 - NEWSHOP COMERCIO LTDA ( LOJA );Local: 15 - GALPÃO;29016;BF80079 BOLSA FEMININA;UN;42022220;1,00;0,00;0,00;5,00;80,00;5,00;80,00
Loja: 1 - NEWSHOP COMERCIO LTDA ( LOJA );Local: 15 - GALPÃO;29034;TOP5249 KIT ESCOVA DE  ACO GIRATORIA;UN;96035000;24,00;0,00;0,00;4,62;26,00;110,88;624,00
Loja: 1 - NEWSHOP COMERCIO LTDA ( LOJA );Local: 15 - GALPÃO;29038;TRC0398 VEDA PORTA 85X13CM 2 CORES PRETO/MARROM;UN;63079090;60,00;0,00;0,00;1,98;10,50;118,80;630,00
Loja: 1 - NEWSHOP COMERCIO LTDA ( LOJA );Local: 15 - GALPÃO;29053;TOP5239 KIT ESCOVA DE ACO GIRATORIA 8PCS;UN;96035000;23,00;0,00;0,00;16,52;20,50;379,96;471,50
Loja: 1 - NEWSHOP COMERCIO LTDA ( LOJA );Local: 15 - GALPÃO;29058;TRC0471 CONJ DE TALHERES 24 PECAS;UN;82151000;37,00;0,00;0,00;7,48;69,00;276,76;2553,00
Loja: 1 - NEWSHOP COMERCIO LTDA ( LOJA );Local: 15 - GALPÃO;29064;TRC1240 DISPENSER MULTIUSO 15.5X6.8X28CM 2000ML;UN;39241000;38,00;0,00;0,00;5,06;26,50;192,28;1007,00
Loja: 1 - NEWSHOP COMERCIO LTDA ( LOJA );Local: 15 - GALPÃO;29078;GH0910 GANCHOS MULTIPLO PARA CABIDES - 6 GANCHOS;UN;39249000;10,00;0,00;0,00;3,60;7,00;36,00;70,00
Loja: 1 - NEWSHOP COMERCIO LTDA ( LOJA );Local: 15 - GALPÃO;29079;GH0911 GANCHO DE ARMAZENAMENTO PARA CABIDES - 5KG;UN;39249000;80,00;0,00;0,00;1,32;7,50;105,60;600,00
Loja: 1 - NEWSHOP COMERCIO LTDA ( LOJA );Local: 15 - GALPÃO;29080;DS008H SUPORTE DE METAL ORGANIZADOR DE XICARAS;UN;73239900;40,00;0,00;0,00;2,15;12,00;86,00;480,00
Loja: 1 - NEWSHOP COMERCIO LTDA ( LOJA );Local: 15 - GALPÃO;29088;GH00908 GUANCHOS ADESIVOS QUADRICULADOS;UN;39249000;50,00;0,00;0,00;1,00;6,50;50,00;325,00
Loja: 1 - NEWSHOP COMERCIO LTDA ( LOJA );Local: 15 - GALPÃO;29097;KB11420 KIT ORGANIZADOR PARA BANHEIRO - 2 PEÇAS;UN;39249000;30,00;0,00;0,00;3,69;20,50;110,70;615,00
Loja: 1 - NEWSHOP COMERCIO LTDA ( LOJA );Local: 15 - GALPÃO;29106;MDF23162 PLACA DECORATIVA DE MADEIRA - MDF;UN;44201900;72,00;0,00;0,00;1,00;19,50;72,00;1404,00
Loja: 1 - NEWSHOP COMERCIO LTDA ( LOJA );Local: 15 - GALPÃO;29108;MDF23164  PLACA COM MENSAGEM DE MESA - MDF;UN;44201900;48,00;0,00;0,00;2,59;15,50;124,32;744,00
Loja: 1 - NEWSHOP COMERCIO LTDA ( LOJA );Local: 15 - GALPÃO;29109;MDF23185 ENFEITE DE MESA FORMATO FOLHA TAMANHO 28X15CM;UN;44201900;30,00;0,00;0,00;3,60;19,50;108,00;585,00
Loja: 1 - NEWSHOP COMERCIO LTDA ( LOJA );Local: 15 - GALPÃO;29111;MDF23188 ENFEITE DE MESA FORMATO FOLHA;UN;44201900;72,00;0,00;0,00;6,23;19,50;448,56;1404,00
Loja: 1 - NEWSHOP COMERCIO LTDA ( LOJA );Local: 15 - GALPÃO;29133;2446 BOLSA;UN;62171000;12,00;0,00;0,00;2,16;17,00;25,92;204,00
Loja: 1 - NEWSHOP COMERCIO LTDA ( LOJA );Local: 15 - GALPÃO;29137;OIH-4152 - PRATILEIRA DOBRAVEL COM GANCHOS;UN;76151000;10,00;0,00;0,00;11,71;97,00;117,10;970,00
Loja: 1 - NEWSHOP COMERCIO LTDA ( LOJA );Local: 15 - GALPÃO;29140;YZ-2707 - LAPISEIRA COM CORPO DE MATERIAL PLASTICO;UN;96084000;72,00;0,00;0,00;1,41;0,00;101,52;0,00
Loja: 1 - NEWSHOP COMERCIO LTDA ( LOJA );Local: 15 - GALPÃO;29163;NEW-205 MASSAGEADOR CORPORAL RECARREGAVEL USB 12V;UN;90191000;20,00;0,00;0,00;4,05;48,50;81,00;970,00
Loja: 1 - NEWSHOP COMERCIO LTDA ( LOJA );Local: 15 - GALPÃO;29168;DS14641 PISCINA INFLAVEL REDONDA;UN;95069900;30,00;0,00;0,00;3,84;29,00;115,20;870,00
Loja: 1 - NEWSHOP COMERCIO LTDA ( LOJA );Local: 15 - GALPÃO;29170;BGSAV CANETA TOUCH 36PCS;UN;62064000;44,00;0,00;0,00;5,58;21,50;245,52;946,00
Loja: 1 - NEWSHOP COMERCIO LTDA ( LOJA );Local: 15 - GALPÃO;29172;BWGFJ CANETA TOUCH 48PCS;UN;62064000;2,00;0,00;0,00;7,16;29,00;14,32;58,00
Loja: 1 - NEWSHOP COMERCIO LTDA ( LOJA );Local: 15 - GALPÃO;29173;MD5311 NBGDKJ CANETA HIDROGRAFICA 120 CORES MALA PRETA MD5311;UN;62064000;40,00;0,00;0,00;7,16;48,00;286,40;1920,00
Loja: 1 - NEWSHOP COMERCIO LTDA ( LOJA );Local: 15 - GALPÃO;29176;NHGWF MD5316 CANETA HIDROGRAFICA 100 CORES MALA PRETA MD5312;UN;62064000;52,00;0,00;0,00;7,16;40,00;372,32;2080,00
Loja: 1 - NEWSHOP COMERCIO LTDA ( LOJA );Local: 15 - GALPÃO;29177;DS13327 BOTA IMPERMEAVEL;UN;39262000;90,00;0,00;0,00;1,00;19,00;90,00;1710,00
Loja: 1 - NEWSHOP COMERCIO LTDA ( LOJA );Local: 15 - GALPÃO;29178;DS13904B BOLSA PARA LAVAGEM DE SAPATOS;UN;42022220;20,00;0,00;0,00;3,36;25,00;67,20;500,00
Loja: 1 - NEWSHOP COMERCIO LTDA ( LOJA );Local: 15 - GALPÃO;29179;DS14821 MASSAGEADOR DE TORNOZELO;UN;90191000;32,00;0,00;0,00;7,92;59,50;253,44;1904,00
Loja: 1 - NEWSHOP COMERCIO LTDA ( LOJA );Local: 15 - GALPÃO;29180;AG03  SCOOTER ELETRICADE 1000 WATTS PRETA - 202522504098450;UN;87116000;1,00;0,00;0,00;4,27;6990,00;4,27;6990,00
Loja: 1 - NEWSHOP COMERCIO LTDA ( LOJA );Local: 15 - GALPÃO;29183;AG03WH MOTO ELÉTRICA  DE 1000 WATTS AZUL - 202522504098082;UN;87116000;1,00;0,00;0,00;2130,24;6990,00;2130,24;6990,00
Loja: 1 - NEWSHOP COMERCIO LTDA ( LOJA );Local: 15 - GALPÃO;29187;BJ001 ESCOVA DE DENTES ELETRICA PARA CRIANCAS - CORES VARIADAS;UN;96032900;55,00;0,00;0,00;1,00;21,50;55,00;1182,50
Loja: 1 - NEWSHOP COMERCIO LTDA ( LOJA );Local: 15 - GALPÃO;29196;VC-302 CONTROLE DE JOGO PARA PC;UN;85269200;70,00;0,00;0,00;0,54;27,00;37,80;1890,00
Loja: 1 - NEWSHOP COMERCIO LTDA ( LOJA );Local: 15 - GALPÃO;29198;D1479 APOIO DE SOFA DE MADEIRA BANDEJA 25253CM;UN;44191900;24,00;0,00;0,00;1,64;51,00;39,36;1224,00
Loja: 1 - NEWSHOP COMERCIO LTDA ( LOJA );Local: 15 - GALPÃO;29201;FL-8106-AP CANETA MARCA TEXTO 4 CORES;UN;96082000;24,00;0,00;0,00;1,30;16,50;31,20;396,00
Loja: 1 - NEWSHOP COMERCIO LTDA ( LOJA );Local: 15 - GALPÃO;29205;LU-YGB291 CANETA POMPOM STITCH;UN;96082000;5,00;0,00;0,00;8,40;8,00;42,00;40,00
Loja: 1 - NEWSHOP COMERCIO LTDA ( LOJA );Local: 15 - GALPÃO;29206;LU-YGB294 CANETA POMPOM STITCH;UN;90041000;3,00;0,00;0,00;17,40;6,50;52,20;19,50
Loja: 1 - NEWSHOP COMERCIO LTDA ( LOJA );Local: 15 - GALPÃO;29207;LU-YGB312 CANETA CAPIVARA PATINHA DE GATINHO HELLO KITTY;UN;96082000;1,00;0,00;0,00;14,40;3,50;14,40;3,50
Loja: 1 - NEWSHOP COMERCIO LTDA ( LOJA );Local: 15 - GALPÃO;29243;MOCHILA REF: B-BL4210-HEI EXTERIOR DE MATERIA TEXTIL;UN;42029200;10,00;0,00;0,00;6,86;0,00;68,60;0,00
Loja: 1 - NEWSHOP COMERCIO LTDA ( LOJA );Local: 15 - GALPÃO;29245;MOCHILA REF: B-PM4201-2 EXTERIOR DE MATERIA TEXTIL (POLIESTER);UN;42029200;15,00;0,00;0,00;26,56;0,00;398,40;0,00
Loja: 1 - NEWSHOP COMERCIO LTDA ( LOJA );Local: 15 - GALPÃO;29246;MOCHILA REF: HL-NB2134 EXTERIOR DE MATERIA TEXTIL (POLIESTER);UN;42029200;25,00;0,00;0,00;10,05;0,00;251,25;0,00
Loja: 1 - NEWSHOP COMERCIO LTDA ( LOJA );Local: 15 - GALPÃO;29247;BOLSA TERMICA REF: BWB-75 BOLSA ISOLANTE;UN;42022220;10,00;0,00;0,00;8,41;0,00;84,10;0,00
Loja: 1 - NEWSHOP COMERCIO LTDA ( LOJA );Local: 15 - GALPÃO;29248;MOCHILA REF: B-PM4202-HUI EXTERIOR DE MATERIA TEXTIL;UN;42029200;7,00;0,00;0,00;26,56;0,00;185,92;0,00
Loja: 1 - NEWSHOP COMERCIO LTDA ( LOJA );Local: 15 - GALPÃO;29331;TRC0301 ESCOVA ANTI-PO FLEXIVEL 8X124CM;UN;96039000;42,00;0,00;0,00;1,00;16,50;42,00;693,00
Loja: 1 - NEWSHOP COMERCIO LTDA ( LOJA );Local: 15 - GALPÃO;29335;B1628 BICICLETA ERGOMÉTRICA;UN;95069100;4,00;0,00;0,00;4,00;799,00;16,00;3196,00
Loja: 1 - NEWSHOP COMERCIO LTDA ( LOJA );Local: 15 - GALPÃO;29344;TRC0791 RECIPIENTE PARA SABONETE COM VÁLVULA PUMP 11X5X 145 300ML;UN;39249000;130,00;0,00;0,00;1,70;9,00;221,00;1170,00
Loja: 1 - NEWSHOP COMERCIO LTDA ( LOJA );Local: 15 - GALPÃO;29369;OT-A1 - V8PRO  - BICICLETA ELETRICA 2945222505L0354 - PRETA;UN;87116000;1,00;0,00;0,00;4,27;10080,00;4,27;10080,00
Loja: 1 - NEWSHOP COMERCIO LTDA ( LOJA );Local: 15 - GALPÃO;29384;PENTE - NCM: 96032900 - MATRIZ;UN;96032900;2,00;0,00;0,00;2,35;0,00;4,70;0,00
Loja: 1 - NEWSHOP COMERCIO LTDA ( LOJA );Local: 15 - GALPÃO;29435;BM-F1216 LUMINARIA ARTICULADA DE MESA - LED - FONTE DE ALIMENTACAO: USB;UN;94052100;30,00;0,00;0,00;3,84;32,50;115,20;975,00
Loja: 1 - NEWSHOP COMERCIO LTDA ( LOJA );Local: 15 - GALPÃO;29456;BM-F1095 MINI VENTILADOR RECARREGAVEL - TENSAO: 5V/1A - TAMANHO: 135*9*297CM;UN;84145990;40,00;0,00;0,00;11,38;0,00;455,20;0,00
Loja: 1 - NEWSHOP COMERCIO LTDA ( LOJA );Local: 15 - GALPÃO;29476;BM-R802 RELOGIO DE LED PARA PAREDE (DIGITAL):;UN;91052100;12,00;0,00;0,00;2,70;87,50;32,40;1050,00
Loja: 1 - NEWSHOP COMERCIO LTDA ( LOJA );Local: 15 - GALPÃO;29526;MF8202 MOCHILA JUVENIL FEMININA 45*32*15CM;UN;42029200;48,00;0,00;0,00;15,70;92,00;753,60;4416,00
Loja: 1 - NEWSHOP COMERCIO LTDA ( LOJA );Local: 15 - GALPÃO;29527;MF8200 MOCHILA JUVENIL FEMININA 45*32*15CM;UN;42029200;24,00;0,00;0,00;15,70;92,00;376,80;2208,00
Loja: 1 - NEWSHOP COMERCIO LTDA ( LOJA );Local: 15 - GALPÃO;29545;BOM-5678 TORNO DE BANCADA 50MM;UN;82057000;5,00;0,00;0,00;5,20;43,50;26,00;217,50
Loja: 1 - NEWSHOP COMERCIO LTDA ( LOJA );Local: 15 - GALPÃO;29551;LE-9013P CABO USB UNIVERSAL 10 EM 1;UN;85444200;40,00;0,00;0,00;0,56;6,00;22,40;240,00
Loja: 1 - NEWSHOP COMERCIO LTDA ( LOJA );Local: 15 - GALPÃO;29553;MAX-0570 CARREGADOR PORTATIL POWER BANK;UN;85076000;10,00;0,00;0,00;6,39;57,50;63,90;575,00
Loja: 1 - NEWSHOP COMERCIO LTDA ( LOJA );Local: 15 - GALPÃO;29559;SD-176A CAMPAINHA SEM FIO 110-220V;UN;85318000;1,00;0,00;0,00;2,35;25,00;2,35;25,00
Loja: 1 - NEWSHOP COMERCIO LTDA ( LOJA );Local: 15 - GALPÃO;29563;BOM-9642 PISTOLA DE PINTURA PULVERIZADORA ELETRICA;UN;84242000;1,00;0,00;0,00;22,78;209,00;22,78;209,00
Loja: 1 - NEWSHOP COMERCIO LTDA ( LOJA );Local: 15 - GALPÃO;29566;LE-7709 - CONTROLE REMOTO PARA TV;UN;85269200;50,00;0,00;0,00;0,96;10,00;48,00;500,00
Loja: 1 - NEWSHOP COMERCIO LTDA ( LOJA );Local: 15 - GALPÃO;29567;LE-7700-1 - CONTROLE REMOTO PARA TV;UN;85269200;20,00;0,00;0,00;0,99;26,50;19,80;530,00
Loja: 1 - NEWSHOP COMERCIO LTDA ( LOJA );Local: 15 - GALPÃO;29597;ARMARIO DE ACO 170X070X034CM 3P BH;UN;94031000;1,00;0,00;0,00;900,40;0,00;900,40;0,00
Loja: 1 - NEWSHOP COMERCIO LTDA ( LOJA );Local: 15 - GALPÃO;29599;BOM-3133 - CONJUNTO COM 1 ESTILETE/ 5 LAMINAS/ 1 CHAVE;UN;82059000;30,00;0,00;0,00;2,44;20,00;73,20;600,00
Loja: 1 - NEWSHOP COMERCIO LTDA ( LOJA );Local: 15 - GALPÃO;29600;BOM-5644 - AFIADOR DE BROCAS TIPO BARRA PARA FURADEIRA;UN;82079000;50,00;0,00;0,00;0,79;10,00;39,50;500,00
Loja: 1 - NEWSHOP COMERCIO LTDA ( LOJA );Local: 15 - GALPÃO;29633;LCW-YYF20-L - ROUPA PARA CAES CONFECCIONADA EM POLIESTER;UN;42010090;90,00;0,00;0,00;1,29;21,50;116,10;1935,00
Loja: 1 - NEWSHOP COMERCIO LTDA ( LOJA );Local: 15 - GALPÃO;29634;LCW-YYF20-M - ROUPA PARA CAES CONFECCIONADA EM POLIESTER;UN;42010090;20,00;0,00;0,00;1,15;14,50;23,00;290,00
Loja: 1 - NEWSHOP COMERCIO LTDA ( LOJA );Local: 15 - GALPÃO;29635;LCW-YYF23-S - ROUPA PARA CAES CONFECCIONADA EM POLIESTER;UN;42010090;12,00;0,00;0,00;1,69;20,00;20,28;240,00
Loja: 1 - NEWSHOP COMERCIO LTDA ( LOJA );Local: 15 - GALPÃO;29643;20696 CARTEIRA MASCULINA;UN;42022220;36,00;0,00;0,00;5,00;14,00;180,00;504,00
Loja: 1 - NEWSHOP COMERCIO LTDA ( LOJA );Local: 15 - GALPÃO;29655;K122 CAIXA DE SOM;UN;85182100;61,00;0,00;0,00;4,65;45,00;283,65;2745,00
Loja: 1 - NEWSHOP COMERCIO LTDA ( LOJA );Local: 15 - GALPÃO;29677;2020 - VELA DECORATIVA DE METAL COM TAMPA 5X7CM;UN;34060000;96,00;0,00;0,00;0,77;12,00;73,92;1152,00
Loja: 1 - NEWSHOP COMERCIO LTDA ( LOJA );Local: 15 - GALPÃO;29678;2015 - VELA DECORATIVA DE METAL COM TAMPA 6X4CM;UN;34060000;96,00;0,00;0,00;1,63;9,90;156,48;950,40
Loja: 1 - NEWSHOP COMERCIO LTDA ( LOJA );Local: 15 - GALPÃO;29679;8741 - VELA DECORATIVA CASTICAL DE VIDRO REDONDO 55X65CM;UN;34060000;72,00;0,00;0,00;1,52;8,50;109,44;612,00
Loja: 1 - NEWSHOP COMERCIO LTDA ( LOJA );Local: 15 - GALPÃO;29680;2016 - VELA DECORATIVA DE VIDRO COM TAMPA DE METAL 7X5CM;UN;34060000;72,00;0,00;0,00;0,77;14,50;55,44;1044,00
Loja: 1 - NEWSHOP COMERCIO LTDA ( LOJA );Local: 15 - GALPÃO;29752;D-121 CARTEIRA MASCULINA;UN;42023200;30,00;0,00;0,00;1,77;0,00;53,10;0,00
Loja: 1 - NEWSHOP COMERCIO LTDA ( LOJA );Local: 15 - GALPÃO;29764;C2121 - CHINELO NUVEM EVA CRI;UN;64029990;-47,00;0,00;0,00;6,81;36,00;-320,07;-1692,00
Loja: 1 - NEWSHOP COMERCIO LTDA ( LOJA );Local: 15 - GALPÃO;29771;L2121 CHINELO NUVEM EVA INF - ACOMPANHA ADEREÇO;UN;64029990;-47,00;0,00;0,00;6,81;36,00;-320,07;-1692,00
Loja: 1 - NEWSHOP COMERCIO LTDA ( LOJA );Local: 15 - GALPÃO;29796;TOP0738 - SACO RETANGULAR PARA LAVAGEM;UN;63079090;48,00;0,00;0,00;21,00;5,50;1008,00;264,00
Loja: 1 - NEWSHOP COMERCIO LTDA ( LOJA );Local: 15 - GALPÃO;29802;TOP0965 - SACO PARA LAVAGEM 30X40CM;UN;63079090;36,00;0,00;0,00;0,98;5,00;35,28;180,00
Loja: 1 - NEWSHOP COMERCIO LTDA ( LOJA );Local: 15 - GALPÃO;29803;TOP0966 - SACO PARA LAVAGEM 50X60CM;UN;63079090;36,00;0,00;0,00;1,00;7,50;36,00;270,00
Loja: 1 - NEWSHOP COMERCIO LTDA ( LOJA );Local: 15 - GALPÃO;29804;TOP1265 - PALITEIRO PLASTICO C/200 PALITOS;UN;39241000;60,00;0,00;0,00;1,00;8,00;60,00;480,00
Loja: 1 - NEWSHOP COMERCIO LTDA ( LOJA );Local: 15 - GALPÃO;29805;TOP1890 - ROLO DE MASSA MADEIRA 42X4.5CM;UN;44191900;30,00;0,00;0,00;2,33;11,00;69,90;330,00
Loja: 1 - NEWSHOP COMERCIO LTDA ( LOJA );Local: 15 - GALPÃO;29807;TOP1894 - TABUA P  ALIMENTOS 33X20X055CM;UN;39241000;48,00;0,00;0,00;1,00;10,50;48,00;504,00
Loja: 1 - NEWSHOP COMERCIO LTDA ( LOJA );Local: 15 - GALPÃO;29808;TOP2680 - AMPULHETA DECORATIVA DE MADEIRA 5 MINUTOS;UN;39264000;30,00;0,00;0,00;3,88;19,00;116,40;570,00
Loja: 1 - NEWSHOP COMERCIO LTDA ( LOJA );Local: 15 - GALPÃO;29811;TOP2682 - AMPULHETA DECORATIVA DE MADEIRA 15 MINUTOS;UN;39264000;1,00;0,00;0,00;7,02;37,50;7,02;37,50
Loja: 1 - NEWSHOP COMERCIO LTDA ( LOJA );Local: 15 - GALPÃO;29813;TOP2684 - AMPULHETA DECORATIVA DE BAMBU 5 MINUTOS;UN;39264000;2,00;0,00;0,00;3,94;21,00;7,88;42,00
Loja: 1 - NEWSHOP COMERCIO LTDA ( LOJA );Local: 15 - GALPÃO;29814;TOP2683 - AMPULHETA DECORATIVA DE BAMBU 3 MINUTOS;UN;39264000;30,00;0,00;0,00;2,54;13,50;76,20;405,00
Loja: 1 - NEWSHOP COMERCIO LTDA ( LOJA );Local: 15 - GALPÃO;29815;TOP2213 - VASO CIMENTO C  FLOR ARTIFICIAL 13X13X17.8CM;UN;68118900;5,00;0,00;0,00;7,72;36,50;38,60;182,50
Loja: 1 - NEWSHOP COMERCIO LTDA ( LOJA );Local: 15 - GALPÃO;29819;2142 MOTO - GUARDIAN X 6V BRANCO;UN;95030097;1,00;0,00;0,00;214,84;509,00;214,84;509,00
Loja: 1 - NEWSHOP COMERCIO LTDA ( LOJA );Local: 15 - GALPÃO;29828;LEY-2119 - TECLADO COM FIO ILUMINADO RGB PARA GAME CABO DE 15M;UN;84716052;15,00;0,00;0,00;11,00;61,50;165,00;922,50
Loja: 1 - NEWSHOP COMERCIO LTDA ( LOJA );Local: 15 - GALPÃO;29830;LEY-1584 - TECLADO COM FIO USB PARA COMPUTADOR E NOTEBOOK COM FIO 12M;UN;84716052;15,00;0,00;0,00;0,22;23,00;3,30;345,00
Loja: 1 - NEWSHOP COMERCIO LTDA ( LOJA );Local: 15 - GALPÃO;29832;LEY-1679 - SUPORTE  PARA CELULAR FIXACAO CLIP NA SAIDA DE AR E BASE FIXA;UN;39269090;50,00;0,00;0,00;0,90;9,50;45,00;475,00
Loja: 1 - NEWSHOP COMERCIO LTDA ( LOJA );Local: 15 - GALPÃO;29846;ION-1010 - PISTOLA MASSAGEADORA CORPORAL RECARREGAVEL;UN;90191000;30,00;0,00;0,00;0,63;61,00;18,90;1830,00
Loja: 1 - NEWSHOP COMERCIO LTDA ( LOJA );Local: 15 - GALPÃO;29857;NEW-282 - MINI UMIDIFICADOR FACIAL PORTATIL RECARREGAVEL USB;UN;85098090;80,00;0,00;0,00;1,28;15,50;102,40;1240,00
Loja: 1 - NEWSHOP COMERCIO LTDA ( LOJA );Local: 15 - GALPÃO;29859;ION-1080 - MASSAGEADOR FACIAL RECARREGAVEL;UN;90191000;20,00;0,00;0,00;0,63;38,00;12,60;760,00
Loja: 1 - NEWSHOP COMERCIO LTDA ( LOJA );Local: 15 - GALPÃO;29861;BM-F1047  JOELHEIRA ARTIGOS PARA CULTURA FISICA;UN;95069900;30,00;0,00;0,00;1,85;13,00;55,50;390,00
Loja: 1 - NEWSHOP COMERCIO LTDA ( LOJA );Local: 15 - GALPÃO;29866;CAP020/4 CAPA DE ALMOFADA RELAX 43 X 43 CM;UN;63049300;70,00;0,00;0,00;1,00;11,50;70,00;805,00
Loja: 1 - NEWSHOP COMERCIO LTDA ( LOJA );Local: 15 - GALPÃO;29867;CAP020/2 CAPA DE ALMOFADA DREAM 43 X 43 CM;UN;63049300;70,00;0,00;0,00;2,88;11,50;201,60;805,00
Loja: 1 - NEWSHOP COMERCIO LTDA ( LOJA );Local: 15 - GALPÃO;29870;DIS012 DISPENSER PARA SABONETE LIQUIDO;UN;69120000;40,00;0,00;0,00;1,00;28,50;40,00;1140,00
Loja: 1 - NEWSHOP COMERCIO LTDA ( LOJA );Local: 15 - GALPÃO;29875;CAP020/3 CAPA DE ALMOFADA FLORA DO BRASIL 43 X 43 CM;UN;63049300;70,00;0,00;0,00;3,36;11,50;235,20;805,00
Loja: 1 - NEWSHOP COMERCIO LTDA ( LOJA );Local: 15 - GALPÃO;29880;CONEX 1000 P4 MACHO 10 P/CAM. SIST. SEG.;UN;85369090;1,00;0,00;0,00;25,90;0,00;25,90;0,00
Loja: 1 - NEWSHOP COMERCIO LTDA ( LOJA );Local: 15 - GALPÃO;29881;CONEX 1000 BNC BORNE 10 P/CAM. SIST. SEG;UN;85369090;2,00;0,00;0,00;40,96;0,00;81,92;0,00
Loja: 1 - NEWSHOP COMERCIO LTDA ( LOJA );Local: 15 - GALPÃO;29882;CONECTOR CONEX 1000 BNC MOLA G2 10 UN;UN;85369090;2,00;0,00;0,00;47,90;0,00;95,80;0,00
Loja: 1 - NEWSHOP COMERCIO LTDA ( LOJA );Local: 15 - GALPÃO;29883;CAMERA TV P/SIST SEG VHD 1120 B FULL COL;UN;85258913;20,00;0,00;0,00;135,32;0,00;2706,40;0,00
Loja: 1 - NEWSHOP COMERCIO LTDA ( LOJA );Local: 15 - GALPÃO;29898;HBDA11854 BRINCO DE METAL;UN;71171900;14,00;0,00;0,00;1,67;15,50;23,38;217,00
Loja: 1 - NEWSHOP COMERCIO LTDA ( LOJA );Local: 15 - GALPÃO;29900;HBDA31802 BRINCO DE METAL;UN;71171900;12,00;0,00;0,00;1,67;20,50;20,04;246,00
Loja: 1 - NEWSHOP COMERCIO LTDA ( LOJA );Local: 15 - GALPÃO;29901;IBCA31809 BRINCO DE METAL;UN;71171900;18,00;0,00;0,00;1,67;18,50;30,06;333,00
Loja: 1 - NEWSHOP COMERCIO LTDA ( LOJA );Local: 15 - GALPÃO;29902;IBEA31013 BRINCO DE METAL;UN;71171900;54,00;0,00;0,00;1,67;22,00;90,18;1188,00
Loja: 1 - NEWSHOP COMERCIO LTDA ( LOJA );Local: 15 - GALPÃO;29903;ICCA21233 COLAR CRIANCA;UN;71171900;14,00;0,00;0,00;1,67;14,50;23,38;203,00
Loja: 1 - NEWSHOP COMERCIO LTDA ( LOJA );Local: 15 - GALPÃO;29904;JCBA31036 COLAR ENCAPULARIO;UN;71171900;14,00;0,00;0,00;1,67;15,50;23,38;217,00
Loja: 1 - NEWSHOP COMERCIO LTDA ( LOJA );Local: 15 - GALPÃO;29905;JCCA21212 COLAR PENDULO CRIANCA;UN;71171900;32,00;0,00;0,00;1,67;14,50;53,44;464,00
Loja: 1 - NEWSHOP COMERCIO LTDA ( LOJA );Local: 15 - GALPÃO;29906;JCDA21547 COLAR ENCAPULARIO;UN;71171900;14,00;0,00;0,00;1,67;18,00;23,38;252,00
Loja: 1 - NEWSHOP COMERCIO LTDA ( LOJA );Local: 15 - GALPÃO;29907;JCDA41038 COLAR ENCAPULARIO;UN;71171900;14,00;0,00;0,00;1,67;22,50;23,38;315,00
Loja: 1 - NEWSHOP COMERCIO LTDA ( LOJA );Local: 15 - GALPÃO;29908;JCFA11537 COLAR DOURADOS E PRATEADOS;UN;71171900;15,00;0,00;0,00;1,67;21,00;25,05;315,00
Loja: 1 - NEWSHOP COMERCIO LTDA ( LOJA );Local: 15 - GALPÃO;29909;KCCA21501 COLAR ANTIALERGICO;UN;71171900;13,00;0,00;0,00;1,67;16,50;21,71;214,50
Loja: 1 - NEWSHOP COMERCIO LTDA ( LOJA );Local: 15 - GALPÃO;29910;KPFA31433 PULSEIRA DE METAL;UN;71179000;12,00;0,00;0,00;0,83;23,50;9,96;282,00
Loja: 1 - NEWSHOP COMERCIO LTDA ( LOJA );Local: 15 - GALPÃO;29912;LBAA58153 BRINCO DE METAL;UN;71171900;14,00;0,00;0,00;1,67;18,00;23,38;252,00
Loja: 1 - NEWSHOP COMERCIO LTDA ( LOJA );Local: 15 - GALPÃO;29913;LBBA21820 - BRINCO DE METAL;UN;71171900;32,00;0,00;0,00;1,67;13,00;53,44;416,00
Loja: 1 - NEWSHOP COMERCIO LTDA ( LOJA );Local: 15 - GALPÃO;29914;LBCA31033 BRINCO DE METAL;UN;71171900;12,00;0,00;0,00;1,67;18,00;20,04;216,00
Loja: 1 - NEWSHOP COMERCIO LTDA ( LOJA );Local: 15 - GALPÃO;29915;LBCA38006 BRINCO DE METAL;UN;71171900;12,00;0,00;0,00;1,67;20,00;20,04;240,00
Loja: 1 - NEWSHOP COMERCIO LTDA ( LOJA );Local: 15 - GALPÃO;29916;LBCA38807 BRINCO DE METAL;UN;71171900;32,00;0,00;0,00;1,67;19,00;53,44;608,00
Loja: 1 - NEWSHOP COMERCIO LTDA ( LOJA );Local: 15 - GALPÃO;29917;MBAA28415 BRINCO DE METAL;UN;71179000;1,00;0,00;0,00;0,83;9,00;0,83;9,00
Loja: 1 - NEWSHOP COMERCIO LTDA ( LOJA );Local: 15 - GALPÃO;29918;MBBA31353 BRINCO DE METAL;UN;71171900;14,00;0,00;0,00;1,67;14,00;23,38;196,00
Loja: 1 - NEWSHOP COMERCIO LTDA ( LOJA );Local: 15 - GALPÃO;29919;MBBA35809 BBRINCO DE METAL 12 CTL POR DUZIA;UN;71179000;12,00;0,00;0,00;0,83;16,50;9,96;198,00
Loja: 1 - NEWSHOP COMERCIO LTDA ( LOJA );Local: 15 - GALPÃO;29920;MBBA38624 - BRINCO DE METAL;UN;71171900;80,00;0,00;0,00;1,67;15,00;133,60;1200,00
Loja: 1 - NEWSHOP COMERCIO LTDA ( LOJA );Local: 15 - GALPÃO;29921;MBBA38805 BRINCO DE METAL;UN;71171900;60,00;0,00;0,00;1,67;15,50;100,20;930,00
Loja: 1 - NEWSHOP COMERCIO LTDA ( LOJA );Local: 15 - GALPÃO;29922;MBBA48815 - BRINCO DE METAL;UN;71171900;40,00;0,00;0,00;1,67;19,00;66,80;760,00
Loja: 1 - NEWSHOP COMERCIO LTDA ( LOJA );Local: 15 - GALPÃO;29923;MBCA08655 BRINCO DE METAL;UN;71171900;24,00;0,00;0,00;1,67;9,00;40,08;216,00
Loja: 1 - NEWSHOP COMERCIO LTDA ( LOJA );Local: 15 - GALPÃO;29924;MBCA28898 - BRINCO DE METAL;UN;71171900;56,00;0,00;0,00;1,67;20,00;93,52;1120,00
Loja: 1 - NEWSHOP COMERCIO LTDA ( LOJA );Local: 15 - GALPÃO;29925;MBDA08254 - BRINCO DE METAL;UN;71171900;14,00;0,00;0,00;1,67;12,00;23,38;168,00
Loja: 1 - NEWSHOP COMERCIO LTDA ( LOJA );Local: 15 - GALPÃO;29926;MBDA18159 - BRINCO DE METAL;UN;71171900;32,00;0,00;0,00;1,67;14,00;53,44;448,00
Loja: 1 - NEWSHOP COMERCIO LTDA ( LOJA );Local: 15 - GALPÃO;29927;MBDA18346 - BRINCO DE METAL;UN;71171900;80,00;0,00;0,00;1,67;14,50;133,60;1160,00
Loja: 1 - NEWSHOP COMERCIO LTDA ( LOJA );Local: 15 - GALPÃO;29929;MBDA38365 - BRINCO DE METAL;UN;71171900;32,00;0,00;0,00;1,67;21,50;53,44;688,00
Loja: 1 - NEWSHOP COMERCIO LTDA ( LOJA );Local: 15 - GALPÃO;29930;MBEA28613 - BRINCO DE METAL;UN;71171900;80,00;0,00;0,00;1,67;21,50;133,60;1720,00
Loja: 1 - NEWSHOP COMERCIO LTDA ( LOJA );Local: 15 - GALPÃO;29931;MBFA05502 BRINCO DE METAL;UN;71179000;9,00;0,00;0,00;0,83;18,50;7,47;166,50
Loja: 1 - NEWSHOP COMERCIO LTDA ( LOJA );Local: 15 - GALPÃO;29933;MCBA38536 COLAR DOIS CORACOES CRIANCAS;UN;71171900;30,00;0,00;0,00;1,67;17,00;50,10;510,00
Loja: 1 - NEWSHOP COMERCIO LTDA ( LOJA );Local: 15 - GALPÃO;29934;MCCA28195 COLAR DE METAL;UN;71171900;28,00;0,00;0,00;1,67;15,50;46,76;434,00
Loja: 1 - NEWSHOP COMERCIO LTDA ( LOJA );Local: 15 - GALPÃO;29935;BOM-1358 FITA ANTIDERRAPANTE MONOCROMATICA;UN;39191090;15,00;0,00;0,00;2,38;23,50;35,70;352,50
Loja: 1 - NEWSHOP COMERCIO LTDA ( LOJA );Local: 15 - GALPÃO;29936;MCDA08976 COLAR UM CORAÇÃO CRIANCA;UN;71171900;28,00;0,00;0,00;1,67;14,00;46,76;392,00
Loja: 1 - NEWSHOP COMERCIO LTDA ( LOJA );Local: 15 - GALPÃO;29937;MPRA21027 PULSEIRA DE METAL;UN;71179000;26,00;0,00;0,00;0,83;32,50;21,58;845,00
Loja: 1 - NEWSHOP COMERCIO LTDA ( LOJA );Local: 15 - GALPÃO;29940;C1439 - M  BOLSA  EM POLIESTER;UN;42022220;59,00;0,00;0,00;5,00;29,00;295,00;1711,00
Loja: 1 - NEWSHOP COMERCIO LTDA ( LOJA );Local: 15 - GALPÃO;29941;GDR1290 CALENDARIO D PLAST/BASE D MADE 13X155CM;UN;44201900;48,00;0,00;0,00;3,04;16,50;145,92;792,00
Loja: 1 - NEWSHOP COMERCIO LTDA ( LOJA );Local: 15 - GALPÃO;29943;FU-2 - BICICLETA ELETRICA (AUTOPROPELIDOS) CINZA - R36WD1000SA903643;UN;87116000;1,00;0,00;0,00;2216,09;8640,00;2216,09;8640,00
Loja: 1 - NEWSHOP COMERCIO LTDA ( LOJA );Local: 15 - GALPÃO;29947;C1440 - G  BOLSA  EM POLIESTER;UN;42022220;59,00;0,00;0,00;5,00;33,00;295,00;1947,00
Loja: 1 - NEWSHOP COMERCIO LTDA ( LOJA );Local: 15 - GALPÃO;29948;C1440 - M  BOLSA  EM POLIESTER;UN;42022220;59,00;0,00;0,00;5,00;29,00;295,00;1711,00
Loja: 1 - NEWSHOP COMERCIO LTDA ( LOJA );Local: 15 - GALPÃO;29949;C1440 - P  BOLSA  EM POLIESTER;UN;42022220;35,00;0,00;0,00;5,00;19,00;175,00;665,00
Loja: 1 - NEWSHOP COMERCIO LTDA ( LOJA );Local: 15 - GALPÃO;29950;C1441 - G BOLSA  EM POLIESTER;UN;42022220;47,00;0,00;0,00;5,00;33,00;235,00;1551,00
Loja: 1 - NEWSHOP COMERCIO LTDA ( LOJA );Local: 15 - GALPÃO;29951;C1441 - M  BOLSA  EM POLIESTER;UN;42022220;59,00;0,00;0,00;5,00;29,00;295,00;1711,00
Loja: 1 - NEWSHOP COMERCIO LTDA ( LOJA );Local: 15 - GALPÃO;29952;C1441 - P  BOLSA  EM POLIESTER;UN;42022220;59,00;0,00;0,00;5,00;19,00;295,00;1121,00
Loja: 1 - NEWSHOP COMERCIO LTDA ( LOJA );Local: 15 - GALPÃO;29953;C1439 - G BOLSA  EM POLIESTER;UN;42022220;59,00;0,00;0,00;5,00;33,00;295,00;1947,00
Loja: 1 - NEWSHOP COMERCIO LTDA ( LOJA );Local: 15 - GALPÃO;29954;C1439 - P BOLSA  EM POLIESTER;UN;42022220;59,00;0,00;0,00;5,00;19,00;295,00;1121,00
Loja: 1 - NEWSHOP COMERCIO LTDA ( LOJA );Local: 15 - GALPÃO;29955;C1198 - G BOLSA  EM POLIESTER;UN;42022220;60,00;0,00;0,00;5,00;33,00;300,00;1980,00
Loja: 1 - NEWSHOP COMERCIO LTDA ( LOJA );Local: 15 - GALPÃO;29956;C1198 - M BOLSA  EM POLIESTER;UN;42022220;60,00;0,00;0,00;5,00;29,00;300,00;1740,00
Loja: 1 - NEWSHOP COMERCIO LTDA ( LOJA );Local: 15 - GALPÃO;29957;C1198 - P BOLSA  EM POLIESTER;UN;42022220;60,00;0,00;0,00;5,00;19,00;300,00;1140,00
Loja: 1 - NEWSHOP COMERCIO LTDA ( LOJA );Local: 15 - GALPÃO;29964;CA04073 - KIT LUVA DE FORNO DESCANSO DE PANELA E PANO 3PECAS;UN;63029990;76,00;0,00;0,00;2,54;14,00;193,04;1064,00
Loja: 1 - NEWSHOP COMERCIO LTDA ( LOJA );Local: 15 - GALPÃO;29968;CA09547 - KIT COM 20 CUBOS DE GELO ARTIFICIAL COLORIDO;UN;39241000;1,00;0,00;0,00;3,32;12,00;3,32;12,00
Loja: 1 - NEWSHOP COMERCIO LTDA ( LOJA );Local: 15 - GALPÃO;29970;CA09986 - AMOLADOR DE FACA MANUAL DE USO DOMESTICO;UN;82055100;52,00;0,00;0,00;1,68;13,00;87,36;676,00
Loja: 1 - NEWSHOP COMERCIO LTDA ( LOJA );Local: 15 - GALPÃO;29974;CA15263 - KIT TOUCA DE BANHO CONTENDO 6 PECAS;UN;65069100;21,00;0,00;0,00;1,33;5,00;27,93;105,00
Loja: 1 - NEWSHOP COMERCIO LTDA ( LOJA );Local: 15 - GALPÃO;29978;"CA15293 - PANO DE PRATO; TAMANHO: 38X65CM";UN;63071000;76,00;0,00;0,00;0,27;10,00;20,52;760,00
Loja: 1 - NEWSHOP COMERCIO LTDA ( LOJA );Local: 15 - GALPÃO;29980;CA15455 - LUVA DE PROTECAO PARA FORNO EM POLIESTER REVESTIDO;UN;62160000;52,00;0,00;0,00;11,50;7,50;598,00;390,00
Loja: 1 - NEWSHOP COMERCIO LTDA ( LOJA );Local: 15 - GALPÃO;29982;CA17013 - CONJUNTO DE CABIDES CONTENDO 5 PECAS;UN;39249000;40,00;0,00;0,00;3,51;13,50;140,40;540,00
Loja: 1 - NEWSHOP COMERCIO LTDA ( LOJA );Local: 15 - GALPÃO;29983;CA17014 - CONJUNTO DE CABIDES;UN;44211000;10,00;0,00;0,00;4,13;17,00;41,30;170,00
Loja: 1 - NEWSHOP COMERCIO LTDA ( LOJA );Local: 15 - GALPÃO;29986;CA17071 - CONJUNTO DE CABIDES DE VELUDO COM PRESILHAS;UN;39249000;10,00;0,00;0,00;5,60;20,50;56,00;205,00
Loja: 1 - NEWSHOP COMERCIO LTDA ( LOJA );Local: 15 - GALPÃO;29987;CA17075 - CONJUNTO DE CABIDES COM PRESILHAS;UN;83025000;52,00;0,00;0,00;13,20;14,00;686,40;728,00
Loja: 1 - NEWSHOP COMERCIO LTDA ( LOJA );Local: 15 - GALPÃO;29991;020060000 GUACHE 6CORES/15ML HANG SEM COR (1/12);UN;32131000;14,00;0,00;0,00;31,91;8,50;446,74;119,00
Loja: 1 - NEWSHOP COMERCIO LTDA ( LOJA );Local: 15 - GALPÃO;29992;CX248 - QUEIJEIRA COM TAMPA;UN;44191900;35,00;0,00;0,00;1,00;16,00;35,00;560,00
Loja: 1 - NEWSHOP COMERCIO LTDA ( LOJA );Local: 15 - GALPÃO;29993;CX260 - BANDEJA  295X295X12CM;UN;44199000;30,00;0,00;0,00;1,00;14,50;30,00;435,00
Loja: 1 - NEWSHOP COMERCIO LTDA ( LOJA );Local: 15 - GALPÃO;29994;"CX261 - PETISQUEIRA;  235X235X12CM";UN;44199000;52,00;0,00;0,00;2,62;10,50;136,24;546,00
Loja: 1 - NEWSHOP COMERCIO LTDA ( LOJA );Local: 15 - GALPÃO;29995;CX262 - PETISQUEIRA295X295X12CM;UN;44199000;40,00;0,00;0,00;3,67;14,50;146,80;580,00
Loja: 1 - NEWSHOP COMERCIO LTDA ( LOJA );Local: 15 - GALPÃO;29998;LWJ-H1803 KIT CHAVES COM 6 PECAS;UN;82059000;60,00;0,00;0,00;4,83;31,00;289,80;1860,00
Loja: 1 - NEWSHOP COMERCIO LTDA ( LOJA );Local: 15 - GALPÃO;29999;LWJ-177 CONJUNTO DE FERRAMENTAS;UN;82059000;20,00;0,00;0,00;1,78;14,50;35,60;290,00
Loja: 1 - NEWSHOP COMERCIO LTDA ( LOJA );Local: 15 - GALPÃO;30002;SCOO-X9-BRANC1 SCOOTER ELETRICO (H2) AZUL;UN;87116000;2,00;0,00;0,00;1100,00;11999,00;2200,00;23998,00
Loja: 1 - NEWSHOP COMERCIO LTDA ( LOJA );Local: 15 - GALPÃO;30003;SCOO-X9 SCOOTER ELETRICO CAFÉ;UN;87116000;2,00;0,00;0,00;1056,00;0,00;2112,00;0,00
Loja: 1 - NEWSHOP COMERCIO LTDA ( LOJA );Local: 15 - GALPÃO;30004;SCOO-X9 SCOOTER ELETRICO VERMELHA/BRANCO;UN;87116000;2,00;0,00;0,00;1056,00;0,00;2112,00;0,00
Loja: 1 - NEWSHOP COMERCIO LTDA ( LOJA );Local: 15 - GALPÃO;30008;YZDC-2 BATERIA PARA TRICICLO ELÉTRICO;UN;85076000;5,00;0,00;0,00;200,00;0,00;1000,00;0,00
Loja: 1 - NEWSHOP COMERCIO LTDA ( LOJA );Local: 15 - GALPÃO;30009;LT-434 LANTERNA ELETRICA PORTATIL - MARCA LUATEK;UN;85131010;30,00;0,00;0,00;5,06;35,50;151,80;1065,00
Loja: 1 - NEWSHOP COMERCIO LTDA ( LOJA );Local: 15 - GALPÃO;30014;ON-LT038 LANTERNA TRASEIRA PARA BICICLETA - POTENCIA: 3W - TENSAO: 4;UN;85121000;20,00;0,00;0,00;1,63;23,00;32,60;460,00
Loja: 1 - NEWSHOP COMERCIO LTDA ( LOJA );Local: 15 - GALPÃO;30016;ON-TWS36 FONE DE OUVIDO SEM FIO BLUETOOTH;UN;85183000;10,00;0,00;0,00;1,50;63,50;15,00;635,00
Loja: 1 - NEWSHOP COMERCIO LTDA ( LOJA );Local: 15 - GALPÃO;30030;MS3010 MINI SELADORA;UN;39249000;18000,00;0,00;0,00;0,58;0,00;10440,00;0,00
Loja: 1 - NEWSHOP COMERCIO LTDA ( LOJA );Local: 15 - GALPÃO;30036;NSP-2054 SUPORTE DE PLASTICO EMPVC PARA CELULAR;UN;39269090;80,00;0,00;0,00;4,92;14,50;393,60;1160,00
Loja: 1 - NEWSHOP COMERCIO LTDA ( LOJA );Local: 15 - GALPÃO;30038;NFB-139- FONE DE OUVIDO BLUETOOTH;UN;85183000;70,00;0,00;0,00;1,50;45,00;105,00;3150,00
Loja: 1 - NEWSHOP COMERCIO LTDA ( LOJA );Local: 15 - GALPÃO;30039;BOM-5642 - FERRAMENTA INTEGRADA DE ROSQUEAMENTO;UN;82074010;50,00;0,00;0,00;1,50;11,50;75,00;575,00
Loja: 1 - NEWSHOP COMERCIO LTDA ( LOJA );Local: 15 - GALPÃO;30042;BOM-1596 COLA INDUSTRIAL CAST COM 3 PECAS - 85G;UN;35061090;24,00;0,00;0,00;1,25;11,50;30,00;276,00
Loja: 1 - NEWSHOP COMERCIO LTDA ( LOJA );Local: 15 - GALPÃO;30044;BOM-5641 - FERRAMENTA INTEGRADA DE ROSQUEAMENTO;UN;82074010;80,00;0,00;0,00;2,00;8,00;160,00;640,00
Loja: 1 - NEWSHOP COMERCIO LTDA ( LOJA );Local: 15 - GALPÃO;30045;XL24209 ESPATULA - 335CM;UN;82159910;36,00;0,00;0,00;1,22;7,00;43,92;252,00
Loja: 1 - NEWSHOP COMERCIO LTDA ( LOJA );Local: 15 - GALPÃO;30061;KL-1532 - LUMINARIA DE MESA EM PLASTICO 3D PARA ESCREVER TIPO LOUSA;UN;94052100;30,00;0,00;0,00;0,29;13,00;8,70;390,00
Loja: 1 - NEWSHOP COMERCIO LTDA ( LOJA );Local: 15 - GALPÃO;30068;KL-1542 - LUMINARIA DE MESA EM PLASTICO 3D PARA ESCREVER;UN;94052100;80,00;0,00;0,00;1,00;13,00;80,00;1040,00
Loja: 1 - NEWSHOP COMERCIO LTDA ( LOJA );Local: 15 - GALPÃO;30073;LWJ-1959 REDE ORGANIZADORA ELASTICA MULTIUSO;UN;56090010;79,00;0,00;0,00;7,65;14,00;604,35;1106,00
Loja: 1 - NEWSHOP COMERCIO LTDA ( LOJA );Local: 15 - GALPÃO;30074;LWJ-2217 ALICATE DE PRESSAO EM ACO;UN;82032010;-20,00;0,00;0,00;3,19;22,50;-63,80;-450,00
Loja: 1 - NEWSHOP COMERCIO LTDA ( LOJA );Local: 15 - GALPÃO;30083;KL-1546 - LUMINARIA PARA DECORACAO DE MESA/SALA;UN;94052100;80,00;0,00;0,00;0,29;13,00;23,20;1040,00
Loja: 1 - NEWSHOP COMERCIO LTDA ( LOJA );Local: 15 - GALPÃO;30085;LCW-YYF23-XL - ROUPA DE PET;UN;62019000;54,00;0,00;0,00;2,00;24,50;108,00;1323,00
Loja: 1 - NEWSHOP COMERCIO LTDA ( LOJA );Local: 15 - GALPÃO;30086;LCW-YYF25-S - ROUPA DE PET;UN;62019000;14,00;0,00;0,00;1,80;22,00;25,20;308,00
Loja: 1 - NEWSHOP COMERCIO LTDA ( LOJA );Local: 15 - GALPÃO;30097;BOM-1124 CHAVE PHILLIPS 8 POLEGADAS COM CABO DE PLASTICO;UN;82055900;36,00;0,00;0,00;3,36;6,50;120,96;234,00
Loja: 1 - NEWSHOP COMERCIO LTDA ( LOJA );Local: 15 - GALPÃO;30117;DF18 - SCOOTER PRETA - HE1MWU085R5003543;UN;95030010;1,00;0,00;0,00;2,75;7799,00;2,75;7799,00
Loja: 1 - NEWSHOP COMERCIO LTDA ( LOJA );Local: 15 - GALPÃO;30121;ZJ - SCOOTER PRETA - HE1MWU085R5001310;UN;95030010;1,00;0,00;0,00;1000,00;7999,00;1000,00;7999,00
Loja: 1 - NEWSHOP COMERCIO LTDA ( LOJA );Local: 15 - GALPÃO;30122;W3016  BOLSA FEMININA M (2900);UN;42022220;75,00;0,00;0,00;1,00;29,00;75,00;2175,00
Loja: 1 - NEWSHOP COMERCIO LTDA ( LOJA );Local: 15 - GALPÃO;30123;W3016 BOLSA FEMININA P (18 00);UN;42022220;75,00;0,00;0,00;1,00;18,00;75,00;1350,00
Loja: 1 - NEWSHOP COMERCIO LTDA ( LOJA );Local: 15 - GALPÃO;30124;W3017 BOLSA FEMININA M (2900);UN;42022220;75,00;0,00;0,00;1,00;29,00;75,00;2175,00
Loja: 1 - NEWSHOP COMERCIO LTDA ( LOJA );Local: 15 - GALPÃO;30125;W3017 BOLSA FEMININA P (1800);UN;42022220;75,00;0,00;0,00;5,00;18,00;375,00;1350,00
Loja: 1 - NEWSHOP COMERCIO LTDA ( LOJA );Local: 15 - GALPÃO;30126;ZJ - SCOOTER CINZA COM LARANJA - HE1MWU085R5001304;UN;95030010;1,00;0,00;0,00;1000,00;7999,00;1000,00;7999,00
Loja: 1 - NEWSHOP COMERCIO LTDA ( LOJA );Local: 15 - GALPÃO;30131;DF18 - SCOOTER BRANCO LEITE - HE1MWU085R5003535;UN;95030010;1,00;0,00;0,00;2,75;7799,00;2,75;7799,00
Loja: 1 - NEWSHOP COMERCIO LTDA ( LOJA );Local: 15 - GALPÃO;30151;MCH088 CAIXA DE RELOGIO;UN;91061000;160,00;0,00;0,00;1,00;55,00;160,00;8800,00
Loja: 1 - NEWSHOP COMERCIO LTDA ( LOJA );Local: 15 - GALPÃO;30164;020250538 TEMPERA GUACHE 250 ML AMARELO PESSEGO;UN;32131000;18,00;0,00;0,00;1,00;11,00;18,00;198,00
Loja: 1 - NEWSHOP COMERCIO LTDA ( LOJA );Local: 15 - GALPÃO;30177;058260000 KIMELEKA BUTTER 12X130G SEM COR;UN;95030080;24,00;0,00;0,00;2,30;11,00;55,20;264,00
Loja: 1 - NEWSHOP COMERCIO LTDA ( LOJA );Local: 15 - GALPÃO;30180;073150814 MASSA DE MODELAR SOFT 150G CHOCOLATE;UN;34070010;12,00;0,00;0,00;1,79;8,50;21,48;102,00
Loja: 1 - NEWSHOP COMERCIO LTDA ( LOJA );Local: 15 - GALPÃO;30182;DELTA-F5332 FONE DE OUVIDO (HEADSET) COM MICROFONE - CONEXAO VIA CABO;UN;85183000;30,00;0,00;0,00;9,98;0,00;299,40;0,00
Loja: 1 - NEWSHOP COMERCIO LTDA ( LOJA );Local: 15 - GALPÃO;30184;DELTA-S431  SUPORTE DE PLASTICO PARA CONTROLE DE VIDEOGAME E FONE DE OUVIDO;UN;85189090;5,00;0,00;0,00;7,44;65,00;37,20;325,00
Loja: 1 - NEWSHOP COMERCIO LTDA ( LOJA );Local: 15 - GALPÃO;30186;091270000 BIG GIZ DE CERA - 24 CORES;UN;96099000;24,00;0,00;0,00;8,59;21,50;206,16;516,00
Loja: 1 - NEWSHOP COMERCIO LTDA ( LOJA );Local: 15 - GALPÃO;30188;G345-0551/G418-1102 PULSEIRA DE AÇO;UN;71179000;24,00;0,00;0,00;0,83;13,50;19,92;324,00
Loja: 1 - NEWSHOP COMERCIO LTDA ( LOJA );Local: 15 - GALPÃO;30189;Q128-1809 - COLAR DE ZIRCONIA;UN;71179000;24,00;0,00;0,00;6,40;16,00;153,60;384,00
Loja: 1 - NEWSHOP COMERCIO LTDA ( LOJA );Local: 15 - GALPÃO;30192;Q19-1401 - CHAVEIRO;UN;71179000;12,00;0,00;0,00;0,83;12,00;9,96;144,00
Loja: 1 - NEWSHOP COMERCIO LTDA ( LOJA );Local: 15 - GALPÃO;30193;096460000 LAPIS DE COR NEON 6 CORES;UN;96091000;12,00;0,00;0,00;1,00;10,50;12,00;126,00
Loja: 1 - NEWSHOP COMERCIO LTDA ( LOJA );Local: 15 - GALPÃO;30199;Q128-1805 - COLAR ZIRCONIA;UN;71179000;12,00;0,00;0,00;6,40;16,00;76,80;192,00
Loja: 1 - NEWSHOP COMERCIO LTDA ( LOJA );Local: 15 - GALPÃO;30200;Q419-1804 - CORDAO DE CELULAR COM STRASS 80CM;UN;71179000;60,00;0,00;0,00;0,83;16,50;49,80;990,00
Loja: 1 - NEWSHOP COMERCIO LTDA ( LOJA );Local: 15 - GALPÃO;30201;Q68-2312 - COLAR;UN;71179000;24,00;0,00;0,00;0,33;6,50;7,92;156,00
Loja: 1 - NEWSHOP COMERCIO LTDA ( LOJA );Local: 15 - GALPÃO;30206;G696-0371 - BRINCO DE AÇO;UN;71171900;12,00;0,00;0,00;1,67;17,50;20,04;210,00
Loja: 1 - NEWSHOP COMERCIO LTDA ( LOJA );Local: 15 - GALPÃO;30207;Q128-1806 - COLAR DE ZIRCONIA;UN;71179000;12,00;0,00;0,00;6,40;16,00;76,80;192,00
Loja: 1 - NEWSHOP COMERCIO LTDA ( LOJA );Local: 15 - GALPÃO;30208;Q128-1807 - COLAR DE ZIRCONIA;UN;71179000;12,00;0,00;0,00;6,40;16,00;76,80;192,00
Loja: 1 - NEWSHOP COMERCIO LTDA ( LOJA );Local: 15 - GALPÃO;30209;Q68-0326 - COLAR COM JUNTO;UN;71171900;36,00;0,00;0,00;1,67;20,00;60,12;720,00
Loja: 1 - NEWSHOP COMERCIO LTDA ( LOJA );Local: 15 - GALPÃO;30210;Q128-1802 - COLAR DE ZIRCONIA;UN;71171900;12,00;0,00;0,00;1,67;20,00;20,04;240,00
Loja: 1 - NEWSHOP COMERCIO LTDA ( LOJA );Local: 15 - GALPÃO;30211;Y368-8116-2.0 - COLAR DE AÇO;UN;71171900;12,00;0,00;0,00;1,67;12,00;20,04;144,00
Loja: 1 - NEWSHOP COMERCIO LTDA ( LOJA );Local: 15 - GALPÃO;30212;Q38-1621 - PULSEIRA DE BRAÇOS;UN;71179000;12,00;0,00;0,00;4,80;12,00;57,60;144,00
Loja: 1 - NEWSHOP COMERCIO LTDA ( LOJA );Local: 15 - GALPÃO;30214;Q59-2301 - PULSEIRA DE BRAÇOS;UN;71179000;24,00;0,00;0,00;5,33;13,50;127,92;324,00
Loja: 1 - NEWSHOP COMERCIO LTDA ( LOJA );Local: 15 - GALPÃO;30215;Q521-2102 -  PULSEIRA DE BRAÇOS;UN;71179000;12,00;0,00;0,00;1,20;24,00;14,40;288,00
Loja: 1 - NEWSHOP COMERCIO LTDA ( LOJA );Local: 15 - GALPÃO;30216;Y119-2310 - BRINCO DE PRATA;UN;71171900;24,00;0,00;0,00;1,67;13,00;40,08;312,00
Loja: 1 - NEWSHOP COMERCIO LTDA ( LOJA );Local: 15 - GALPÃO;30217;Q18-1802 - PULSEIRA DE BRAÇOS;UN;71179000;12,00;0,00;0,00;0,83;12,00;9,96;144,00
Loja: 1 - NEWSHOP COMERCIO LTDA ( LOJA );Local: 15 - GALPÃO;30219;Q68-1921 - BRINCO;UN;71171900;24,00;0,00;0,00;2,67;6,50;64,08;156,00
Loja: 1 - NEWSHOP COMERCIO LTDA ( LOJA );Local: 15 - GALPÃO;30220;Q68-1922 - BRINCO;UN;71171900;48,00;0,00;0,00;2,40;6,00;115,20;288,00
Loja: 1 - NEWSHOP COMERCIO LTDA ( LOJA );Local: 15 - GALPÃO;30221;J229-0118 - BRINCO DE AÇO;UN;71171900;48,00;0,00;0,00;1,67;30,00;80,16;1440,00
Loja: 1 - NEWSHOP COMERCIO LTDA ( LOJA );Local: 15 - GALPÃO;30222;Q68-0410 - BRINCO;UN;71171900;12,00;0,00;0,00;0,30;20,00;3,60;240,00
Loja: 1 - NEWSHOP COMERCIO LTDA ( LOJA );Local: 15 - GALPÃO;30223;Q290-1010 - BRINCO DE AÇO;UN;71171900;24,00;0,00;0,00;1,17;14,00;28,08;336,00
Loja: 1 - NEWSHOP COMERCIO LTDA ( LOJA );Local: 15 - GALPÃO;30225;J465-2002 - BRINCO DE AÇO;UN;71171900;12,00;0,00;0,00;1,67;20,00;20,04;240,00
Loja: 1 - NEWSHOP COMERCIO LTDA ( LOJA );Local: 15 - GALPÃO;30227;J345-0344 - PULSEIRA DE BRAÇOS DE AÇO;UN;71179000;24,00;0,00;0,00;0,83;12,00;19,92;288,00
Loja: 1 - NEWSHOP COMERCIO LTDA ( LOJA );Local: 15 - GALPÃO;30228;J-0102 - BRINCO DE  AÇO;UN;71179000;12,00;0,00;0,00;0,83;10,00;9,96;120,00
Loja: 1 - NEWSHOP COMERCIO LTDA ( LOJA );Local: 15 - GALPÃO;30229;J368-8175 - BRINCO DE  AÇO;UN;71171900;12,00;0,00;0,00;1,67;18,00;20,04;216,00
Loja: 1 - NEWSHOP COMERCIO LTDA ( LOJA );Local: 15 - GALPÃO;30230;Y368-8126-1.4 - COLAR DE AÇO;UN;71171900;12,00;0,00;0,00;1,67;11,50;20,04;138,00
Loja: 1 - NEWSHOP COMERCIO LTDA ( LOJA );Local: 15 - GALPÃO;30231;Y119-2309-2 - COLAR DE PRATA;UN;71171900;48,00;0,00;0,00;1,67;13,00;80,16;624,00
Loja: 1 - NEWSHOP COMERCIO LTDA ( LOJA );Local: 15 - GALPÃO;30232;J932-0102 - BRINCO DE AÇO;UN;71171900;48,00;0,00;0,00;1,67;6,00;80,16;288,00
Loja: 1 - NEWSHOP COMERCIO LTDA ( LOJA );Local: 15 - GALPÃO;30233;G276-0159 -PULSEIRA DE BRAÇOS DE AÇO;UN;71179000;12,00;0,00;0,00;0,83;13,50;9,96;162,00
Loja: 1 - NEWSHOP COMERCIO LTDA ( LOJA );Local: 15 - GALPÃO;30234;J276-0157 - PULSEIRA DE BRAÇOS DE AÇO;UN;71179000;24,00;0,00;0,00;0,83;16,50;19,92;396,00
Loja: 1 - NEWSHOP COMERCIO LTDA ( LOJA );Local: 15 - GALPÃO;30235;Q290-0904 - BRINCO DE AÇO;UN;71171900;36,00;0,00;0,00;1,00;6,50;36,00;234,00
Loja: 1 - NEWSHOP COMERCIO LTDA ( LOJA );Local: 15 - GALPÃO;30236;G276-0157 - PULSEIRA DE BRAÇOS DE AÇO;UN;71179000;24,00;0,00;0,00;0,83;15,00;19,92;360,00
Loja: 1 - NEWSHOP COMERCIO LTDA ( LOJA );Local: 15 - GALPÃO;30237;Q521-2104 - PULSEIRA DE BRAÇOS;UN;71179000;12,00;0,00;0,00;0,50;26,00;6,00;312,00
Loja: 1 - NEWSHOP COMERCIO LTDA ( LOJA );Local: 15 - GALPÃO;30238;Q521-2106 - PULSEIRA DE BRAÇOS;UN;71179000;12,00;0,00;0,00;0,83;26,00;9,96;312,00
Loja: 1 - NEWSHOP COMERCIO LTDA ( LOJA );Local: 15 - GALPÃO;30239;Q18-0909 - PULSEIRA DE BRAÇOS;UN;71179000;12,00;0,00;0,00;0,83;12,00;9,96;144,00
Loja: 1 - NEWSHOP COMERCIO LTDA ( LOJA );Local: 15 - GALPÃO;30240;Q38-0802 - PULSEIRA DE BRAÇO;UN;71179000;12,00;0,00;0,00;0,83;12,00;9,96;144,00
Loja: 1 - NEWSHOP COMERCIO LTDA ( LOJA );Local: 15 - GALPÃO;30241;Q38-0804 - PULSEIRA DE BRAÇOS;UN;71179000;12,00;0,00;0,00;0,83;12,00;9,96;144,00
Loja: 1 - NEWSHOP COMERCIO LTDA ( LOJA );Local: 15 - GALPÃO;30242;Q18-0907 - PULSEIRA DE BRAÇO;UN;71179000;12,00;0,00;0,00;1,40;12,00;16,80;144,00
Loja: 1 - NEWSHOP COMERCIO LTDA ( LOJA );Local: 15 - GALPÃO;30243;G368-8173 - BRINCO DE  AÇO;UN;71179000;12,00;0,00;0,00;0,83;13,00;9,96;156,00
Loja: 1 - NEWSHOP COMERCIO LTDA ( LOJA );Local: 15 - GALPÃO;30244;Q290-1541 - PULSEIRA DE AÇO;UN;71179000;24,00;0,00;0,00;0,83;12,00;19,92;288,00
Loja: 1 - NEWSHOP COMERCIO LTDA ( LOJA );Local: 15 - GALPÃO;30245;Q290-1543 - PULSEIRA  DE AÇO;UN;71179000;24,00;0,00;0,00;0,83;16,50;19,92;396,00
Loja: 1 - NEWSHOP COMERCIO LTDA ( LOJA );Local: 15 - GALPÃO;30246;J345-0548 - PULSEIRA DE BRAÇOS DE AÇO;UN;71179000;24,00;0,00;0,00;0,83;15,00;19,92;360,00
Loja: 1 - NEWSHOP COMERCIO LTDA ( LOJA );Local: 15 - GALPÃO;30247;G928-0106 - PULSEIRA DE AÇO;UN;71179000;24,00;0,00;0,00;0,83;4,00;19,92;96,00
Loja: 1 - NEWSHOP COMERCIO LTDA ( LOJA );Local: 15 - GALPÃO;30248;G928-0107 - PULSEIRA DE AÇO;UN;71179000;24,00;0,00;0,00;0,83;5,50;19,92;132,00
Loja: 1 - NEWSHOP COMERCIO LTDA ( LOJA );Local: 15 - GALPÃO;30249;G928-0108 - PULSEIRA DE AÇO;UN;71179000;24,00;0,00;0,00;0,83;8,00;19,92;192,00
Loja: 1 - NEWSHOP COMERCIO LTDA ( LOJA );Local: 15 - GALPÃO;30250;J928-0106 - PULSEIRA DE AÇO;UN;71179000;24,00;0,00;0,00;0,83;5,00;19,92;120,00
Loja: 1 - NEWSHOP COMERCIO LTDA ( LOJA );Local: 15 - GALPÃO;30251;J928-0107 - PULSEIRA DE AÇO;UN;71179000;24,00;0,00;0,00;0,83;8,00;19,92;192,00
Loja: 1 - NEWSHOP COMERCIO LTDA ( LOJA );Local: 15 - GALPÃO;30252;J928-0108 - PULSEIRA DE AÇO;UN;71179000;24,00;0,00;0,00;0,83;11,00;19,92;264,00
Loja: 1 - NEWSHOP COMERCIO LTDA ( LOJA );Local: 15 - GALPÃO;30253;J276-0159 - PULSEIRA DE BRAÇOS DE AÇO;UN;71179000;24,00;0,00;0,00;0,83;15,00;19,92;360,00
Loja: 1 - NEWSHOP COMERCIO LTDA ( LOJA );Local: 15 - GALPÃO;30254;J229-0219 - BRINCOS DE ACO COM 6 PAR;UN;71179000;48,00;0,00;0,00;8,00;20,00;384,00;960,00
Loja: 1 - NEWSHOP COMERCIO LTDA ( LOJA );Local: 15 - GALPÃO;30255;J908-1701-1 - BRINCO DE AÇO;UN;71179000;12,00;0,00;0,00;0,83;14,00;9,96;168,00
Loja: 1 - NEWSHOP COMERCIO LTDA ( LOJA );Local: 15 - GALPÃO;30256;G-0362 - BRINCO DE  AÇO;UN;71171900;24,00;0,00;0,00;1,67;20,00;40,08;480,00
Loja: 1 - NEWSHOP COMERCIO LTDA ( LOJA );Local: 15 - GALPÃO;30257;J696-0305 - BRINCO DE AÇO;UN;71171900;24,00;0,00;0,00;1,67;24,00;40,08;576,00
Loja: 1 - NEWSHOP COMERCIO LTDA ( LOJA );Local: 15 - GALPÃO;30258;J368-8173 - BRINCO DE  AÇO;UN;71171900;12,00;0,00;0,00;1,67;14,00;20,04;168,00
Loja: 1 - NEWSHOP COMERCIO LTDA ( LOJA );Local: 15 - GALPÃO;30259;J368-1664 - BRINCO DE AÇO;UN;71171900;24,00;0,00;0,00;1,67;10,00;40,08;240,00
Loja: 1 - NEWSHOP COMERCIO LTDA ( LOJA );Local: 15 - GALPÃO;30260;J-0106 - BRINCO DE  AÇO;UN;71179000;12,00;0,00;0,00;0,83;10,00;9,96;120,00
Loja: 1 - NEWSHOP COMERCIO LTDA ( LOJA );Local: 15 - GALPÃO;30261;G368-8175 - BRINCO DE  AÇO;UN;71179000;12,00;0,00;0,00;0,83;15,00;9,96;180,00
Loja: 1 - NEWSHOP COMERCIO LTDA ( LOJA );Local: 15 - GALPÃO;30263;G368-8174 - BRINCO DE  AÇO;UN;71179000;12,00;0,00;0,00;0,83;13,00;9,96;156,00
Loja: 1 - NEWSHOP COMERCIO LTDA ( LOJA );Local: 15 - GALPÃO;30264;J-0359 - BRINCO DE AÇO;UN;71179000;48,00;0,00;0,00;0,83;20,50;39,84;984,00
Loja: 1 - NEWSHOP COMERCIO LTDA ( LOJA );Local: 15 - GALPÃO;30265;J-0360 - BRINCO DE AÇO;UN;71179000;24,00;0,00;0,00;0,83;20,50;19,92;492,00
Loja: 1 - NEWSHOP COMERCIO LTDA ( LOJA );Local: 15 - GALPÃO;30266;J-0361 - BRINCO DE AÇO;UN;71179000;24,00;0,00;0,00;0,83;20,50;19,92;492,00
Loja: 1 - NEWSHOP COMERCIO LTDA ( LOJA );Local: 15 - GALPÃO;30267;J-0103 - BRINCO DE  AÇO;UN;71179000;12,00;0,00;0,00;0,83;10,00;9,96;120,00
Loja: 1 - NEWSHOP COMERCIO LTDA ( LOJA );Local: 15 - GALPÃO;30268;J-0362 - BRINCO DE AÇO;UN;71179000;24,00;0,00;0,00;0,83;20,50;19,92;492,00
Loja: 1 - NEWSHOP COMERCIO LTDA ( LOJA );Local: 15 - GALPÃO;30270;J229-0218 - BRINCO DE AÇO;UN;71179000;12,00;0,00;0,00;0,83;24,00;9,96;288,00
Loja: 1 - NEWSHOP COMERCIO LTDA ( LOJA );Local: 15 - GALPÃO;30273;J-0363 - BRINCO DE AÇO;UN;71179000;24,00;0,00;0,00;0,83;20,50;19,92;492,00
Loja: 1 - NEWSHOP COMERCIO LTDA ( LOJA );Local: 15 - GALPÃO;30274;J-0107 - BRINCO DE  AÇO;UN;71179000;12,00;0,00;0,00;0,83;10,00;9,96;120,00
Loja: 1 - NEWSHOP COMERCIO LTDA ( LOJA );Local: 15 - GALPÃO;30275;MF8210 CONJUNTO DE BOLSA ( BOLSA LAMCHEIRA E ESTOJO);UN;42029200;40,00;0,00;0,00;61,26;0,00;2450,40;0,00
Loja: 1 - NEWSHOP COMERCIO LTDA ( LOJA );Local: 15 - GALPÃO;30276;J-0364 - BRINCO DE AÇO;UN;71179000;24,00;0,00;0,00;0,83;20,50;19,92;492,00
Loja: 1 - NEWSHOP COMERCIO LTDA ( LOJA );Local: 15 - GALPÃO;30277;G696-0542 - BRINCO DE AÇO;UN;71179000;12,00;0,00;0,00;0,83;12,00;9,96;144,00
Loja: 1 - NEWSHOP COMERCIO LTDA ( LOJA );Local: 15 - GALPÃO;30278;J-0353 - BRINCO DE AÇO;UN;71179000;24,00;0,00;0,00;0,83;23,50;19,92;564,00
Loja: 1 - NEWSHOP COMERCIO LTDA ( LOJA );Local: 15 - GALPÃO;30283;Q18-2301 - PULSEIRA;UN;71179000;12,00;0,00;0,00;0,83;12,00;9,96;144,00
Loja: 1 - NEWSHOP COMERCIO LTDA ( LOJA );Local: 15 - GALPÃO;30284;G908-1701-1 - BRINCO DE AÇO;UN;71179000;12,00;0,00;0,00;1,00;12,50;12,00;150,00
Loja: 1 - NEWSHOP COMERCIO LTDA ( LOJA );Local: 15 - GALPÃO;30285;Q18-0905 - PULSEIRA DE BRAÇOS;UN;71179000;12,00;0,00;0,00;0,60;12,00;7,20;144,00
Loja: 1 - NEWSHOP COMERCIO LTDA ( LOJA );Local: 15 - GALPÃO;30287;Q723-2303 - PIRANHA;UN;71179000;36,00;0,00;0,00;0,19;8,00;6,84;288,00
Loja: 1 - NEWSHOP COMERCIO LTDA ( LOJA );Local: 15 - GALPÃO;30288;Q723-2302 - PRENDEDOR DE CABELO;UN;71179000;36,00;0,00;0,00;0,33;8,00;11,88;288,00
Loja: 1 - NEWSHOP COMERCIO LTDA ( LOJA );Local: 15 - GALPÃO;30289;Q18-1807 - PULSEIRA DE BRAÇOS;UN;71179000;12,00;0,00;0,00;0,83;12,00;9,96;144,00
Loja: 1 - NEWSHOP COMERCIO LTDA ( LOJA );Local: 15 - GALPÃO;30291;J696-0365 - BRINCOS DE AÇO;UN;71179000;12,00;0,00;0,00;0,83;23,50;9,96;282,00
Loja: 1 - NEWSHOP COMERCIO LTDA ( LOJA );Local: 15 - GALPÃO;30295;G696-0544 - BRINCO DE AÇO;UN;71179000;12,00;0,00;0,00;0,83;12,00;9,96;144,00
Loja: 1 - NEWSHOP COMERCIO LTDA ( LOJA );Local: 15 - GALPÃO;30296;Q18-0912 - PULSEIRA DE BRAÇOS;UN;71179000;12,00;0,00;0,00;0,83;12,00;9,96;144,00
Loja: 1 - NEWSHOP COMERCIO LTDA ( LOJA );Local: 15 - GALPÃO;30297;Q18-1805 - PULSEIRA DE BRAÇOS;UN;71179000;12,00;0,00;0,00;4,80;12,00;57,60;144,00
Loja: 1 - NEWSHOP COMERCIO LTDA ( LOJA );Local: 15 - GALPÃO;30298;J696-0309 - PULSEIRA DE AÇO;UN;71179000;12,00;0,00;0,00;0,83;15,00;9,96;180,00
Loja: 1 - NEWSHOP COMERCIO LTDA ( LOJA );Local: 15 - GALPÃO;30299;Q18-1810 - PULSEIRA DE BRAÇOS;UN;71179000;12,00;0,00;0,00;0,83;12,00;9,96;144,00
Loja: 1 - NEWSHOP COMERCIO LTDA ( LOJA );Local: 15 - GALPÃO;30300;DF18 - SCOOTER PRETA  - HE1MWU085R5003566;UN;95030010;1,00;0,00;0,00;1000,00;7799,00;1000,00;7799,00
Loja: 1 - NEWSHOP COMERCIO LTDA ( LOJA );Local: 15 - GALPÃO;30301;Q723-2306 - PIRANHA;UN;71179000;36,00;0,00;0,00;0,83;4,00;29,88;144,00
Loja: 1 - NEWSHOP COMERCIO LTDA ( LOJA );Local: 15 - GALPÃO;30303;Q68-0119 - COLAR;UN;71171900;24,00;0,00;0,00;1,67;16,00;40,08;384,00
Loja: 1 - NEWSHOP COMERCIO LTDA ( LOJA );Local: 15 - GALPÃO;30305;Y368-8128-1.4 - COLAR;UN;71171900;12,00;0,00;0,00;1,67;7,00;20,04;84,00
Loja: 1 - NEWSHOP COMERCIO LTDA ( LOJA );Local: 15 - GALPÃO;30310;Q705-0703 - RABICO INFANTIL;UN;71179000;12,00;0,00;0,00;0,83;16,50;9,96;198,00
Loja: 1 - NEWSHOP COMERCIO LTDA ( LOJA );Local: 15 - GALPÃO;30312;Q705-2102 - KIT INFANTIL;UN;71179000;84,00;0,00;0,00;7,66;11,50;643,44;966,00
Loja: 1 - NEWSHOP COMERCIO LTDA ( LOJA );Local: 15 - GALPÃO;30313;TT-1202UC CARREGADOR PARA CELULAR - ENTRADA: AC 100V-240V 05A;UN;85044010;80,00;0,00;0,00;1,47;23,50;117,60;1880,00
Loja: 1 - NEWSHOP COMERCIO LTDA ( LOJA );Local: 15 - GALPÃO;30314;TT-1202UL CARREGADOR PARA CELULAR - ENTRADA: AC 100V-240V;UN;85044010;80,00;0,00;0,00;1,45;24,00;116,00;1920,00
Loja: 1 - NEWSHOP COMERCIO LTDA ( LOJA );Local: 15 - GALPÃO;30315;Q723-2301 - PIRANHA;UN;71179000;24,00;0,00;0,00;0,83;5,50;19,92;132,00
Loja: 1 - NEWSHOP COMERCIO LTDA ( LOJA );Local: 15 - GALPÃO;30316;TT-1202UV CARREGADOR PARA CELULAR - ENTRADA: AC 100V-240V;UN;85044010;80,00;0,00;0,00;1,47;22,50;117,60;1800,00
Loja: 1 - NEWSHOP COMERCIO LTDA ( LOJA );Local: 15 - GALPÃO;30317;MT-1010 MICROFONE COM FIO - FREQUENCIA: 10 ~ 15000HZ - SENSIBILIDADE: +/- 3DB;UN;85181090;30,00;0,00;0,00;1,56;18,00;46,80;540,00
Loja: 1 - NEWSHOP COMERCIO LTDA ( LOJA );Local: 15 - GALPÃO;30321;TC-202M - CABO COM CONECTOR USB PARA MICRO V8;UN;85444200;10,00;0,00;0,00;1,11;9,50;11,10;95,00
Loja: 1 - NEWSHOP COMERCIO LTDA ( LOJA );Local: 15 - GALPÃO;30323;W163-1607 - PRESILHA;UN;71179000;48,00;0,00;0,00;0,27;7,00;12,96;336,00
Loja: 1 - NEWSHOP COMERCIO LTDA ( LOJA );Local: 15 - GALPÃO;30324;TC-208L - CABO COM CONECTOR USB PARA LIGHTNING;UN;85444200;70,00;0,00;0,00;0,56;13,50;39,20;945,00
Loja: 1 - NEWSHOP COMERCIO LTDA ( LOJA );Local: 15 - GALPÃO;30325;TT-3022 - CARREGADOR PARA CELULAR - TENSAO (ENTRADA): 100-240V;UN;85044010;10,00;0,00;0,00;4,44;44,50;44,40;445,00
Loja: 1 - NEWSHOP COMERCIO LTDA ( LOJA );Local: 15 - GALPÃO;30326;TT-2007L - CARREGADOR PARA CELULAR - TENSAO (ENTRADA): 100-240V;UN;85044010;10,00;0,00;0,00;4,03;41,00;40,30;410,00
Loja: 1 - NEWSHOP COMERCIO LTDA ( LOJA );Local: 15 - GALPÃO;30327;TT-2007C - CARREGADOR PARA CELULAR - TENSAO (ENTRADA): 100-240V;UN;85044010;10,00;0,00;0,00;3,72;27,00;37,20;270,00
Loja: 1 - NEWSHOP COMERCIO LTDA ( LOJA );Local: 15 - GALPÃO;30330;TK-1003 - CARREGADOR PORTATIL POWER BANK BATERIA: 10.000MAH;UN;85076000;30,00;0,00;0,00;6,39;63,50;191,70;1905,00
Loja: 1 - NEWSHOP COMERCIO LTDA ( LOJA );Local: 15 - GALPÃO;30331;Q705-2101 - PRESILHA INFANTIL;UN;71179000;72,00;0,00;0,00;0,83;11,50;59,76;828,00
Loja: 1 - NEWSHOP COMERCIO LTDA ( LOJA );Local: 15 - GALPÃO;30334;MIP-006A - CANETA TOUCH UNIVERSAL - TAMANHO: 165*9MM - PONTA DE 1.5MM;UN;84716053;39,00;0,00;0,00;2,84;34,00;110,76;1326,00
Loja: 1 - NEWSHOP COMERCIO LTDA ( LOJA );Local: 15 - GALPÃO;30336;MTG-261 - TRIPÉ PARA CELULAR FIXAÇÃO MAGNETICA;UN;39269090;80,00;0,00;0,00;2,90;22,00;232,00;1760,00
Loja: 1 - NEWSHOP COMERCIO LTDA ( LOJA );Local: 15 - GALPÃO;30338;Y368-8125-1.0 - PULSEIRA E AÇO;UN;71179000;12,00;0,00;0,00;0,83;5,00;9,96;60,00
Loja: 1 - NEWSHOP COMERCIO LTDA ( LOJA );Local: 15 - GALPÃO;30339;MTG-035A SUPORTE DE PLASTICO PARA CELULAR/GPS;UN;39269090;30,00;0,00;0,00;4,92;25,50;147,60;765,00
Loja: 1 - NEWSHOP COMERCIO LTDA ( LOJA );Local: 15 - GALPÃO;30340;G276-0101-15 - PULSEIRA DE AÇO;UN;71171900;12,00;0,00;0,00;1,67;24,00;20,04;288,00
Loja: 1 - NEWSHOP COMERCIO LTDA ( LOJA );Local: 15 - GALPÃO;30341;TC-212L SC - CABO TIPO USB COM CONECTOR TIPO LIGHTNING;UN;85444200;70,00;0,00;0,00;1,38;11,00;96,60;770,00
Loja: 1 - NEWSHOP COMERCIO LTDA ( LOJA );Local: 15 - GALPÃO;30342;Q18-1804 - PULSEIRA DE BRAÇOS;UN;71179000;12,00;0,00;0,00;0,83;12,00;9,96;144,00
Loja: 1 - NEWSHOP COMERCIO LTDA ( LOJA );Local: 15 - GALPÃO;30344;J418-1103 - PULSEIRA DE AÇO;UN;71171900;12,00;0,00;0,00;1,67;15,00;20,04;180,00
Loja: 1 - NEWSHOP COMERCIO LTDA ( LOJA );Local: 15 - GALPÃO;30349;LCW-WWJ01M GALINHA DE BRINQUEDO COM APITO;UN;40169990;40,00;0,00;0,00;5,60;6,50;224,00;260,00
Loja: 1 - NEWSHOP COMERCIO LTDA ( LOJA );Local: 15 - GALPÃO;30350;LCW-WWJ22 COXA DE FRANGO BRINQUEDO MORDEDOR DE BORRACHA;UN;40169990;35,00;0,00;0,00;5,60;10,50;196,00;367,50
Loja: 1 - NEWSHOP COMERCIO LTDA ( LOJA );Local: 15 - GALPÃO;30351;LCW-YYF22-S ROUPA PARA CAES CONFECCIONADA EM POLIESTER;UN;42010090;35,00;0,00;0,00;1,24;22,00;43,40;770,00
Loja: 1 - NEWSHOP COMERCIO LTDA ( LOJA );Local: 15 - GALPÃO;30355;LCW-YYF24-S ROUPA PARA CAES CONFECCIONADA EM POLIESTER COMPLETO;UN;42010090;35,00;0,00;0,00;1,24;22,00;43,40;770,00
Loja: 1 - NEWSHOP COMERCIO LTDA ( LOJA );Local: 15 - GALPÃO;30357;LCW-YYF26-M ROUPA PARA CAES CONFECCIONADA EM POLIESTER;UN;42010090;35,00;0,00;0,00;1,24;23,00;43,40;805,00
Loja: 1 - NEWSHOP COMERCIO LTDA ( LOJA );Local: 15 - GALPÃO;30359;LK-BL04 BLOQUEADOR PARA BICICLETA-12*1200MM;UN;83011000;23,00;0,00;0,00;4,80;23,00;110,40;529,00
Loja: 1 - NEWSHOP COMERCIO LTDA ( LOJA );Local: 15 - GALPÃO;30361;LK-BL05 CADEADO DE SEGURANCA PARA BICICLETA OU MOTO;UN;83011000;28,00;0,00;0,00;4,80;17,00;134,40;476,00
Loja: 1 - NEWSHOP COMERCIO LTDA ( LOJA );Local: 15 - GALPÃO;30370;LWJ-1977 JOGO DE LIMAS AGULHA COM 12 PECAS;UN;82031090;40,00;0,00;0,00;2,20;22,00;88,00;880,00
Loja: 1 - NEWSHOP COMERCIO LTDA ( LOJA );Local: 15 - GALPÃO;30371;LWJ-2263 CINTO ORGANIZADOR DE FERRAMENTAS EQUIPADO COM BOLSOS;UN;42022220;15,00;0,00;0,00;6,17;46,00;92,55;690,00
Loja: 1 - NEWSHOP COMERCIO LTDA ( LOJA );Local: 15 - GALPÃO;30383;SLK-H39 CONJUNTO DE MINI ESPADAS DECORATIVAS - ESTILO SAMURAI;UN;82119220;16,00;0,00;0,00;3,45;35,00;55,20;560,00
Loja: 1 - NEWSHOP COMERCIO LTDA ( LOJA );Local: 15 - GALPÃO;30389;LCW-SSE202 CORTA-UNHAS PARA PET;UN;82149090;40,00;0,00;0,00;1,43;8,50;57,20;340,00
Loja: 1 - NEWSHOP COMERCIO LTDA ( LOJA );Local: 15 - GALPÃO;30391;LCW-SSE204 TESOURA CORTA-UNHAS PARA PET;UN;82149090;35,00;0,00;0,00;1,60;13,50;56,00;472,50
Loja: 1 - NEWSHOP COMERCIO LTDA ( LOJA );Local: 15 - GALPÃO;30511;CRB-5995 - BOLSINHA  FEMININA - M;UN;42022210;10,00;0,00;0,00;8,00;29,00;80,00;290,00
Loja: 1 - NEWSHOP COMERCIO LTDA ( LOJA );Local: 15 - GALPÃO;30545;CRB-5998 - BOLSA  FEMININA  - M;UN;42022210;10,00;0,00;0,00;8,00;29,00;80,00;290,00
Loja: 1 - NEWSHOP COMERCIO LTDA ( LOJA );Local: 15 - GALPÃO;30546;CRB-6000 - BOLSINHA  FEMININA - M;UN;42022210;10,00;0,00;0,00;8,00;29,00;80,00;290,00
Loja: 1 - NEWSHOP COMERCIO LTDA ( LOJA );Local: 15 - GALPÃO;30547;CRB-6304 - BOLSINHA KIT FEMININA - G;UN;42022210;16,00;0,00;0,00;8,00;33,00;128,00;528,00
Loja: 1 - NEWSHOP COMERCIO LTDA ( LOJA );Local: 15 - GALPÃO;30564;BM-A01 - BALANCA DIGITAL DE MALA PARA USO DOMESTICO;UN;84231000;50,00;0,00;0,00;2,70;0,00;135,00;0,00
Loja: 1 - NEWSHOP COMERCIO LTDA ( LOJA );Local: 15 - GALPÃO;30575;LE-6616 CABO HDMI +3 RCA 1.5M:;UN;85444200;50,00;0,00;0,00;2,47;11,50;123,50;575,00
Loja: 1 - NEWSHOP COMERCIO LTDA ( LOJA );Local: 15 - GALPÃO;30586;LE-2463 FONE DE OUVIDO;UN;85183000;1,00;0,00;0,00;2,51;59,00;2,51;59,00
Loja: 1 - NEWSHOP COMERCIO LTDA ( LOJA );Local: 15 - GALPÃO;30594;V-LE-6619-1.8M CABO COM CONECTOR HDMI:;UN;85444200;50,00;0,00;0,00;3,59;13,50;179,50;675,00
Loja: 1 - NEWSHOP COMERCIO LTDA ( LOJA );Local: 15 - GALPÃO;30598;8244 CINTO ELÁSTICO DE MOLA METÁLICA COM FIVELA DE ELOS ENTRELAÇADOS;UN;39262000;35,00;0,00;0,00;2,50;12,00;87,50;420,00
Loja: 1 - NEWSHOP COMERCIO LTDA ( LOJA );Local: 15 - GALPÃO;30600;LE-2069 MINI BINOCULO PRO;UN;90051000;25,00;0,00;0,00;2,93;53,00;73,25;1325,00
Loja: 1 - NEWSHOP COMERCIO LTDA ( LOJA );Local: 15 - GALPÃO;30601;L535-245-44 CINTO FEMININO SLIM COM FIVELA ORGÂNICA E PASSADORES METÁLICOS;UN;39262000;84,00;0,00;0,00;2,00;16,00;168,00;1344,00
Loja: 1 - NEWSHOP COMERCIO LTDA ( LOJA );Local: 15 - GALPÃO;30606;BM-8412 - LANTERNA MANUAL COM LAMPADA LED E BATERIA RECARREGAVEL;UN;85131010;20,00;0,00;0,00;1,85;27,50;37,00;550,00
Loja: 1 - NEWSHOP COMERCIO LTDA ( LOJA );Local: 15 - GALPÃO;30608;BM8422 - LANTERNA MANUAL COM LAMPADA LED E BATERIA RECARREGAVEL;UN;85131010;50,00;0,00;0,00;1,38;21,50;69,00;1075,00
Loja: 1 - NEWSHOP COMERCIO LTDA ( LOJA );Local: 15 - GALPÃO;30616;SLK-D61 - CANIVETE PARA PESCA E CACA;UN;82119320;12,00;0,00;0,00;1,23;15,00;14,76;180,00
Loja: 1 - NEWSHOP COMERCIO LTDA ( LOJA );Local: 15 - GALPÃO;30624;SLK-D186 - FACA PARA PESCA E CACA;UN;82119220;6,00;0,00;0,00;1,62;14,50;9,72;87,00
Loja: 1 - NEWSHOP COMERCIO LTDA ( LOJA );Local: 15 - GALPÃO;30632;GX990238-MOCHILA DE VIAGEM UNISSEX EM PVC;UN;42029200;40,00;0,00;0,00;1,17;76,50;46,80;3060,00
Loja: 1 - NEWSHOP COMERCIO LTDA ( LOJA );Local: 15 - GALPÃO;30634;GX10-6737-  MOCHILA DE VIAGEM EM POLIESTER;UN;42029200;4,00;0,00;0,00;1,17;102,00;4,68;408,00
Loja: 1 - NEWSHOP COMERCIO LTDA ( LOJA );Local: 15 - GALPÃO;30637;GX990296 - MOCHILA DE VIAGEM MASCULINA EM POLIESTER;UN;42029200;30,00;0,00;0,00;1,17;59,50;35,10;1785,00
Loja: 1 - NEWSHOP COMERCIO LTDA ( LOJA );Local: 15 - GALPÃO;30638;GX10-12061 - MOCHILA DE VIAGEM EM POLIESTER;UN;42029200;10,00;0,00;0,00;1,17;68,00;11,70;680,00
Loja: 1 - NEWSHOP COMERCIO LTDA ( LOJA );Local: 15 - GALPÃO;30639;FF-ZS0306 - MOCHILA DE VIAGEM UNISSEX EM POLIESTER;UN;42029200;60,00;0,00;0,00;1,17;42,50;70,20;2550,00
Loja: 1 - NEWSHOP COMERCIO LTDA ( LOJA );Local: 15 - GALPÃO;30640;KBBA11087 - BRINCO DE METAL;UN;71179000;24,00;0,00;0,00;0,83;8,50;19,92;204,00
Loja: 1 - NEWSHOP COMERCIO LTDA ( LOJA );Local: 15 - GALPÃO;30649;GBDA01567 - BRINCO DE METAL;UN;71179000;24,00;0,00;0,00;0,83;11,00;19,92;264,00
Loja: 1 - NEWSHOP COMERCIO LTDA ( LOJA );Local: 15 - GALPÃO;30650;IBCA31811 BRINCO DE METAL;UN;71179000;24,00;0,00;0,00;8,36;18,00;200,64;432,00
Loja: 1 - NEWSHOP COMERCIO LTDA ( LOJA );Local: 15 - GALPÃO;30651;IBCA51123 - BRINCO DE METAL;UN;71171900;24,00;0,00;0,00;1,67;22,00;40,08;528,00
Loja: 1 - NEWSHOP COMERCIO LTDA ( LOJA );Local: 15 - GALPÃO;30652;KCCA61017 COLAR 12 PCS POR DUZIA;UN;71171900;24,00;0,00;0,00;1,67;26,00;40,08;624,00
Loja: 1 - NEWSHOP COMERCIO LTDA ( LOJA );Local: 15 - GALPÃO;30653;IBEA21512 - BRINCO DE METAL;UN;71179000;24,00;0,00;0,00;0,83;20,50;19,92;492,00
Loja: 1 - NEWSHOP COMERCIO LTDA ( LOJA );Local: 15 - GALPÃO;30654;KBBA22515 - BRINCO DE METAL;UN;71179000;12,00;0,00;0,00;0,83;10,50;9,96;126,00
Loja: 1 - NEWSHOP COMERCIO LTDA ( LOJA );Local: 15 - GALPÃO;30655;KBBA22817 - BRINCO DE METAL;UN;71179000;12,00;0,00;0,00;0,83;11,00;9,96;132,00
Loja: 1 - NEWSHOP COMERCIO LTDA ( LOJA );Local: 15 - GALPÃO;30656;KBCA28497 - BRINCO DE METAL;UN;71179000;24,00;0,00;0,00;0,83;15,00;19,92;360,00
Loja: 1 - NEWSHOP COMERCIO LTDA ( LOJA );Local: 15 - GALPÃO;30657;KBEA21834 - BRINCO DE METAL;UN;71179000;24,00;0,00;0,00;0,83;22,00;19,92;528,00
Loja: 1 - NEWSHOP COMERCIO LTDA ( LOJA );Local: 15 - GALPÃO;30658;KBEA31366 - BRINCO DE METAL;UN;71171900;24,00;0,00;0,00;1,67;17,50;40,08;420,00
Loja: 1 - NEWSHOP COMERCIO LTDA ( LOJA );Local: 15 - GALPÃO;30659;MBAA21032 BBRINCO DE METAL;UN;71179000;72,00;0,00;0,00;0,83;8,50;59,76;612,00
Loja: 1 - NEWSHOP COMERCIO LTDA ( LOJA );Local: 15 - GALPÃO;30661;ICDA61029 COLAR 12 PCS POR DUZIA;UN;71171900;12,00;0,00;0,00;1,67;28,50;20,04;342,00
Loja: 1 - NEWSHOP COMERCIO LTDA ( LOJA );Local: 15 - GALPÃO;30662;LBDA21828 - BRINCO DE METAL;UN;71179000;12,00;0,00;0,00;0,83;18,50;9,96;222,00
Loja: 1 - NEWSHOP COMERCIO LTDA ( LOJA );Local: 15 - GALPÃO;30663;JCBA51041 COLAR;UN;71171900;12,00;0,00;0,00;1,67;20,00;20,04;240,00
Loja: 1 - NEWSHOP COMERCIO LTDA ( LOJA );Local: 15 - GALPÃO;30664;JCDA21211 COLAR;UN;71171900;12,00;0,00;0,00;1,67;17,50;20,04;210,00
Loja: 1 - NEWSHOP COMERCIO LTDA ( LOJA );Local: 15 - GALPÃO;30665;KBFA12733 BBRINCO DE METAL;UN;71179000;12,00;0,00;0,00;0,83;18,00;9,96;216,00
Loja: 1 - NEWSHOP COMERCIO LTDA ( LOJA );Local: 15 - GALPÃO;30666;KCCA31101 COLAR;UN;71171900;24,00;0,00;0,00;1,67;17,50;40,08;420,00
Loja: 1 - NEWSHOP COMERCIO LTDA ( LOJA );Local: 15 - GALPÃO;30668;LABA11505 ANEL;UN;71171900;36,00;0,00;0,00;1,67;8,00;60,12;288,00
Loja: 1 - NEWSHOP COMERCIO LTDA ( LOJA );Local: 15 - GALPÃO;30669;LABA11705  - ANEL;UN;71171900;36,00;0,00;0,00;1,00;8,50;36,00;306,00
Loja: 1 - NEWSHOP COMERCIO LTDA ( LOJA );Local: 15 - GALPÃO;30670;MBAA25503 BBRINCO DE METAL;UN;71179000;24,00;0,00;0,00;0,83;9,50;19,92;228,00
Loja: 1 - NEWSHOP COMERCIO LTDA ( LOJA );Local: 15 - GALPÃO;30671;LBBA38023 - BRINCO DE METAL;UN;71171900;24,00;0,00;0,00;1,67;13,50;40,08;324,00
Loja: 1 - NEWSHOP COMERCIO LTDA ( LOJA );Local: 15 - GALPÃO;30672;LBBB26506 BBRINCO DE METAL 12 CTL POR DUZIA;UN;71179000;24,00;0,00;0,00;0,83;12,00;19,92;288,00
Loja: 1 - NEWSHOP COMERCIO LTDA ( LOJA );Local: 15 - GALPÃO;30673;LBCB56811 BRINCO DE METAL;UN;71179000;48,00;0,00;0,00;0,83;25,00;39,84;1200,00
Loja: 1 - NEWSHOP COMERCIO LTDA ( LOJA );Local: 15 - GALPÃO;30674;LBDA08761 - BRINCO DE METAL;UN;71171900;24,00;0,00;0,00;1,67;12,50;40,08;300,00
Loja: 1 - NEWSHOP COMERCIO LTDA ( LOJA );Local: 15 - GALPÃO;30676;LBDA21123 - BRINCO DE METAL;UN;71171900;48,00;0,00;0,00;1,67;16,50;80,16;792,00
Loja: 1 - NEWSHOP COMERCIO LTDA ( LOJA );Local: 15 - GALPÃO;30677;LCBA38574 COLAR 12 PCS POR DUZIA;UN;71171900;24,00;0,00;0,00;1,67;17,00;40,08;408,00
Loja: 1 - NEWSHOP COMERCIO LTDA ( LOJA );Local: 15 - GALPÃO;30679;LPBA32822 - PULSEIRA DE METAL;UN;71179000;12,00;0,00;0,00;0,83;16,50;9,96;198,00
Loja: 1 - NEWSHOP COMERCIO LTDA ( LOJA );Local: 15 - GALPÃO;30680;LPBA72821 - PULSEIRA DE METAL;UN;71179000;12,00;0,00;0,00;0,83;28,00;9,96;336,00
Loja: 1 - NEWSHOP COMERCIO LTDA ( LOJA );Local: 15 - GALPÃO;30681;MABA08511 - ANEL;UN;71171900;24,00;0,00;0,00;1,67;5,50;40,08;132,00
Loja: 1 - NEWSHOP COMERCIO LTDA ( LOJA );Local: 15 - GALPÃO;30682;MABA08809 - ANEL;UN;71171900;24,00;0,00;0,00;1,67;6,00;40,08;144,00
Loja: 1 - NEWSHOP COMERCIO LTDA ( LOJA );Local: 15 - GALPÃO;30683;MABA18210 - ANEL;UN;71171900;24,00;0,00;0,00;1,67;7,50;40,08;180,00
Loja: 1 - NEWSHOP COMERCIO LTDA ( LOJA );Local: 15 - GALPÃO;30684;MBAA28468 - BRINCO DE METAL;UN;71171900;24,00;0,00;0,00;1,67;8,00;40,08;192,00
Loja: 1 - NEWSHOP COMERCIO LTDA ( LOJA );Local: 15 - GALPÃO;30686;MBAA28681 BRINCO DE METAL;UN;71171900;72,00;0,00;0,00;1,67;9,50;120,24;684,00
Loja: 1 - NEWSHOP COMERCIO LTDA ( LOJA );Local: 15 - GALPÃO;30687;MBAA28801 - BRINCO DE METAL;UN;71171900;24,00;0,00;0,00;1,67;10,50;40,08;252,00
Loja: 1 - NEWSHOP COMERCIO LTDA ( LOJA );Local: 15 - GALPÃO;30688;MBAA28821 - BRINCO DE METAL;UN;71171900;36,00;0,00;0,00;1,67;10,50;60,12;378,00
Loja: 1 - NEWSHOP COMERCIO LTDA ( LOJA );Local: 15 - GALPÃO;30689;MBAA38106 BBRINCO DE METAL;UN;71179000;24,00;0,00;0,00;0,83;10,50;19,92;252,00
Loja: 1 - NEWSHOP COMERCIO LTDA ( LOJA );Local: 15 - GALPÃO;30690;MBAA38301 BBRINCO DE METAL;UN;71179000;24,00;0,00;0,00;0,83;10,00;19,92;240,00
Loja: 1 - NEWSHOP COMERCIO LTDA ( LOJA );Local: 15 - GALPÃO;30691;MBCA15305 - BRINCO DE METALL;UN;71179000;12,00;0,00;0,00;0,45;12,00;5,40;144,00
Loja: 1 - NEWSHOP COMERCIO LTDA ( LOJA );Local: 15 - GALPÃO;30692;MBAA38351 - BRINCO DE METAL;UN;71171900;24,00;0,00;0,00;1,67;12,00;40,08;288,00
Loja: 1 - NEWSHOP COMERCIO LTDA ( LOJA );Local: 15 - GALPÃO;30693;MBBA15904 BBRINCO DE METAL;UN;71179000;36,00;0,00;0,00;0,83;10,50;29,88;378,00
Loja: 1 - NEWSHOP COMERCIO LTDA ( LOJA );Local: 15 - GALPÃO;30694;MBDA38274 - BRINCO DE METAL;UN;71171900;12,00;0,00;0,00;1,67;20,00;20,04;240,00
Loja: 1 - NEWSHOP COMERCIO LTDA ( LOJA );Local: 15 - GALPÃO;30695;MBBA22202 - BRINCO DE METAL;UN;71179000;12,00;0,00;0,00;0,83;11,00;9,96;132,00
Loja: 1 - NEWSHOP COMERCIO LTDA ( LOJA );Local: 15 - GALPÃO;30696;MBBA28034 BRINCO DE METAL;UN;71179000;24,00;0,00;0,00;0,83;10,00;19,92;240,00
Loja: 1 - NEWSHOP COMERCIO LTDA ( LOJA );Local: 15 - GALPÃO;30697;MBBA28275 BRINCO DE METAL;UN;71171900;36,00;0,00;0,00;1,67;10,00;60,12;360,00
Loja: 1 - NEWSHOP COMERCIO LTDA ( LOJA );Local: 15 - GALPÃO;30698;MBBA28449 - BRINCO DE METAL;UN;71171900;24,00;0,00;0,00;1,67;10,50;40,08;252,00
Loja: 1 - NEWSHOP COMERCIO LTDA ( LOJA );Local: 15 - GALPÃO;30699;MBCA28035 - BRINCO DE METAL;UN;71171900;48,00;0,00;0,00;1,67;13,50;80,16;648,00
Loja: 1 - NEWSHOP COMERCIO LTDA ( LOJA );Local: 15 - GALPÃO;30700;MBBA28786 - BRINCO DE METAL;UN;71171900;24,00;0,00;0,00;1,67;12,50;40,08;300,00
Loja: 1 - NEWSHOP COMERCIO LTDA ( LOJA );Local: 15 - GALPÃO;30701;MBCB16525 - BRINCO DE METAL;UN;71179000;24,00;0,00;0,00;0,83;13,50;19,92;324,00
Loja: 1 - NEWSHOP COMERCIO LTDA ( LOJA );Local: 15 - GALPÃO;30702;MBDA08697 - BRINCO DE METAL;UN;71171900;24,00;0,00;0,00;1,67;12,50;40,08;300,00
Loja: 1 - NEWSHOP COMERCIO LTDA ( LOJA );Local: 15 - GALPÃO;30703;MBBA38010 BBRINCO DE METAL 12 CTL POR DUZIA;UN;71179000;48,00;0,00;0,00;0,83;12,50;39,84;600,00
Loja: 1 - NEWSHOP COMERCIO LTDA ( LOJA );Local: 15 - GALPÃO;30704;MBBA48071 BRINCO DE METAL;UN;71179000;48,00;0,00;0,00;0,83;19,00;39,84;912,00
Loja: 1 - NEWSHOP COMERCIO LTDA ( LOJA );Local: 15 - GALPÃO;30706;MBBA58953 - BRINCO DE METAL;UN;71171900;48,00;0,00;0,00;1,67;22,50;80,16;1080,00
Loja: 1 - NEWSHOP COMERCIO LTDA ( LOJA );Local: 15 - GALPÃO;30707;MBCA08040 BBRINCO DE METAL;UN;71179000;36,00;0,00;0,00;0,83;7,50;29,88;270,00
Loja: 1 - NEWSHOP COMERCIO LTDA ( LOJA );Local: 15 - GALPÃO;30709;MBCA18867 - BRINCO DE METAL;UN;71171900;48,00;0,00;0,00;1,67;10,50;80,16;504,00
Loja: 1 - NEWSHOP COMERCIO LTDA ( LOJA );Local: 15 - GALPÃO;30711;MBCA28770 - BRINCO DE METAL;UN;71171900;12,00;0,00;0,00;1,67;15,50;20,04;186,00
Loja: 1 - NEWSHOP COMERCIO LTDA ( LOJA );Local: 15 - GALPÃO;30712;MBCA38047 BBRINCO DE METAL;UN;71179000;24,00;0,00;0,00;0,83;16,50;19,92;396,00
Loja: 1 - NEWSHOP COMERCIO LTDA ( LOJA );Local: 15 - GALPÃO;30715;MBCB26224 - BRINCO DE METAL;UN;71179000;24,00;0,00;0,00;0,83;12,50;19,92;300,00
Loja: 1 - NEWSHOP COMERCIO LTDA ( LOJA );Local: 15 - GALPÃO;30716;MPFJ01209 - PULSEIRA DE ACO;UN;71179000;24,00;0,00;0,00;0,83;18,00;19,92;432,00
Loja: 1 - NEWSHOP COMERCIO LTDA ( LOJA );Local: 15 - GALPÃO;30718;MBFA48641 - BRINCO DE METAL;UN;71171900;24,00;0,00;0,00;1,67;29,50;40,08;708,00
Loja: 1 - NEWSHOP COMERCIO LTDA ( LOJA );Local: 15 - GALPÃO;30719;MBCA38130 - BRINCO DE METAL;UN;71171900;24,00;0,00;0,00;1,67;18,00;40,08;432,00
Loja: 1 - NEWSHOP COMERCIO LTDA ( LOJA );Local: 15 - GALPÃO;30720;MBCA38211 - BRINCO DE METAL;UN;71179000;24,00;0,00;0,00;0,83;18,00;19,92;432,00
Loja: 1 - NEWSHOP COMERCIO LTDA ( LOJA );Local: 15 - GALPÃO;30722;MBCA48082 BRINCO DE METAL;UN;71179000;24,00;0,00;0,00;0,83;20,00;19,92;480,00
Loja: 1 - NEWSHOP COMERCIO LTDA ( LOJA );Local: 15 - GALPÃO;30723;MBDA58879 - BRINCO DE METAL;UN;71179000;24,00;0,00;0,00;0,83;27,50;19,92;660,00
Loja: 1 - NEWSHOP COMERCIO LTDA ( LOJA );Local: 15 - GALPÃO;30724;MBFA52066 - BRINCO DE METAL;UN;71179000;12,00;0,00;0,00;0,83;30,50;9,96;366,00
Loja: 1 - NEWSHOP COMERCIO LTDA ( LOJA );Local: 15 - GALPÃO;30725;MBCA15305 - BRINCO DE METAL;UN;71179000;12,00;0,00;0,00;0,83;12,00;9,96;144,00
Loja: 1 - NEWSHOP COMERCIO LTDA ( LOJA );Local: 15 - GALPÃO;30727;MBDA22009 - BRINCO DE METAL;UN;71179000;12,00;0,00;0,00;0,63;16,50;7,56;198,00
Loja: 1 - NEWSHOP COMERCIO LTDA ( LOJA );Local: 15 - GALPÃO;30728;MBDA18512 - BRINCO DE METAL;UN;71179000;24,00;0,00;0,00;0,83;15,50;19,92;372,00
Loja: 1 - NEWSHOP COMERCIO LTDA ( LOJA );Local: 15 - GALPÃO;30730;MBCA48558 - BRINCO DE METAL;UN;71179000;24,00;0,00;0,00;0,83;21,00;19,92;504,00
Loja: 1 - NEWSHOP COMERCIO LTDA ( LOJA );Local: 15 - GALPÃO;30731;MBDA08526 - BRINCO DE METAL;UN;71179000;48,00;0,00;0,00;0,83;10,00;39,84;480,00
Loja: 1 - NEWSHOP COMERCIO LTDA ( LOJA );Local: 15 - GALPÃO;30733;MPCJ21303 - PULSEIRA DE ACO;UN;71179000;24,00;0,00;0,00;0,83;15,50;19,92;372,00
Loja: 1 - NEWSHOP COMERCIO LTDA ( LOJA );Local: 15 - GALPÃO;30734;MBDA18323 - BRINCO DE METAL;UN;71171900;48,00;0,00;0,00;1,67;14,00;80,16;672,00
Loja: 1 - NEWSHOP COMERCIO LTDA ( LOJA );Local: 15 - GALPÃO;30735;MBDA18287 - BRINCO DE METAL;UN;71179000;24,00;0,00;0,00;0,83;15,50;19,92;372,00
Loja: 1 - NEWSHOP COMERCIO LTDA ( LOJA );Local: 15 - GALPÃO;30736;MBDA08860 - BRINCO DE METAL;UN;71171900;48,00;0,00;0,00;1,67;12,00;80,16;576,00
Loja: 1 - NEWSHOP COMERCIO LTDA ( LOJA );Local: 15 - GALPÃO;30737;MPDJ21911 - PULSEIRA DE ACO;UN;71179000;24,00;0,00;0,00;0,83;20,00;19,92;480,00
Loja: 1 - NEWSHOP COMERCIO LTDA ( LOJA );Local: 15 - GALPÃO;30738;MPEJ11710 - PULSEIRA DE ACO;UN;71179000;24,00;0,00;0,00;0,83;19,50;19,92;468,00
Loja: 1 - NEWSHOP COMERCIO LTDA ( LOJA );Local: 15 - GALPÃO;30739;MPCA22230 - PULSEIRA DE METAL;UN;71179000;12,00;0,00;0,00;0,83;15,00;9,96;180,00
Loja: 1 - NEWSHOP COMERCIO LTDA ( LOJA );Local: 15 - GALPÃO;30740;MPCA12532 - PULSEIRA DE METAL;UN;71179000;12,00;0,00;0,00;0,83;13,50;9,96;162,00
Loja: 1 - NEWSHOP COMERCIO LTDA ( LOJA );Local: 15 - GALPÃO;30741;MPCA12231 - PULSEIRA DE METAL;UN;71179000;12,00;0,00;0,00;0,83;12,00;9,96;144,00
Loja: 1 - NEWSHOP COMERCIO LTDA ( LOJA );Local: 15 - GALPÃO;30742;MPBA22529 - PULSEIRA DE METAL;UN;71179000;12,00;0,00;0,00;0,83;13,50;9,96;162,00
Loja: 1 - NEWSHOP COMERCIO LTDA ( LOJA );Local: 15 - GALPÃO;30743;MPBA22028 - PULSEIRA DE METAL;UN;71179000;12,00;0,00;0,00;0,83;11,00;9,96;132,00
Loja: 1 - NEWSHOP COMERCIO LTDA ( LOJA );Local: 15 - GALPÃO;30744;MGBG06804 - TIARA;UN;96151900;12,00;0,00;0,00;0,64;6,00;7,68;72,00
Loja: 1 - NEWSHOP COMERCIO LTDA ( LOJA );Local: 15 - GALPÃO;30745;MGBG06101 - TIARA 12 PCS POR DUZIA;UN;96151900;12,00;0,00;0,00;0,64;5,00;7,68;60,00
Loja: 1 - NEWSHOP COMERCIO LTDA ( LOJA );Local: 15 - GALPÃO;30746;MGAG01802 - PIRANHA DE PLASTICO;UN;96151900;24,00;0,00;0,00;0,64;3,00;15,36;72,00
Loja: 1 - NEWSHOP COMERCIO LTDA ( LOJA );Local: 15 - GALPÃO;30747;MGBG01701 -  MINI PIRANHA DE PLASTICO;UN;96151900;2,00;0,00;0,00;0,64;8,00;1,28;16,00
Loja: 1 - NEWSHOP COMERCIO LTDA ( LOJA );Local: 15 - GALPÃO;30795;GX10-72601 - MOCHILA DE VIAGEM MASCULINA EM POLIESTER;UN;42029200;15,00;0,00;0,00;25,77;119,00;386,55;1785,00
Loja: 1 - NEWSHOP COMERCIO LTDA ( LOJA );Local: 15 - GALPÃO;30797;GX10-80318 - MOCHILA DE VIAGEM MASCULINA EM POLIESTER;UN;42029200;15,00;0,00;0,00;23,29;76,50;349,35;1147,50
Loja: 1 - NEWSHOP COMERCIO LTDA ( LOJA );Local: 15 - GALPÃO;30798;GX990352 - MOCHILA MASCULINA DE VIAGEM EM POLIESTER;UN;42029200;10,00;0,00;0,00;14,99;110,00;149,90;1100,00
Loja: 1 - NEWSHOP COMERCIO LTDA ( LOJA );Local: 15 - GALPÃO;30799;GX990353 - MOCHILA MASCULINA DE VIAGEM EM POLIESTER;UN;42029200;10,00;0,00;0,00;21,97;119,00;219,70;1190,00
Loja: 1 - NEWSHOP COMERCIO LTDA ( LOJA );Local: 15 - GALPÃO;30800;GX990350 - MOCHILA UNISSEX DE VIAGEM EM POLIESTER;UN;42029200;10,00;0,00;0,00;23,86;85,00;238,60;850,00
Loja: 1 - NEWSHOP COMERCIO LTDA ( LOJA );Local: 15 - GALPÃO;30811;BOM-1348 FITA ADESIVA DE PAPEL RAFT  48CM X 20M;UN;39191090;41,00;0,00;0,00;0,71;8,50;29,11;348,50
Loja: 1 - NEWSHOP COMERCIO LTDA ( LOJA );Local: 15 - GALPÃO;30814;BOM-1359 FITA ANTIDERRAPANTE COM FAIXA FOTOLUMINESC  SP;UN;39191090;42,00;0,00;0,00;1,62;26,50;68,04;1113,00
Loja: 1 - NEWSHOP COMERCIO LTDA ( LOJA );Local: 15 - GALPÃO;30816;BOM-1361 PLACA ANTIDERRAPANTE AUTOADESIVA  SP;UN;39199090;76,00;0,00;0,00;1,94;17,50;147,44;1330,00
Loja: 1 - NEWSHOP COMERCIO LTDA ( LOJA );Local: 15 - GALPÃO;30821;BOM-1360 PLACA ANTIDERRAPANTE AUTOADESIVA  SP;UN;39199090;1,00;0,00;0,00;1,35;14,00;1,35;14,00
Loja: 1 - NEWSHOP COMERCIO LTDA ( LOJA );Local: 15 - GALPÃO;30823;MTG-272 SUPORTE DE PLASTICO PARA CELULAR (UNIVERSAL);UN;39269090;25,00;0,00;0,00;4,92;60,00;123,00;1500,00
Loja: 1 - NEWSHOP COMERCIO LTDA ( LOJA );Local: 15 - GALPÃO;30826;MT-2218 - CONJUNTO MICROFONE DE LAPELA SEM FIO CONTENDO 2 MICROFONES TIPO-C;UN;85181090;10,00;0,00;0,00;5,65;46,00;56,50;460,00
Loja: 1 - NEWSHOP COMERCIO LTDA ( LOJA );Local: 15 - GALPÃO;30827;MT-2215A - MICROFONE DE LAPELA SEM FIO TIPO-C;UN;85181090;20,00;0,00;0,00;2,27;82,00;45,40;1640,00
Loja: 1 - NEWSHOP COMERCIO LTDA ( LOJA );Local: 15 - GALPÃO;30828;MXB-010 MINI BOMBA DE AR PORTATIL - POTENCIA: 55W - TENSAO: 5V/1A;UN;84148019;15,00;0,00;0,00;6,28;97,00;94,20;1455,00
Loja: 1 - NEWSHOP COMERCIO LTDA ( LOJA );Local: 15 - GALPÃO;30829;MDC-021 MINI REFRIGERADOR PORTATILCAPACIDADE/LITRAGEM:20L MDC-005;UN;84186999;1,00;0,00;0,00;134,35;599,00;134,35;599,00
Loja: 1 - NEWSHOP COMERCIO LTDA ( LOJA );Local: 15 - GALPÃO;30830;*MDC-004 MINI REFRIGERADOR PORTATILCAPACIDADE/LITRAGEM:4L;UN;84186999;2,00;0,00;0,00;134,35;275,00;268,70;550,00
Loja: 1 - NEWSHOP COMERCIO LTDA ( LOJA );Local: 15 - GALPÃO;30832;HBC- 003 - PATINETE C ALCA P CONTROLE DOS PAIS C/LED;UN;95030010;3,00;0,00;0,00;74,95;372,00;224,85;1116,00
Loja: 1 - NEWSHOP COMERCIO LTDA ( LOJA );Local: 15 - GALPÃO;30850;GX80-A8847-BOLSINHA FEMININA COM ALCA DE OMBRO PARA CELULAR;UN;42022210;60,00;0,00;0,00;8,00;25,00;480,00;1500,00
Loja: 1 - NEWSHOP COMERCIO LTDA ( LOJA );Local: 15 - GALPÃO;30851;TRC0726 PORTA PAPEL HIGIÊNICO COM PRATELEIRA PARA CELULAR 165X105X6CM;UN;73239900;28,00;0,00;0,00;4,68;26,50;131,04;742,00
Loja: 1 - NEWSHOP COMERCIO LTDA ( LOJA );Local: 15 - GALPÃO;30852;GX80-A8849-BOLSINHA FEMININA COM ALCA DE OMBRO PARA CELULAR;UN;42022210;60,00;0,00;0,00;8,00;25,00;480,00;1500,00
Loja: 1 - NEWSHOP COMERCIO LTDA ( LOJA );Local: 15 - GALPÃO;30853;GX80-A8845-BOLSINHA TRANSVERSAL PARA CELULAR EM PVC;UN;42022210;60,00;0,00;0,00;2,00;25,00;120,00;1500,00
Loja: 1 - NEWSHOP COMERCIO LTDA ( LOJA );Local: 15 - GALPÃO;30855;TRC7763 COLETE MODELADOR COM SUPORTE PARA POSTURA;UN;63079090;30,00;0,00;0,00;9,00;53,50;270,00;1605,00
Loja: 1 - NEWSHOP COMERCIO LTDA ( LOJA );Local: 15 - GALPÃO;30856;SEL 514 - LUMINARIA DE LED PARA SELFIE;UN;94054200;10,00;0,00;0,00;2,70;32,50;27,00;325,00
Loja: 1 - NEWSHOP COMERCIO LTDA ( LOJA );Local: 15 - GALPÃO;30859;LB036055 PINGENTE;UN;71179000;36,00;0,00;0,00;0,83;6,00;29,88;216,00
Loja: 1 - NEWSHOP COMERCIO LTDA ( LOJA );Local: 15 - GALPÃO;30860;1852AT-4 ARRANHADOR PARA GATOS COM CASINHA E REDE 68X44X84 CM;UN;63079090;1,00;0,00;0,00;21,00;404,00;21,00;404,00
Loja: 1 - NEWSHOP COMERCIO LTDA ( LOJA );Local: 15 - GALPÃO;30870;TESOURA;UN;82130000;24,00;0,00;0,00;2,29;0,00;54,96;0,00
Loja: 1 - NEWSHOP COMERCIO LTDA ( LOJA );Local: 15 - GALPÃO;30873;FAIXA DE CABELO;UN;96151900;9,00;0,00;0,00;0,83;0,00;7,47;0,00
Loja: 1 - NEWSHOP COMERCIO LTDA ( LOJA );Local: 15 - GALPÃO;30875;CABELO;UN;96151900;36,00;0,00;0,00;0,64;0,00;23,04;0,00
Loja: 1 - NEWSHOP COMERCIO LTDA ( LOJA );Local: 15 - GALPÃO;30888;BM-F1646 ORGANIZADOR DE ROUPAS MULTIUSO SUSPENSO COM 4 COMPARTIMENTOS;UN;39269090;-3,00;0,00;0,00;6,06;22,00;-18,18;-66,00
Loja: 1 - NEWSHOP COMERCIO LTDA ( LOJA );Local: 15 - GALPÃO;30892;BM-S887 MINI CAIXA DE SOM COM CONEXAO AUX USB TF;UN;85271300;50,00;0,00;0,00;2,75;19,50;137,50;975,00
Loja: 1 - NEWSHOP COMERCIO LTDA ( LOJA );Local: 15 - GALPÃO;30967;LEF-1215 - FONE DE OUVIDO  CABO DE 12M  P2 35MMMICROFONE EMB;UN;85183000;40,00;0,00;0,00;1,50;4,50;60,00;180,00
Loja: 1 - NEWSHOP COMERCIO LTDA ( LOJA );Local: 15 - GALPÃO;30981;LK-CD24  CANTIL EM ACO INOX COM JOGO XADREZ DOIS COPOS E ABRIDOR DE BEBIDAS;UN;73239300;-5,00;0,00;0,00;14,94;87,00;-74,70;-435,00
Loja: 1 - NEWSHOP COMERCIO LTDA ( LOJA );Local: 15 - GALPÃO;30984;LKMT-MT04 ASSENTO SANITARIO UNIVERSAL BRANCO;UN;39222000;-5,00;0,00;0,00;15,69;87,00;-78,45;-435,00
Loja: 1 - NEWSHOP COMERCIO LTDA ( LOJA );Local: 15 - GALPÃO;30992;BOM-5645 - SUPORTE DE AFIAR BROCAS E LAMINAS;UN;82079000;50,00;0,00;0,00;1,99;14,00;99,50;700,00
Loja: 1 - NEWSHOP COMERCIO LTDA ( LOJA );Local: 15 - GALPÃO;30994;BOM-6251 - NIVEL DE MAO COM 2 BOLHAS;UN;90153000;10,00;0,00;0,00;2,77;35,00;27,70;350,00
Loja: 1 - NEWSHOP COMERCIO LTDA ( LOJA );Local: 15 - GALPÃO;30996;LMF-1105 REMOVEDOR DE PELOS DO NARIZ E ORELHA ALIMENTACAO PILHA TIPO AA NAO INC;UN;85103000;80,00;0,00;0,00;1,11;13,50;88,80;1080,00
Loja: 1 - NEWSHOP COMERCIO LTDA ( LOJA );Local: 15 - GALPÃO;31001;LMF-2114 KIT DE FRASCOS DE VIAGEM TRANSPARENTES CONTENDO CINCO RECIPIENTES;UN;39233090;10,00;0,00;0,00;4,14;16,00;41,40;160,00
Loja: 1 - NEWSHOP COMERCIO LTDA ( LOJA );Local: 15 - GALPÃO;31005;BOM-2614 - CADEADO FLEXIVEL PARA BICICLETA;UN;83011000;36,00;0,00;0,00;4,80;10,50;172,80;378,00
Loja: 1 - NEWSHOP COMERCIO LTDA ( LOJA );Local: 15 - GALPÃO;31011;BOM-5040 - FERRAMENTAS DE USO DOMESTICOCONJUNTO DE 10 PONTAS PHILIPS;UN;82055900;80,00;0,00;0,00;3,36;15,50;268,80;1240,00
Loja: 1 - NEWSHOP COMERCIO LTDA ( LOJA );Local: 15 - GALPÃO;31041;OI-5592 - CONJUNTO 10 PECAS DE PARAFUSO ROSCADO DE METAL;UN;73181500;72,00;0,00;0,00;1,23;4,00;88,56;288,00
Loja: 1 - NEWSHOP COMERCIO LTDA ( LOJA );Local: 15 - GALPÃO;31044;OI-5248 - MULTIMETRO DE PLASTICO COM DISPOSITIVO REGISTRADOR;UN;90303200;60,00;0,00;0,00;3,77;32,50;226,20;1950,00
Loja: 1 - NEWSHOP COMERCIO LTDA ( LOJA );Local: 15 - GALPÃO;31063;ION-0670 MASSAGEADOR CORPORAL RECARREGAVEL;UN;90191000;12,00;0,00;0,00;9,75;124,00;117,00;1488,00
Loja: 1 - NEWSHOP COMERCIO LTDA ( LOJA );Local: 15 - GALPÃO;31136;PATRULHA CANINA - MALETA DIVERSAO E ADESIVOS;UN;49030000;12,00;0,00;0,00;2,51;24,50;30,12;294,00
Loja: 1 - NEWSHOP COMERCIO LTDA ( LOJA );Local: 15 - GALPÃO;31138;A arca de Noe;UN;49030000;80,00;0,00;0,00;2,51;11,50;200,80;920,00
Loja: 1 - NEWSHOP COMERCIO LTDA ( LOJA );Local: 15 - GALPÃO;31140;Hora do almoco;UN;49030000;25,00;0,00;0,00;2,51;21,00;62,75;525,00
Loja: 1 - NEWSHOP COMERCIO LTDA ( LOJA );Local: 15 - GALPÃO;31141;Barbie - Maleta Diversao e Adesivos;UN;49030000;12,00;0,00;0,00;2,51;24,50;30,12;294,00
Loja: 1 - NEWSHOP COMERCIO LTDA ( LOJA );Local: 15 - GALPÃO;31142;HORA DE DORMIR;UN;49030000;25,00;0,00;0,00;2,51;21,00;62,75;525,00
Loja: 1 - NEWSHOP COMERCIO LTDA ( LOJA );Local: 15 - GALPÃO;31143;ABC do bem-estar animal;UN;49019900;70,00;0,00;0,00;13,26;26,50;928,20;1855,00
Loja: 1 - NEWSHOP COMERCIO LTDA ( LOJA );Local: 15 - GALPÃO;31144;Meus primeiros numeros;UN;49030000;40,00;0,00;0,00;2,51;15,50;100,40;620,00
Loja: 1 - NEWSHOP COMERCIO LTDA ( LOJA );Local: 15 - GALPÃO;31145;MINHAS PRIMEIRAS PALAVRAS;UN;49030000;40,00;0,00;0,00;2,51;15,50;100,40;620,00
Loja: 1 - NEWSHOP COMERCIO LTDA ( LOJA );Local: 15 - GALPÃO;31146;DINOSSAUROS;UN;49030000;32,00;0,00;0,00;2,51;24,00;80,32;768,00
Loja: 1 - NEWSHOP COMERCIO LTDA ( LOJA );Local: 15 - GALPÃO;31147;Minhas primeiras palavras biblicas;UN;49030000;40,00;0,00;0,00;2,51;15,50;100,40;620,00
Loja: 1 - NEWSHOP COMERCIO LTDA ( LOJA );Local: 15 - GALPÃO;31148;Quando Tenho Curiosidade;UN;49030000;20,00;0,00;0,00;2,51;13,50;50,20;270,00
Loja: 1 - NEWSHOP COMERCIO LTDA ( LOJA );Local: 15 - GALPÃO;31149;3 Palavrinhas - Deus e nosso amigo;UN;49030000;48,00;0,00;0,00;7,60;15,50;364,80;744,00
Loja: 1 - NEWSHOP COMERCIO LTDA ( LOJA );Local: 15 - GALPÃO;31151;Quando Tenho Criatividade;UN;49030000;20,00;0,00;0,00;2,51;13,50;50,20;270,00
Loja: 1 - NEWSHOP COMERCIO LTDA ( LOJA );Local: 15 - GALPÃO;31154;Tabuada;UN;49030000;24,00;0,00;0,00;2,51;15,50;60,24;372,00
Loja: 1 - NEWSHOP COMERCIO LTDA ( LOJA );Local: 15 - GALPÃO;31156;Garotas Rebeldes - Livro Diario para Garotas Rebeldes;UN;49030000;40,00;0,00;0,00;2,51;24,00;100,40;960,00
Loja: 1 - NEWSHOP COMERCIO LTDA ( LOJA );Local: 15 - GALPÃO;31157;Meu livro diario secreto de emocoes;UN;49019900;40,00;0,00;0,00;0,95;30,50;38,00;1220,00
Loja: 1 - NEWSHOP COMERCIO LTDA ( LOJA );Local: 15 - GALPÃO;31158;Unicornios;UN;49030000;80,00;0,00;0,00;2,51;11,50;200,80;920,00
Loja: 1 - NEWSHOP COMERCIO LTDA ( LOJA );Local: 15 - GALPÃO;31160;Animais do mar;UN;49030000;80,00;0,00;0,00;2,51;11,50;200,80;920,00
Loja: 1 - NEWSHOP COMERCIO LTDA ( LOJA );Local: 15 - GALPÃO;31161;FLASH CARDS CARTAS BILINGUES - CORES E OPOSTOS - COLORS AND OPPOSITES;UN;49030000;60,00;0,00;0,00;2,51;10,50;150,60;630,00
Loja: 1 - NEWSHOP COMERCIO LTDA ( LOJA );Local: 15 - GALPÃO;31163;Felicidade;UN;49030000;20,00;0,00;0,00;2,51;13,50;50,20;270,00
Loja: 1 - NEWSHOP COMERCIO LTDA ( LOJA );Local: 15 - GALPÃO;31164;FLASH CARDS CARTAS BILINGUES - ALIMENTOS - FOOD;UN;49030000;60,00;0,00;0,00;2,51;10,50;150,60;630,00
Loja: 1 - NEWSHOP COMERCIO LTDA ( LOJA );Local: 15 - GALPÃO;31165;Aventuras incriveis;UN;49030000;24,00;0,00;0,00;2,51;42,00;60,24;1008,00
Loja: 1 - NEWSHOP COMERCIO LTDA ( LOJA );Local: 15 - GALPÃO;31166;FLASH CARDS CARTAS BILINGUES - ALFABETO - ALPHABET;UN;49030000;60,00;0,00;0,00;2,51;10,50;150,60;630,00
Loja: 1 - NEWSHOP COMERCIO LTDA ( LOJA );Local: 15 - GALPÃO;31167;Harry Potter - Meu livro diario de magia;UN;49030000;10,00;0,00;0,00;2,51;42,00;25,10;420,00
Loja: 1 - NEWSHOP COMERCIO LTDA ( LOJA );Local: 15 - GALPÃO;31169;O macaco brincalhao;UN;49030000;40,00;0,00;0,00;2,51;24,50;100,40;980,00
Loja: 1 - NEWSHOP COMERCIO LTDA ( LOJA );Local: 15 - GALPÃO;31170;Leao o rei da floresta;UN;49030000;40,00;0,00;0,00;2,51;24,50;100,40;980,00
Loja: 1 - NEWSHOP COMERCIO LTDA ( LOJA );Local: 15 - GALPÃO;31173;Capivaras - Passatempos fofinhos;UN;49030000;50,00;0,00;0,00;2,51;10,50;125,50;525,00
Loja: 1 - NEWSHOP COMERCIO LTDA ( LOJA );Local: 15 - GALPÃO;31174;Estrelas do K-Pop - Meu blocao de colorir;UN;49030000;45,00;0,00;0,00;2,51;12,50;112,95;562,50
Loja: 1 - NEWSHOP COMERCIO LTDA ( LOJA );Local: 15 - GALPÃO;31175;As maravilhas de Deus;UN;49030000;40,00;0,00;0,00;7,12;14,50;284,80;580,00
Loja: 1 - NEWSHOP COMERCIO LTDA ( LOJA );Local: 15 - GALPÃO;31177;Estrelas do K-Pop - Atividades e adesivos;UN;49030000;65,00;0,00;0,00;2,51;9,50;163,15;617,50
Loja: 1 - NEWSHOP COMERCIO LTDA ( LOJA );Local: 15 - GALPÃO;31183;Meu livro de futebol para colorir;UN;49030000;24,00;0,00;0,00;2,51;15,50;60,24;372,00
Loja: 1 - NEWSHOP COMERCIO LTDA ( LOJA );Local: 15 - GALPÃO;31185;1001 Perguntas e Respostas - Futebol;UN;49030000;36,00;0,00;0,00;2,51;13,50;90,36;486,00
Loja: 1 - NEWSHOP COMERCIO LTDA ( LOJA );Local: 15 - GALPÃO;31187;NFB-136-FONE DE OUVIDO SEM FIO;UN;85183000;50,00;0,00;0,00;1,50;51,50;75,00;2575,00
Loja: 1 - NEWSHOP COMERCIO LTDA ( LOJA );Local: 15 - GALPÃO;31188;LEY-2102 - FITA DE LED COM CONTROLE REMOTO - NTD-2517;UN;94054200;30,00;0,00;0,00;2,16;28,50;64,80;855,00
Loja: 1 - NEWSHOP COMERCIO LTDA ( LOJA );Local: 15 - GALPÃO;31191;O GRANDE LIVRO DAS COPAS DO MUNDO;UN;49030000;20,00;0,00;0,00;2,51;51,50;50,20;1030,00
Loja: 1 - NEWSHOP COMERCIO LTDA ( LOJA );Local: 15 - GALPÃO;31194;O GRANDE LIVRO DAS COPAS DO MUNDO;UN;49030000;40,00;0,00;0,00;2,51;23,00;100,40;920,00
Loja: 1 - NEWSHOP COMERCIO LTDA ( LOJA );Local: 15 - GALPÃO;31195;Os maiores astros do futebol - Lionel Messi;UN;49019900;46,00;0,00;0,00;0,95;15,50;43,70;713,00
Loja: 1 - NEWSHOP COMERCIO LTDA ( LOJA );Local: 15 - GALPÃO;31196;Lindas oracoes para meninos;UN;49030000;40,00;0,00;0,00;2,51;14,50;100,40;580,00
Loja: 1 - NEWSHOP COMERCIO LTDA ( LOJA );Local: 15 - GALPÃO;31199;Os maiores astros do futebol - Ronaldinho Gaucho;UN;49019900;50,00;0,00;0,00;0,95;15,50;47,50;775,00
Loja: 1 - NEWSHOP COMERCIO LTDA ( LOJA );Local: 15 - GALPÃO;31201;Harry Potter - Cores fantasticas;UN;49030000;47,00;0,00;0,00;2,51;12,50;117,97;587,50
Loja: 1 - NEWSHOP COMERCIO LTDA ( LOJA );Local: 15 - GALPÃO;31202;O PEQUENO PRINCIPE - EDICAO ESPECIAL COM CAPA ALMOFADADA;UN;49019900;30,00;0,00;0,00;0,95;21,00;28,50;630,00
Loja: 1 - NEWSHOP COMERCIO LTDA ( LOJA );Local: 15 - GALPÃO;31205;Gramatica da Lingua Portuguesa;UN;49019900;28,00;0,00;0,00;0,95;15,50;26,60;434,00
Loja: 1 - NEWSHOP COMERCIO LTDA ( LOJA );Local: 15 - GALPÃO;31212;Arteterapia para colorir e refletir;UN;49030000;65,00;0,00;0,00;2,51;7,00;163,15;455,00
Loja: 1 - NEWSHOP COMERCIO LTDA ( LOJA );Local: 15 - GALPÃO;31213;Pense rapido -  3 a 4 anos;UN;49019900;72,00;0,00;0,00;0,95;12,50;68,40;900,00
Loja: 1 - NEWSHOP COMERCIO LTDA ( LOJA );Local: 15 - GALPÃO;31214;Pense rapido -  2 a 3 anos;UN;49019900;72,00;0,00;0,00;0,95;12,50;68,40;900,00
Loja: 1 - NEWSHOP COMERCIO LTDA ( LOJA );Local: 15 - GALPÃO;31215;Arteterapia para colorir e sentir;UN;49030000;65,00;0,00;0,00;2,51;7,00;163,15;455,00
Loja: 1 - NEWSHOP COMERCIO LTDA ( LOJA );Local: 15 - GALPÃO;31218;O Pequeno Principe - Edicao Especial com Capa Almofadada;UN;49019900;30,00;0,00;0,00;0,95;21,00;28,50;630,00
Loja: 1 - NEWSHOP COMERCIO LTDA ( LOJA );Local: 15 - GALPÃO;31220;Arteterapia para colorir e acalmar;UN;49030000;65,00;0,00;0,00;2,51;7,00;163,15;455,00
Loja: 1 - NEWSHOP COMERCIO LTDA ( LOJA );Local: 15 - GALPÃO;31222;Historias biblicas para meninos;UN;49019900;40,00;0,00;0,00;0,95;14,50;38,00;580,00
Loja: 1 - NEWSHOP COMERCIO LTDA ( LOJA );Local: 15 - GALPÃO;31228;Minhas 100 Primeiras Palavras;UN;49030000;40,00;0,00;0,00;2,51;14,50;100,40;580,00
Loja: 1 - NEWSHOP COMERCIO LTDA ( LOJA );Local: 15 - GALPÃO;31230;Oracoes para meninos;UN;49019900;40,00;0,00;0,00;0,95;14,50;38,00;580,00
Loja: 1 - NEWSHOP COMERCIO LTDA ( LOJA );Local: 15 - GALPÃO;31231;Fisher-Price - Quando estou...;UN;49030000;20,00;0,00;0,00;2,51;24,00;50,20;480,00
Loja: 1 - NEWSHOP COMERCIO LTDA ( LOJA );Local: 15 - GALPÃO;31232;Galinha Pintadinha - Minha primeira biblioteca;UN;49030000;20,00;0,00;0,00;2,51;24,00;50,20;480,00
Loja: 1 - NEWSHOP COMERCIO LTDA ( LOJA );Local: 15 - GALPÃO;31234;Meus 100 primeiros numeros;UN;49030000;40,00;0,00;0,00;2,51;16,00;100,40;640,00
Loja: 1 - NEWSHOP COMERCIO LTDA ( LOJA );Local: 15 - GALPÃO;31235;Lettering - Caligrafia criativa para iniciantes;UN;49030000;45,00;0,00;0,00;2,51;7,00;112,95;315,00
Loja: 1 - NEWSHOP COMERCIO LTDA ( LOJA );Local: 15 - GALPÃO;31237;PATRULHA CANINA - ABC APRENDENDO AS LETRAS;UN;49030000;25,00;0,00;0,00;2,51;15,50;62,75;387,50
Loja: 1 - NEWSHOP COMERCIO LTDA ( LOJA );Local: 15 - GALPÃO;31238;Historias biblicas para meninas;UN;49019900;40,00;0,00;0,00;0,95;14,00;38,00;560,00
Loja: 1 - NEWSHOP COMERCIO LTDA ( LOJA );Local: 15 - GALPÃO;31239;ATLAS - CORPO HUMANO;UN;49019900;80,00;0,00;0,00;0,95;7,50;76,00;600,00
Loja: 1 - NEWSHOP COMERCIO LTDA ( LOJA );Local: 15 - GALPÃO;31246;Os maiores astros do futebol - Pele;UN;49019900;46,00;0,00;0,00;0,95;15,50;43,70;713,00
Loja: 1 - NEWSHOP COMERCIO LTDA ( LOJA );Local: 15 - GALPÃO;31247;Historias Inesqueciveis;UN;49030000;40,00;0,00;0,00;2,51;14,50;100,40;580,00
Loja: 1 - NEWSHOP COMERCIO LTDA ( LOJA );Local: 15 - GALPÃO;31248;PEPPA PIG - UMA BANDA PARA COLORIR;UN;49030000;25,00;0,00;0,00;2,51;15,50;62,75;387,50
Loja: 1 - NEWSHOP COMERCIO LTDA ( LOJA );Local: 15 - GALPÃO;31249;Historias biblicas - Box com 6;UN;49030000;20,00;0,00;0,00;2,51;24,00;50,20;480,00
Loja: 1 - NEWSHOP COMERCIO LTDA ( LOJA );Local: 15 - GALPÃO;31250;365 - Palavras Cruzadas - Com Historias Biblicas;UN;49030000;20,00;0,00;0,00;2,51;13,50;50,20;270,00
Loja: 1 - NEWSHOP COMERCIO LTDA ( LOJA );Local: 15 - GALPÃO;31251;PENSE RAPIDO - 3º ANO;UN;49019900;72,00;0,00;0,00;0,95;12,50;68,40;900,00
Loja: 1 - NEWSHOP COMERCIO LTDA ( LOJA );Local: 15 - GALPÃO;31252;Amor;UN;49030000;20,00;0,00;0,00;2,51;13,50;50,20;270,00
Loja: 1 - NEWSHOP COMERCIO LTDA ( LOJA );Local: 15 - GALPÃO;31253;Unicornios para Colorir;UN;49019900;55,00;0,00;0,00;0,95;7,00;52,25;385,00
Loja: 1 - NEWSHOP COMERCIO LTDA ( LOJA );Local: 15 - GALPÃO;31254;Lindas oracoes para meninas;UN;49030000;40,00;0,00;0,00;2,51;14,50;100,40;580,00
Loja: 1 - NEWSHOP COMERCIO LTDA ( LOJA );Local: 15 - GALPÃO;31255;PENSE RAPIDO - 2º ANO;UN;49019900;72,00;0,00;0,00;0,95;12,50;68,40;900,00
Loja: 1 - NEWSHOP COMERCIO LTDA ( LOJA );Local: 15 - GALPÃO;31256;Grandes Herois da Biblia;UN;49030000;40,00;0,00;0,00;2,51;14,50;100,40;580,00
Loja: 1 - NEWSHOP COMERCIO LTDA ( LOJA );Local: 15 - GALPÃO;31257;Mandalas para relaxar;UN;49030000;65,00;0,00;0,00;2,51;7,00;163,15;455,00
Loja: 1 - NEWSHOP COMERCIO LTDA ( LOJA );Local: 15 - GALPÃO;31258;Arteterapia para colorir e inspirar;UN;49030000;65,00;0,00;0,00;2,51;7,00;163,15;455,00
Loja: 1 - NEWSHOP COMERCIO LTDA ( LOJA );Local: 15 - GALPÃO;31259;Mandalas para inspirar;UN;49030000;65,00;0,00;0,00;2,51;7,00;163,15;455,00
Loja: 1 - NEWSHOP COMERCIO LTDA ( LOJA );Local: 15 - GALPÃO;31260;Tristeza;UN;49030000;20,00;0,00;0,00;2,51;13,50;50,20;270,00
Loja: 1 - NEWSHOP COMERCIO LTDA ( LOJA );Local: 15 - GALPÃO;31261;Oracoes para criancas;UN;49019900;40,00;0,00;0,00;0,95;14,50;38,00;580,00
Loja: 1 - NEWSHOP COMERCIO LTDA ( LOJA );Local: 15 - GALPÃO;31262;ALFABETO COM UNICORNIOS;UN;49030000;50,00;0,00;0,00;2,51;10,50;125,50;525,00
Loja: 1 - NEWSHOP COMERCIO LTDA ( LOJA );Local: 15 - GALPÃO;31263;365 historias narradas - uma historia por noite;UN;49030000;18,00;0,00;0,00;2,51;13,50;45,18;243,00
Loja: 1 - NEWSHOP COMERCIO LTDA ( LOJA );Local: 15 - GALPÃO;31264;PALAVRAS;UN;49030000;50,00;0,00;0,00;2,51;15,50;125,50;775,00
Loja: 1 - NEWSHOP COMERCIO LTDA ( LOJA );Local: 15 - GALPÃO;31265;ALFABETO;UN;49030000;50,00;0,00;0,00;2,51;10,50;125,50;525,00
Loja: 1 - NEWSHOP COMERCIO LTDA ( LOJA );Local: 15 - GALPÃO;31266;Turma da Monica - Biblioteca de boas maneiras;UN;49030000;20,00;0,00;0,00;2,51;24,00;50,20;480,00
Loja: 1 - NEWSHOP COMERCIO LTDA ( LOJA );Local: 15 - GALPÃO;31267;Os maiores astros do futebol - Cristiano Ronaldo;UN;49019900;46,00;0,00;0,00;0,95;15,50;43,70;713,00
Loja: 1 - NEWSHOP COMERCIO LTDA ( LOJA );Local: 15 - GALPÃO;31293;2021 VELA DECORATIVA CASTICAL DE VIDRO COM TAMPA 65X75CM;UN;34060000;96,00;0,00;0,00;0,77;11,50;73,92;1104,00
Loja: 1 - NEWSHOP COMERCIO LTDA ( LOJA );Local: 15 - GALPÃO;31315;TOP2688 - DISPENSER DE SABONETE LIQUIDO BAMBU 8X16CM;UN;44219100;48,00;0,00;0,00;1,29;21,50;61,92;1032,00
Loja: 1 - NEWSHOP COMERCIO LTDA ( LOJA );Local: 15 - GALPÃO;31319;TOP2245 - LUGAR AMERICANO REDONDO PVC 38CM;UN;39241000;72,00;0,00;0,00;1,00;10,00;72,00;720,00
Loja: 1 - NEWSHOP COMERCIO LTDA ( LOJA );Local: 15 - GALPÃO;31328;TOP1843 - JOGO AMERICANO POLIESTER 38CM COLOR;UN;63025300;72,00;0,00;0,00;3,47;23,00;249,84;1656,00
Loja: 1 - NEWSHOP COMERCIO LTDA ( LOJA );Local: 15 - GALPÃO;31333;TOP1197- 2 - POTE DE VIDRO HERMETICO RETANGULAR 640ML C/TRAVA NA TAMPA;UN;70134900;12,00;0,00;0,00;1,21;20,00;14,52;240,00
Loja: 1 - NEWSHOP COMERCIO LTDA ( LOJA );Local: 15 - GALPÃO;31336;TOP1198- 3 - POTE DE VIDRO HERMETICO RETANGULAR 1.040ML C  TRAVA NA TAMPA;UN;70134900;12,00;0,00;0,00;1,21;28,00;14,52;336,00
Loja: 1 - NEWSHOP COMERCIO LTDA ( LOJA );Local: 15 - GALPÃO;31337;TOP1198- 1 - POTE DE VIDRO HERMETICO RETANGULAR 1.040ML C  TRAVA NA TAMPA;UN;70134900;12,00;0,00;0,00;5,49;28,00;65,88;336,00
Loja: 1 - NEWSHOP COMERCIO LTDA ( LOJA );Local: 15 - GALPÃO;31340;TOP1198-2 POTE DE VIDRO HERMETICO RETANGULAR 1.040ML C  TRAVA NA TAMPA;UN;70134900;12,00;0,00;0,00;1,21;28,00;14,52;336,00
Loja: 1 - NEWSHOP COMERCIO LTDA ( LOJA );Local: 15 - GALPÃO;31387;JD-06 FITA ADESIVA DE PLASTICOS DE DIVERSAS CORES;UN;39199090;208,00;0,00;0,00;0,76;6,00;158,08;1248,00
Loja: 1 - NEWSHOP COMERCIO LTDA ( LOJA );Local: 15 - GALPÃO;31389;LE-8315 MINI CHAVEIRO LUZ PORTATIL;UN;85131090;80,00;0,00;0,00;6,60;9,50;528,00;760,00
Loja: 1 - NEWSHOP COMERCIO LTDA ( LOJA );Local: 15 - GALPÃO;31391;JD-09 FITA ADESIVA DE PLASTICOS DE DIVERSAS CORES;UN;39199090;86,00;0,00;0,00;2,00;18,00;172,00;1548,00
Loja: 1 - NEWSHOP COMERCIO LTDA ( LOJA );Local: 15 - GALPÃO;31392;CONJUNTO COM ALICATE DECAPADOR EM BOLSA BOM-3712;UN;82060000;12,00;0,00;0,00;0,48;84,50;5,76;1014,00
Loja: 1 - NEWSHOP COMERCIO LTDA ( LOJA );Local: 15 - GALPÃO;31393;VIBRADOR DE CONCRETO BOM-9589;UN;84672999;1,00;0,00;0,00;28,81;0,00;28,81;0,00
Loja: 1 - NEWSHOP COMERCIO LTDA ( LOJA );Local: 15 - GALPÃO;31401;OIP-0501 BRINQUEDOS PET MORDEDOR;UN;95069900;-10,00;0,00;0,00;14,55;18,00;-145,50;-180,00
Loja: 1 - NEWSHOP COMERCIO LTDA ( LOJA );Local: 15 - GALPÃO;31402;OIA-8250 FITA ADESIVA;UN;39191090;-2,00;0,00;0,00;0,35;6,50;-0,70;-13,00
Loja: 1 - NEWSHOP COMERCIO LTDA ( LOJA );Local: 15 - GALPÃO;31408;CX-70178 MAQUINA PARAFUSADEIRA;UN;84671900;10,00;0,00;0,00;29,56;239,00;295,60;2390,00
Loja: 1 - NEWSHOP COMERCIO LTDA ( LOJA );Local: 15 - GALPÃO;31412;CX-70466 NIVEL A LASER COM SUPORTE;UN;90153000;5,00;0,00;0,00;5,12;565,00;25,60;2825,00
Loja: 1 - NEWSHOP COMERCIO LTDA ( LOJA );Local: 15 - GALPÃO;31454;BC5531 CARTEIRA FEMININA;UN;42023200;30,00;0,00;0,00;0,08;22,00;2,40;660,00
Loja: 1 - NEWSHOP COMERCIO LTDA ( LOJA );Local: 15 - GALPÃO;31456;BC-5554 CARTEIRA UNISSEX;UN;42023200;30,00;0,00;0,00;5,52;22,00;165,60;660,00
Loja: 1 - NEWSHOP COMERCIO LTDA ( LOJA );Local: 15 - GALPÃO;31458;FZ-5863 CARTEIRA FEMININA;UN;42023200;30,00;0,00;0,00;0,08;19,00;2,40;570,00
Loja: 1 - NEWSHOP COMERCIO LTDA ( LOJA );Local: 15 - GALPÃO;31459;FZ5859 CARTEIRA UNISSEX;UN;42023200;30,00;0,00;0,00;0,08;19,00;2,40;570,00
Loja: 1 - NEWSHOP COMERCIO LTDA ( LOJA );Local: 15 - GALPÃO;31460;FZ3193 CARTEIRA FEMININA;UN;42023200;30,00;0,00;0,00;3,92;15,50;117,60;465,00
Loja: 1 - NEWSHOP COMERCIO LTDA ( LOJA );Local: 15 - GALPÃO;31461;FZ5854 CARTEIRA FEMININA;UN;42023200;30,00;0,00;0,00;0,08;20,50;2,40;615,00
Loja: 1 - NEWSHOP COMERCIO LTDA ( LOJA );Local: 15 - GALPÃO;31462;BC-5561 CARTEIRA UNISSEX;UN;42023200;30,00;0,00;0,00;0,08;20,80;2,40;624,00
Loja: 1 - NEWSHOP COMERCIO LTDA ( LOJA );Local: 15 - GALPÃO;31463;FZ5680 CARTEIRA FEMININA;UN;42023200;30,00;0,00;0,00;0,08;12,50;2,40;375,00
Loja: 1 - NEWSHOP COMERCIO LTDA ( LOJA );Local: 15 - GALPÃO;31464;FZ5386 CARTEIRA;UN;42022100;30,00;0,00;0,00;1,00;22,00;30,00;660,00
Loja: 1 - NEWSHOP COMERCIO LTDA ( LOJA );Local: 15 - GALPÃO;31465;BC5743 CARTEIRA FEMININA;UN;42023200;30,00;0,00;0,00;0,08;23,50;2,40;705,00
Loja: 1 - NEWSHOP COMERCIO LTDA ( LOJA );Local: 15 - GALPÃO;31466;FZ-5385 CARTEIRA;UN;42022100;30,00;0,00;0,00;1,00;22,00;30,00;660,00
Loja: 1 - NEWSHOP COMERCIO LTDA ( LOJA );Local: 15 - GALPÃO;31467;FZ5383 CARTEIRA FEMININA;UN;42023200;30,00;0,00;0,00;0,08;19,00;2,40;570,00
Loja: 1 - NEWSHOP COMERCIO LTDA ( LOJA );Local: 15 - GALPÃO;31469;FZ-5382 CARTEIRA FEMININA;UN;42023200;30,00;0,00;0,00;0,08;19,00;2,40;570,00
Loja: 1 - NEWSHOP COMERCIO LTDA ( LOJA );Local: 15 - GALPÃO;31470;FZ-5381 CARTEIRA FEMININA;UN;42023200;30,00;0,00;0,00;0,08;19,00;2,40;570,00
Loja: 1 - NEWSHOP COMERCIO LTDA ( LOJA );Local: 15 - GALPÃO;31471;BC5560 CARTEIRA FEMININA;UN;42023200;30,00;0,00;0,00;0,08;22,00;2,40;660,00
Loja: 1 - NEWSHOP COMERCIO LTDA ( LOJA );Local: 15 - GALPÃO;31472;FZ5332 CARTEIRA FEMININA;UN;42023200;30,00;0,00;0,00;0,08;14,00;2,40;420,00
Loja: 1 - NEWSHOP COMERCIO LTDA ( LOJA );Local: 15 - GALPÃO;31473;FZ-3215 UNISSEX;UN;42023200;30,00;0,00;0,00;0,08;17,50;2,40;525,00
Loja: 1 - NEWSHOP COMERCIO LTDA ( LOJA );Local: 15 - GALPÃO;31474;FZ5314 CARTEIRA UNISSEX;UN;42023200;30,00;0,00;0,00;0,08;20,50;2,40;615,00
Loja: 1 - NEWSHOP COMERCIO LTDA ( LOJA );Local: 15 - GALPÃO;31475;FZ3948 CARTEIRA FEMININA;UN;42023200;30,00;0,00;0,00;0,60;9,90;18,00;297,00
Loja: 1 - NEWSHOP COMERCIO LTDA ( LOJA );Local: 15 - GALPÃO;31476;BC-5574 CARTEIRA FEMININA;UN;42023200;30,00;0,00;0,00;3,12;17,50;93,60;525,00
Loja: 1 - NEWSHOP COMERCIO LTDA ( LOJA );Local: 15 - GALPÃO;31477;FZ3947 CARTEIRA FEMININA;UN;42023200;30,00;0,00;0,00;3,12;11,00;93,60;330,00
Loja: 1 - NEWSHOP COMERCIO LTDA ( LOJA );Local: 15 - GALPÃO;31478;FZ3945 CARTEIRA FEMININA;UN;42023200;30,00;0,00;0,00;3,12;17,50;93,60;525,00
Loja: 1 - NEWSHOP COMERCIO LTDA ( LOJA );Local: 15 - GALPÃO;31510;COPO TRANSP PP 200ML 100UN TOTALPLAST;UN;39241000;1,00;0,00;0,00;1,00;0,00;1,00;0,00
Loja: 1 - NEWSHOP COMERCIO LTDA ( LOJA );Local: 15 - GALPÃO;31527;Bateria;UN;85076000;12,00;0,00;0,00;70,00;0,00;840,00;0,00
Loja: 1 - NEWSHOP COMERCIO LTDA ( LOJA );Local: 15 - GALPÃO;31658;OIH-2712 CONJUNTO DE COZINHA CONTEM: UM AMOLADOR UM RALADOR E UMA FACA;UN;82055100;20,00;0,00;0,00;3,51;20,00;70,20;400,00
Loja: 1 - NEWSHOP COMERCIO LTDA ( LOJA );Local: 15 - GALPÃO;31659;OIH-2928 VASSOURA;UN;96031000;20,00;0,00;0,00;8,55;16,00;171,00;320,00
Loja: 1 - NEWSHOP COMERCIO LTDA ( LOJA );Local: 15 - GALPÃO;31660;OIH-2929 RODO;UN;96039000;20,00;0,00;0,00;8,55;16,00;171,00;320,00
Loja: 1 - NEWSHOP COMERCIO LTDA ( LOJA );Local: 15 - GALPÃO;31661;OIH-2934 ESCOVA MULTIFUNCIONAL;UN;96039000;29,00;0,00;0,00;5,32;10,00;154,28;290,00
Loja: 1 - NEWSHOP COMERCIO LTDA ( LOJA );Local: 15 - GALPÃO;31662;OIH-2935 ESCOVA DE PANELA;UN;96039000;29,00;0,00;0,00;3,67;9,00;106,43;261,00
Loja: 1 - NEWSHOP COMERCIO LTDA ( LOJA );Local: 15 - GALPÃO;31663;OIH-2936 ESCOVA DE FRUTAS;UN;96039000;29,00;0,00;0,00;4,75;9,00;137,75;261,00
Loja: 1 - NEWSHOP COMERCIO LTDA ( LOJA );Local: 15 - GALPÃO;31664;OIH-2937 ESCOVAS DE FRUTAS;UN;96039000;29,00;0,00;0,00;3,67;9,00;106,43;261,00
Loja: 1 - NEWSHOP COMERCIO LTDA ( LOJA );Local: 15 - GALPÃO;31665;OIH-2938 RODO DE MAO;UN;96039000;29,00;0,00;0,00;3,67;9,00;106,43;261,00
Loja: 1 - NEWSHOP COMERCIO LTDA ( LOJA );Local: 15 - GALPÃO;31666;OIH-2939 ESCOVA DE ROUPAS;UN;94018000;29,00;0,00;0,00;6,97;10,50;202,13;304,50
Loja: 1 - NEWSHOP COMERCIO LTDA ( LOJA );Local: 15 - GALPÃO;31750;TOP2636 - ESPELHO DE MESA LACO 19X20.5CM;UN;70099200;72,00;0,00;0,00;4,82;14,00;347,04;1008,00
Loja: 1 - NEWSHOP COMERCIO LTDA ( LOJA );Local: 15 - GALPÃO;31752;TOP2637 - ESPELHO DE MESA 16X18CM;UN;70099200;72,00;0,00;0,00;4,82;14,00;347,04;1008,00
Loja: 1 - NEWSHOP COMERCIO LTDA ( LOJA );Local: 15 - GALPÃO;31753;Kit de Pintura Animais da Selva - Pintar Criar e Sonhar!;UN;49030000;60,00;0,00;0,00;2,51;18,00;150,60;1080,00
Loja: 1 - NEWSHOP COMERCIO LTDA ( LOJA );Local: 15 - GALPÃO;31755;SURPRESA NA FLORESTA;UN;49030000;50,00;0,00;0,00;2,51;7,50;125,50;375,00
Loja: 1 - NEWSHOP COMERCIO LTDA ( LOJA );Local: 15 - GALPÃO;31756;Patrulha Canina - com 100 adesivos;UN;49030000;40,00;0,00;0,00;2,51;10,50;100,40;420,00
Loja: 1 - NEWSHOP COMERCIO LTDA ( LOJA );Local: 15 - GALPÃO;31757;Enaldinho - com 100 adesivos;UN;49030000;40,00;0,00;0,00;2,51;10,50;100,40;420,00
Loja: 1 - NEWSHOP COMERCIO LTDA ( LOJA );Local: 15 - GALPÃO;31758;Carros - Colorir e Brincar com 5 Miniaturas;UN;49030000;50,00;0,00;0,00;2,51;13,00;125,50;650,00
Loja: 1 - NEWSHOP COMERCIO LTDA ( LOJA );Local: 15 - GALPÃO;31759;Harry Potter - com 100 adesivos;UN;49030000;40,00;0,00;0,00;2,51;10,50;100,40;420,00
Loja: 1 - NEWSHOP COMERCIO LTDA ( LOJA );Local: 15 - GALPÃO;31760;Brincadeiras no Quintal;UN;49030000;50,00;0,00;0,00;2,51;7,50;125,50;375,00
Loja: 1 - NEWSHOP COMERCIO LTDA ( LOJA );Local: 15 - GALPÃO;31761;Hot Wheels - com 100 adesivos;UN;49030000;40,00;0,00;0,00;2,51;10,50;100,40;420,00
Loja: 1 - NEWSHOP COMERCIO LTDA ( LOJA );Local: 15 - GALPÃO;31763;Animais da Fazenda - Colorir e Brincar com 5 Miniaturas;UN;49030000;50,00;0,00;0,00;2,51;13,00;125,50;650,00
Loja: 1 - NEWSHOP COMERCIO LTDA ( LOJA );Local: 15 - GALPÃO;31861;O Nascimento de Jesus;UN;49030000;50,00;0,00;0,00;2,51;7,50;125,50;375,00
Loja: 1 - NEWSHOP COMERCIO LTDA ( LOJA );Local: 15 - GALPÃO;31862;Hello Kitty - com 100 adesivos;UN;49030000;40,00;0,00;0,00;2,51;10,50;100,40;420,00
Loja: 1 - NEWSHOP COMERCIO LTDA ( LOJA );Local: 15 - GALPÃO;31863;Descobertas na Fazenda;UN;49030000;50,00;0,00;0,00;2,51;7,50;125,50;375,00
Loja: 1 - NEWSHOP COMERCIO LTDA ( LOJA );Local: 15 - GALPÃO;31864;Patrulha Canina - Passatempo para Colorir;UN;49030000;16,00;0,00;0,00;2,51;20,50;40,16;328,00
Loja: 1 - NEWSHOP COMERCIO LTDA ( LOJA );Local: 15 - GALPÃO;31865;LIVRO DE GAMES;UN;49030000;16,00;0,00;0,00;2,51;26,00;40,16;416,00
Loja: 1 - NEWSHOP COMERCIO LTDA ( LOJA );Local: 15 - GALPÃO;31866;Kit de Pintura Princesas - Pintar Criar e Sonhar!;UN;49030000;60,00;0,00;0,00;2,51;18,00;150,60;1080,00
Loja: 1 - NEWSHOP COMERCIO LTDA ( LOJA );Local: 15 - GALPÃO;31867;Unicornios - Colorir e Brincar com 5 Miniaturas;UN;49030000;50,00;0,00;0,00;2,51;13,00;125,50;650,00
Loja: 1 - NEWSHOP COMERCIO LTDA ( LOJA );Local: 15 - GALPÃO;31868;Maria Clara e JP - Passatempo para Colorir;UN;49030000;16,00;0,00;0,00;2,51;20,50;40,16;328,00
Loja: 1 - NEWSHOP COMERCIO LTDA ( LOJA );Local: 15 - GALPÃO;31869;Dinossauros - Colorir e Brincar com 5 Miniaturas;UN;49030000;50,00;0,00;0,00;2,51;13,00;125,50;650,00
Loja: 1 - NEWSHOP COMERCIO LTDA ( LOJA );Local: 15 - GALPÃO;31870;Kit de Pintura Biblicos - Pintar Criar e Sonhar;UN;49030000;60,00;0,00;0,00;2,51;18,00;150,60;1080,00
Loja: 1 - NEWSHOP COMERCIO LTDA ( LOJA );Local: 15 - GALPÃO;31871;Barbie - Passatempo para Colorir;UN;49030000;16,00;0,00;0,00;2,51;20,50;40,16;328,00
Loja: 1 - NEWSHOP COMERCIO LTDA ( LOJA );Local: 15 - GALPÃO;31873;LIVRO DE UNICORNIOS;UN;49030000;16,00;0,00;0,00;2,51;26,00;40,16;416,00
Loja: 1 - NEWSHOP COMERCIO LTDA ( LOJA );Local: 15 - GALPÃO;31886;WG14972 PRATO RASO CERAMICA BLOOMING CINZA 28CM;UN;69120000;12,00;0,00;0,00;7,16;30,00;85,92;360,00
Loja: 1 - NEWSHOP COMERCIO LTDA ( LOJA );Local: 15 - GALPÃO;31888;WG14982 PRATO SOBREMESA CERAMICA BLISSFUL BIRTH CINZA 225CM;UN;69120000;12,00;0,00;0,00;7,16;24,50;85,92;294,00
Loja: 1 - NEWSHOP COMERCIO LTDA ( LOJA );Local: 15 - GALPÃO;31890;WG14926 PRATO RASO CERAMICA BLISSFUL BIRTH AZUL ESCURO;UN;69120000;12,00;0,00;0,00;7,16;27,00;85,92;324,00
Loja: 1 - NEWSHOP COMERCIO LTDA ( LOJA );Local: 15 - GALPÃO;31891;WG14984 BOWL CERAMICA BLISSFUL BIRTH AZUL ESCURO 16CM;UN;69120000;12,00;0,00;0,00;7,16;28,00;85,92;336,00
Loja: 1 - NEWSHOP COMERCIO LTDA ( LOJA );Local: 15 - GALPÃO;31892;WG14988 BOWL CERAMICA BLISSFUL BIRTH CINZA 16CM;UN;69120000;12,00;0,00;0,00;6,09;28,00;73,08;336,00
Loja: 1 - NEWSHOP COMERCIO LTDA ( LOJA );Local: 15 - GALPÃO;31893;WG14952 PRATO RASO CERAMICA BLOOMING ROSA 28CM;UN;69120000;12,00;0,00;0,00;3,67;30,00;44,04;360,00
Loja: 1 - NEWSHOP COMERCIO LTDA ( LOJA );Local: 15 - GALPÃO;31894;WG14989 BOWL CERAMICA BLISSFUL BIRTH AZUL ESCURO 13CM;UN;69120000;12,00;0,00;0,00;7,16;26,50;85,92;318,00
Loja: 1 - NEWSHOP COMERCIO LTDA ( LOJA );Local: 15 - GALPÃO;31895;CG3700 PANELA DE CERAMICA 700ML;UN;69139000;12,00;0,00;0,00;6,00;43,00;72,00;516,00
Loja: 1 - NEWSHOP COMERCIO LTDA ( LOJA );Local: 15 - GALPÃO;31896;CG3439 PRATO DE CERAMICA 29CM;UN;69139000;24,00;0,00;0,00;6,00;41,00;144,00;984,00
Loja: 1 - NEWSHOP COMERCIO LTDA ( LOJA );Local: 15 - GALPÃO;31897;WG14991 BOWL CERAMICA BLISSFUL BIRTH ROSA 13CM;UN;69120000;12,00;0,00;0,00;7,16;26,50;85,92;318,00
Loja: 1 - NEWSHOP COMERCIO LTDA ( LOJA );Local: 15 - GALPÃO;31898;WG14954 PRATO RASO CERAMICA BLISSFUL BIRTH ROSA 28CM;UN;69120000;12,00;0,00;0,00;7,16;41,00;85,92;492,00
Loja: 1 - NEWSHOP COMERCIO LTDA ( LOJA );Local: 15 - GALPÃO;31899;CG6627 JOGO DE SALEIRO PIMENTEIRO E PALITEIRO DE CERAMICA;UN;69139000;20,00;0,00;0,00;6,00;26,50;120,00;530,00
Loja: 1 - NEWSHOP COMERCIO LTDA ( LOJA );Local: 15 - GALPÃO;31900;WH-48 PRATO DE JANTAR;UN;69139000;20,00;0,00;0,00;6,00;33,50;120,00;670,00
Loja: 1 - NEWSHOP COMERCIO LTDA ( LOJA );Local: 15 - GALPÃO;31901;WH-51 TRAVESSA DE CERAMICA;UN;69139000;15,00;0,00;0,00;6,00;25,00;90,00;375,00
Loja: 1 - NEWSHOP COMERCIO LTDA ( LOJA );Local: 15 - GALPÃO;31902;WH-56 PRATO DE CERAMICA 27CM;UN;69139000;15,00;0,00;0,00;6,00;39,00;90,00;585,00
Loja: 1 - NEWSHOP COMERCIO LTDA ( LOJA );Local: 15 - GALPÃO;31903;WH-57 PRATO DE CERAMICA 22CM;UN;69139000;15,00;0,00;0,00;6,00;26,50;90,00;397,50
Loja: 1 - NEWSHOP COMERCIO LTDA ( LOJA );Local: 15 - GALPÃO;31904;CG7551 POTE DE AÇUCAR DE CERAMICA;UN;69139000;15,00;0,00;0,00;6,00;17,50;90,00;262,50
Loja: 1 - NEWSHOP COMERCIO LTDA ( LOJA );Local: 15 - GALPÃO;31905;WG14992 BOWL CERAMICA BLISSFUL BIRTH BORDO 13CM;UN;69120000;12,00;0,00;0,00;7,16;26,50;85,92;318,00
Loja: 1 - NEWSHOP COMERCIO LTDA ( LOJA );Local: 15 - GALPÃO;31906;WG14994 BOWL CERAMICA BLISSFUL BIRTH CINZA 13CM;UN;69120000;12,00;0,00;0,00;7,16;26,50;85,92;318,00
Loja: 1 - NEWSHOP COMERCIO LTDA ( LOJA );Local: 15 - GALPÃO;31907;WG14961 PRATO RASO CERAMICA BLISSFUL BIRTH BORDO 28CM;UN;69120000;12,00;0,00;0,00;3,67;41,00;44,04;492,00
Loja: 1 - NEWSHOP COMERCIO LTDA ( LOJA );Local: 15 - GALPÃO;31908;WG14966 PRATO RASO CERAMICA BLISSFUL BIRTH CINZA 28CM;UN;69120000;12,00;0,00;0,00;3,67;41,00;44,04;492,00
Loja: 1 - NEWSHOP COMERCIO LTDA ( LOJA );Local: 15 - GALPÃO;31909;WG14976 PRATO SOBREMESA CERAMICA BLISSFUL BIRTH AZUL ESCURO 225CM;UN;69120000;12,00;0,00;0,00;3,67;24,50;44,04;294,00
Loja: 1 - NEWSHOP COMERCIO LTDA ( LOJA );Local: 15 - GALPÃO;31910;WG14978 PRATO SOBREMESA CERAMICA BLISSFUL BIRTH ROSA 225CM;UN;69120000;12,00;0,00;0,00;3,67;24,50;44,04;294,00
Loja: 1 - NEWSHOP COMERCIO LTDA ( LOJA );Local: 15 - GALPÃO;31911;WG14996 PRATO SOBREMESA CERAMICA BLOOMING ROSA 22CM;UN;69120000;18,00;0,00;0,00;3,67;20,00;66,06;360,00
Loja: 1 - NEWSHOP COMERCIO LTDA ( LOJA );Local: 15 - GALPÃO;31912;WG14981 PRATO SOBREMESA CERAMICA BLISSFUL BIRTH BORDO 225CM;UN;69120000;12,00;0,00;0,00;3,67;24,50;44,04;294,00
Loja: 1 - NEWSHOP COMERCIO LTDA ( LOJA );Local: 15 - GALPÃO;31913;WG14983 PRATO SOBREMESA CERAMICA BLOOMING CINZA 22CM;UN;69120000;18,00;0,00;0,00;3,67;20,00;66,06;360,00
Loja: 1 - NEWSHOP COMERCIO LTDA ( LOJA );Local: 15 - GALPÃO;31914;WG14985 BOWL CERAMICA BLISSFUL BIRTH ROSA 16CM;UN;69120000;12,00;0,00;0,00;14,03;28,00;168,36;336,00
Loja: 1 - NEWSHOP COMERCIO LTDA ( LOJA );Local: 15 - GALPÃO;31915;CG6659 MOLHEIRA DE CERAMICA COM ALÇA 17X12X9CM;UN;69139000;15,00;0,00;0,00;6,00;26,50;90,00;397,50
Loja: 1 - NEWSHOP COMERCIO LTDA ( LOJA );Local: 15 - GALPÃO;31916;CG7172 TIGELA DE CERAMICA;UN;69139000;15,00;0,00;0,00;6,00;22,50;90,00;337,50
Loja: 1 - NEWSHOP COMERCIO LTDA ( LOJA );Local: 15 - GALPÃO;31917;WG14986 BOWL CERAMICA BLISSFUL BIRTH BORDO 16CM;UN;69120000;12,00;0,00;0,00;14,03;28,00;168,36;336,00
Loja: 1 - NEWSHOP COMERCIO LTDA ( LOJA );Local: 15 - GALPÃO;31918;CG7231 POTE DE AÇUCAR DE CERAMICA;UN;69139000;15,00;0,00;0,00;6,00;17,50;90,00;262,50
Loja: 1 - NEWSHOP COMERCIO LTDA ( LOJA );Local: 15 - GALPÃO;31919;CG7239 XICARA COM PIRES 200ML;UN;69139000;18,00;0,00;0,00;6,00;21,00;108,00;378,00
Loja: 1 - NEWSHOP COMERCIO LTDA ( LOJA );Local: 15 - GALPÃO;31920;CG7275 PRATO DE CERAMICA 10;UN;69139000;15,00;0,00;0,00;8,40;30,00;126,00;450,00
Loja: 1 - NEWSHOP COMERCIO LTDA ( LOJA );Local: 15 - GALPÃO;31921;CG7286 PRATO FUNDO DE CERAMICA;UN;69139000;15,00;0,00;0,00;6,00;22,50;90,00;337,50
Loja: 1 - NEWSHOP COMERCIO LTDA ( LOJA );Local: 15 - GALPÃO;31922;WG14997 BOWL CERAMICA BLISSFUL BIRTH CINZA 21CM;UN;69120000;12,00;0,00;0,00;15,34;30,50;184,08;366,00
Loja: 1 - NEWSHOP COMERCIO LTDA ( LOJA );Local: 15 - GALPÃO;31923;WG14998 BOWL CERAMICA BLISSFUL BIRTH AZUL ESCURO 21CM;UN;69120000;12,00;0,00;0,00;15,34;30,50;184,08;366,00
Loja: 1 - NEWSHOP COMERCIO LTDA ( LOJA );Local: 15 - GALPÃO;31924;WG15001 SALADEIRA CERAMICA BLISSFUL BIRTH ROSA 225CM;UN;69120000;12,00;0,00;0,00;19,98;40,00;239,76;480,00
Loja: 1 - NEWSHOP COMERCIO LTDA ( LOJA );Local: 15 - GALPÃO;31925;WG15003 BOWL CERAMICA BLISSFUL BIRTH BORDO 21CM;UN;69120000;12,00;0,00;0,00;15,34;30,50;184,08;366,00
Loja: 1 - NEWSHOP COMERCIO LTDA ( LOJA );Local: 15 - GALPÃO;31926;WG15013 BOWL CERAMICA BLOOMING CINZA 15CM;UN;69120000;18,00;0,00;0,00;10,13;20,50;182,34;369,00
Loja: 1 - NEWSHOP COMERCIO LTDA ( LOJA );Local: 15 - GALPÃO;31927;WG15024 BOWL CERAMICA BLOOMING ROSA 15CM;UN;69120000;18,00;0,00;0,00;10,13;20,50;182,34;369,00
Loja: 1 - NEWSHOP COMERCIO LTDA ( LOJA );Local: 15 - GALPÃO;31928;WG15025 PRATO RASO CERAMICA MIRA BEGE 27CM;UN;69120000;12,00;0,00;0,00;16,35;32,50;196,20;390,00
Loja: 1 - NEWSHOP COMERCIO LTDA ( LOJA );Local: 15 - GALPÃO;31929;WG15027 PRATO RASO CERAMICA MIRA SALMAO 27CM;UN;69120000;12,00;0,00;0,00;3,25;32,50;39,00;390,00
Loja: 1 - NEWSHOP COMERCIO LTDA ( LOJA );Local: 15 - GALPÃO;31930;WG15028 PRATO SOBREMESA CERAMICA MIRA BEGE 20CM;UN;69120000;18,00;0,00;0,00;1,65;16,50;29,70;297,00
Loja: 1 - NEWSHOP COMERCIO LTDA ( LOJA );Local: 15 - GALPÃO;31931;WG15033 PRATO FUNDO CERAMICA BLOOMING CINZA 20CM;UN;69120000;18,00;0,00;0,00;2,00;20,00;36,00;360,00
Loja: 1 - NEWSHOP COMERCIO LTDA ( LOJA );Local: 15 - GALPÃO;31932;WG15034 PRATO SOBREMESA CERAMICA MIRA SALMAO 20CM;UN;69120000;18,00;0,00;0,00;1,65;16,50;29,70;297,00
Loja: 1 - NEWSHOP COMERCIO LTDA ( LOJA );Local: 15 - GALPÃO;31933;WG15038 BOWL CERAMICA MIRA BEGE 145CM;UN;69120000;18,00;0,00;0,00;2,10;21,00;37,80;378,00
Loja: 1 - NEWSHOP COMERCIO LTDA ( LOJA );Local: 15 - GALPÃO;31935;WG15040 BOWL CERAMICA MIRA SALMAO 145CM;UN;69120000;18,00;0,00;0,00;2,10;21,00;37,80;378,00
Loja: 1 - NEWSHOP COMERCIO LTDA ( LOJA );Local: 15 - GALPÃO;31937;WG15042 BOWL CERAMICA MIRA SALMAO 19CM;UN;69120000;18,00;0,00;0,00;2,15;21,50;38,70;387,00
Loja: 1 - NEWSHOP COMERCIO LTDA ( LOJA );Local: 15 - GALPÃO;31938;WG15047 BOWL CERAMICA MIRA BEGE 19CM;UN;69120000;18,00;0,00;0,00;2,15;21,50;38,70;387,00
Loja: 1 - NEWSHOP COMERCIO LTDA ( LOJA );Local: 15 - GALPÃO;31939;WG15053 PRATO FUNDO CERAMICA BLOOMING ROSA 20CM;UN;69120000;18,00;0,00;0,00;2,00;20,00;36,00;360,00
Loja: 1 - NEWSHOP COMERCIO LTDA ( LOJA );Local: 15 - GALPÃO;31941;WG15152 PRATO RASO CERAMICA ARISO BRANCO 28CM;UN;69120000;12,00;0,00;0,00;7,62;30,50;91,44;366,00
Loja: 1 - NEWSHOP COMERCIO LTDA ( LOJA );Local: 15 - GALPÃO;31942;WG15172 PRATO SOBREMESA CERAMICA ARISO BRANCO 195CM;UN;69120000;24,00;0,00;0,00;1,75;17,50;42,00;420,00
Loja: 1 - NEWSHOP COMERCIO LTDA ( LOJA );Local: 15 - GALPÃO;31943;WG15235 PRATO SOBREMESA CERAMICA YONI MARROM 22CM;UN;69120000;18,00;0,00;0,00;6,40;25,00;115,20;450,00
Loja: 1 - NEWSHOP COMERCIO LTDA ( LOJA );Local: 15 - GALPÃO;31944;WG15251 BOWL CERAMICA YONI MARROM 14CM;UN;69120000;18,00;0,00;0,00;5,88;23,00;105,84;414,00
Loja: 1 - NEWSHOP COMERCIO LTDA ( LOJA );Local: 15 - GALPÃO;31945;WG15265 TRAVESSA CERAMICA YONI MARROM 31CM X 16CM;UN;69120000;18,00;0,00;0,00;10,44;40,50;187,92;729,00
Loja: 1 - NEWSHOP COMERCIO LTDA ( LOJA );Local: 15 - GALPÃO;31946;WG17943 XICARA DE CAFE COM PIRES CERAMICA DALVIK OFF WHITE 280ML;UN;69120000;8,00;0,00;0,00;2,20;22,00;17,60;176,00
Loja: 1 - NEWSHOP COMERCIO LTDA ( LOJA );Local: 15 - GALPÃO;31947;WG17947 KIT DE  4 XICARAS CAFE COM PIRES CERAMICA DALVIK VERDE 280ML;UN;69120000;8,00;0,00;0,00;8,90;89,00;71,20;712,00
Loja: 1 - NEWSHOP COMERCIO LTDA ( LOJA );Local: 15 - GALPÃO;31948;WG17949 XICARA DE CAFE COM PIRES CERAMICA DALVIK NUDE 280ML;UN;69120000;8,00;0,00;0,00;22,68;22,00;181,44;176,00
Loja: 1 - NEWSHOP COMERCIO LTDA ( LOJA );Local: 15 - GALPÃO;31949;WX18035 CJ 4 COCOTTES CERAMICA COM ALCA VERS FENDI 310ML;UN;69120000;6,00;0,00;0,00;22,78;89,00;136,68;534,00
Loja: 1 - NEWSHOP COMERCIO LTDA ( LOJA );Local: 15 - GALPÃO;31950;WX18045 COCOTTES CERAMICA COM ALCA VERS TERRACOTA 310ML;UN;69120000;6,00;0,00;0,00;22,78;22,50;136,68;135,00
Loja: 1 - NEWSHOP COMERCIO LTDA ( LOJA );Local: 15 - GALPÃO;31951;WX18047 COCOTTES CERAMICA COM ALCA VERS VERDE 310ML;UN;69120000;6,00;0,00;0,00;22,78;22,50;136,68;135,00
Loja: 1 - NEWSHOP COMERCIO LTDA ( LOJA );Local: 15 - GALPÃO;31952;WG18415 KIT DE 6 XICARAS CAFE COM PIRES CERAMICA DENNY TERRACOTA 130ML;UN;69120000;8,00;0,00;0,00;31,41;123,00;251,28;984,00
Loja: 1 - NEWSHOP COMERCIO LTDA ( LOJA );Local: 15 - GALPÃO;31953;WG18605 KIT DE 6 XICARAS CAFE COM PIRES CERAMICA DENNY BRANCO 130ML;UN;69120000;8,00;0,00;0,00;31,41;123,00;251,28;984,00
Loja: 1 - NEWSHOP COMERCIO LTDA ( LOJA );Local: 15 - GALPÃO;31954;WG18606 XICARA DE CAFE COM PIRES CERAMICA DENNY CINZA 130ML;UN;69120000;8,00;0,00;0,00;1,45;14,50;11,60;116,00
Loja: 1 - NEWSHOP COMERCIO LTDA ( LOJA );Local: 15 - GALPÃO;31955;WG18621 KIT DE 6 XICARAS CAFE COM PIRES CERAMICA GRACE BRANCO 90ML;UN;69120000;6,00;0,00;0,00;28,28;111,00;169,68;666,00
Loja: 1 - NEWSHOP COMERCIO LTDA ( LOJA );Local: 15 - GALPÃO;31956;WG18624 XICARA CAFE COM PIRES CERAMICA GRACE CREME 90ML;UN;69120000;6,00;0,00;0,00;28,28;18,50;169,68;111,00
Loja: 1 - NEWSHOP COMERCIO LTDA ( LOJA );Local: 15 - GALPÃO;31957;WG18633 KIT DE 6 XICARAS CAFE COM PIRES CERAMICA GRACE CINZA 90ML;UN;69120000;6,00;0,00;0,00;27,85;109,00;167,10;654,00
Loja: 1 - NEWSHOP COMERCIO LTDA ( LOJA );Local: 15 - GALPÃO;31958;WG21443 JARRA VIDRO COM TAMPA ACRILICO BASIK AMBAR 15L;UN;70134900;6,00;0,00;0,00;1,21;32,00;7,26;192,00
Loja: 1 - NEWSHOP COMERCIO LTDA ( LOJA );Local: 15 - GALPÃO;31959;WG21444 JARRA VIDRO COM TAMPA ACRILICO BASIK CINZA 15L;UN;70134900;6,00;0,00;0,00;1,21;32,00;7,26;192,00
Loja: 1 - NEWSHOP COMERCIO LTDA ( LOJA );Local: 15 - GALPÃO;31960;WG21460 JARRA VIDRO COM TAMPA ACRILICO ORY CINZA 15L;UN;70134900;6,00;0,00;0,00;1,21;32,00;7,26;192,00
Loja: 1 - NEWSHOP COMERCIO LTDA ( LOJA );Local: 15 - GALPÃO;31961;WG21465 JARRA VIDRO COM TAMPA ACRILICO LINA CINZA 15L;UN;70134900;6,00;0,00;0,00;1,21;32,00;7,26;192,00
Loja: 1 - NEWSHOP COMERCIO LTDA ( LOJA );Local: 15 - GALPÃO;31962;WX22615 CAFETEIRA COM FILTRO ACO INOXIDAVEL TRANSPARENTE 400ML;UN;70134210;12,00;0,00;0,00;6,27;59,99;75,24;719,88
Loja: 1 - NEWSHOP COMERCIO LTDA ( LOJA );Local: 15 - GALPÃO;31963;4444 XICARA CAFE VERMELHO 90ML;UN;69120000;12,00;0,00;0,00;8,55;33,50;102,60;402,00
Loja: 1 - NEWSHOP COMERCIO LTDA ( LOJA );Local: 15 - GALPÃO;31964;4446 XICARA CAFE ROSA 90ML;UN;69120000;12,00;0,00;0,00;8,55;5,50;102,60;66,00
Loja: 1 - NEWSHOP COMERCIO LTDA ( LOJA );Local: 15 - GALPÃO;31965;CG7307 TRAVESSA DE CERAMICA;UN;69139000;20,00;0,00;0,00;6,00;43,00;120,00;860,00
Loja: 1 - NEWSHOP COMERCIO LTDA ( LOJA );Local: 15 - GALPÃO;31966;CG7340 TIGELA DE SALADA DE CERAMICA;UN;69139000;15,00;0,00;0,00;14,30;51,50;214,50;772,50
Loja: 1 - NEWSHOP COMERCIO LTDA ( LOJA );Local: 15 - GALPÃO;31967;CG-708 PRATO FUNDO DE CERAMICA;UN;69139000;20,00;0,00;0,00;9,30;33,50;186,00;670,00
Loja: 1 - NEWSHOP COMERCIO LTDA ( LOJA );Local: 15 - GALPÃO;31968;CG1027 TERRINA DE CERAMICA COM TAMPA;UN;69139000;10,00;0,00;0,00;6,00;95,00;60,00;950,00
Loja: 1 - NEWSHOP COMERCIO LTDA ( LOJA );Local: 15 - GALPÃO;31969;CG-1056  XICARA COM PIRES 250ML;UN;69139000;15,00;0,00;0,00;6,00;22,50;90,00;337,50
Loja: 1 - NEWSHOP COMERCIO LTDA ( LOJA );Local: 15 - GALPÃO;31970;7638-8  XICARA  250ML;UN;69139000;20,00;0,00;0,00;6,00;29,00;120,00;580,00
Loja: 1 - NEWSHOP COMERCIO LTDA ( LOJA );Local: 15 - GALPÃO;31971;7481-3 JOGO DE XICARA COM PIRES;UN;69139000;15,00;0,00;0,00;6,00;79,00;90,00;1185,00
Loja: 1 - NEWSHOP COMERCIO LTDA ( LOJA );Local: 15 - GALPÃO;31980;AKT3041 LANCA DARDOS THE DUEL;UN;95030099;24,00;0,00;0,00;0,55;29,99;13,20;719,76
Loja: 1 - NEWSHOP COMERCIO LTDA ( LOJA );Local: 15 - GALPÃO;31981;AKT4237 BOLA DRONE RADICAL;UN;95030099;24,00;0,00;0,00;6,67;28,00;160,08;672,00
Loja: 1 - NEWSHOP COMERCIO LTDA ( LOJA );Local: 15 - GALPÃO;31983;AKT4525 BOLSA COM ACESSORIOS;UN;95030099;48,00;0,00;0,00;0,55;18,50;26,40;888,00
Loja: 1 - NEWSHOP COMERCIO LTDA ( LOJA );Local: 15 - GALPÃO;31985;AKT4688 TELEFONE MUSICAL ANIMAIS;UN;95030099;36,00;0,00;0,00;0,55;19,00;19,80;684,00
Loja: 1 - NEWSHOP COMERCIO LTDA ( LOJA );Local: 15 - GALPÃO;31986;AKT4735 JOGO DA CORRIDA;UN;95030099;32,00;0,00;0,00;5,15;21,50;164,80;688,00
Loja: 1 - NEWSHOP COMERCIO LTDA ( LOJA );Local: 15 - GALPÃO;31987;AKT4766 MOLA DONUTS;UN;95030099;72,00;0,00;0,00;2,20;9,50;158,40;684,00
Loja: 1 - NEWSHOP COMERCIO LTDA ( LOJA );Local: 15 - GALPÃO;31988;AKT4842 SIRI FRICCAO;UN;95030098;48,00;0,00;0,00;3,03;12,50;145,44;600,00
Loja: 1 - NEWSHOP COMERCIO LTDA ( LOJA );Local: 15 - GALPÃO;31989;AKT4898 LANCADOR TUBARAO;UN;95030098;12,00;0,00;0,00;1,99;49,99;23,88;599,88
Loja: 1 - NEWSHOP COMERCIO LTDA ( LOJA );Local: 15 - GALPÃO;31990;AKT4900 PISTA GARAGEM;UN;95030099;12,00;0,00;0,00;0,55;65,50;6,60;786,00
Loja: 1 - NEWSHOP COMERCIO LTDA ( LOJA );Local: 15 - GALPÃO;31991;AKT4996 PIAO LANCADOR LANCHES;UN;95030099;36,00;0,00;0,00;4,98;21,00;179,28;756,00
Loja: 1 - NEWSHOP COMERCIO LTDA ( LOJA );Local: 15 - GALPÃO;32005;DF18 - SCOOTER  HE1MWU085R5003502 - CINZA;UN;95030010;1,00;0,00;0,00;1000,00;7799,00;1000,00;7799,00
Loja: 1 - NEWSHOP COMERCIO LTDA ( LOJA );Local: 15 - GALPÃO;32013;C9902 CHINELO NUVEM EVA - ACOMPANHA ADEREÇO;UN;64029990;-23,00;0,00;0,00;6,81;34,00;-156,63;-782,00
Loja: 1 - NEWSHOP COMERCIO LTDA ( LOJA );Local: 15 - GALPÃO;32014;W808 CAIXA CHINELO TK - FEM;UN;64029990;1,00;0,00;0,00;1,00;58,00;1,00;58,00
Loja: 1 - NEWSHOP COMERCIO LTDA ( LOJA );Local: 15 - GALPÃO;32017;19902/L9902 CHINELO NUVEM EVA - ACOMPANHA ADEREÇO;UN;64029990;-67,00;0,00;0,00;81,73;34,00;-5475,91;-2278,00
Loja: 1 - NEWSHOP COMERCIO LTDA ( LOJA );Local: 15 - GALPÃO;32019;W23107 CAIXA CHINELO NUVEM EVA- FEM;UN;64029990;-11,00;0,00;0,00;20,00;40,00;-220,00;-440,00
Loja: 1 - NEWSHOP COMERCIO LTDA ( LOJA );Local: 15 - GALPÃO;32020;ZJ - SCOOTER AZUL - HE1MWU085R5001279;UN;95030010;1,00;0,00;0,00;2,75;7999,00;2,75;7999,00
Loja: 1 - NEWSHOP COMERCIO LTDA ( LOJA );Local: 15 - GALPÃO;32021;W826 CHINELO PLATAFORMA EVA - FEM;UN;64029990;13,00;0,00;0,00;11,73;42,00;152,49;546,00
Loja: 1 - NEWSHOP COMERCIO LTDA ( LOJA );Local: 15 - GALPÃO;32023;DM-032-CALCULADORA;UN;84701000;30,00;0,00;0,00;5,00;59,00;150,00;1770,00
Loja: 1 - NEWSHOP COMERCIO LTDA ( LOJA );Local: 15 - GALPÃO;32024;GDR1678 QUADRO D DESENHO C BOLA MAGNETICA 16X14C;UN;95030099;48,00;0,00;0,00;2,85;18,50;136,80;888,00
Loja: 1 - NEWSHOP COMERCIO LTDA ( LOJA );Local: 15 - GALPÃO;32025;BOM-2767 CONJUNTO COM 4 RODIZIOS SENDO 2 GIRATORIOS;UN;83022000;48,00;0,00;0,00;4,38;35,00;210,24;1680,00
Loja: 1 - NEWSHOP COMERCIO LTDA ( LOJA );Local: 15 - GALPÃO;32026;BOM-1485 CHAVE DE BIELA L 12MM;UN;82041200;40,00;0,00;0,00;7,18;17,50;287,20;700,00
Loja: 1 - NEWSHOP COMERCIO LTDA ( LOJA );Local: 15 - GALPÃO;32027;BOM-1486 SP - CHAVE DE BIELA L 13MM;UN;82041200;40,00;0,00;0,00;7,18;19,50;287,20;780,00
Loja: 1 - NEWSHOP COMERCIO LTDA ( LOJA );Local: 15 - GALPÃO;32028;BOM-1487 CHAVE DE BIELA L 14MM;UN;82041200;40,00;0,00;0,00;7,18;21,00;287,20;840,00
Loja: 1 - NEWSHOP COMERCIO LTDA ( LOJA );Local: 15 - GALPÃO;32029;BOM-1488 CHAVE DE BIELA L 15MM;UN;82041200;25,00;0,00;0,00;1,00;23,00;25,00;575,00
Loja: 1 - NEWSHOP COMERCIO LTDA ( LOJA );Local: 15 - GALPÃO;32030;BOM-1489 CHAVE DE BIELA L 17MM;UN;82041200;25,00;0,00;0,00;7,18;24,50;179,50;612,50
Loja: 1 - NEWSHOP COMERCIO LTDA ( LOJA );Local: 15 - GALPÃO;32032;CPN-303 - CAMPAINHA SEM FIO COM PILHA INCLUSA;UN;85318000;60,00;0,00;0,00;1,72;22,00;103,20;1320,00
Loja: 1 - NEWSHOP COMERCIO LTDA ( LOJA );Local: 15 - GALPÃO;32034;NSP-1084 SUPORTE MAGNETICO DE PESCOCO;UN;39269090;50,00;0,00;0,00;4,92;38,00;246,00;1900,00
Loja: 1 - NEWSHOP COMERCIO LTDA ( LOJA );Local: 15 - GALPÃO;32035;NTD-156-LUMINARIA DE EMERGENCIA DE LED RECARREGAVEL;UN;94051190;40,00;0,00;0,00;0,44;21,00;17,60;840,00
Loja: 1 - NEWSHOP COMERCIO LTDA ( LOJA );Local: 15 - GALPÃO;32036;1201C BRINQUEDOS PARA ATIVIDADES CRIATIVAS;UN;95030099;50,00;0,00;0,00;0,55;15,00;27,50;750,00
Loja: 1 - NEWSHOP COMERCIO LTDA ( LOJA );Local: 15 - GALPÃO;32038;NTD-704-FITA DE LED;UN;94054200;20,00;0,00;0,00;2,70;59,00;54,00;1180,00
Loja: 1 - NEWSHOP COMERCIO LTDA ( LOJA );Local: 15 - GALPÃO;32040;LUM-491-LUMINARIA DE LED DE PAREDE;UN;94051190;25,00;0,00;0,00;0,44;36,00;11,00;900,00
Loja: 1 - NEWSHOP COMERCIO LTDA ( LOJA );Local: 15 - GALPÃO;32041;NEW-215 - MODELADOR CORPORAL FEMININO EM POLIESTER E ELASTANO;UN;62123000;20,00;0,00;0,00;8,00;80,00;160,00;1600,00
Loja: 1 - NEWSHOP COMERCIO LTDA ( LOJA );Local: 15 - GALPÃO;32043;8501C LOUSA DIGITAL TABLET MAGICO 8.5;UN;85121000;100,00;0,00;0,00;1,00;8,50;100,00;850,00
Loja: 1 - NEWSHOP COMERCIO LTDA ( LOJA );Local: 15 - GALPÃO;32044;R13 - SCOOTER ELETRICA (AUTOPROPELIDOS) CINZA - R3Y0AP000SA012306;UN;87116000;1,00;0,00;0,00;4,27;13500,00;4,27;13500,00
Loja: 1 - NEWSHOP COMERCIO LTDA ( LOJA );Local: 15 - GALPÃO;32048;DS14912 TORRE DE CHOP;UN;39241000;16,00;0,00;0,00;1,00;229,00;16,00;3664,00
Loja: 1 - NEWSHOP COMERCIO LTDA ( LOJA );Local: 15 - GALPÃO;32049;DS14917 WALKIE TALKIE ILFANTIL;UN;85171439;60,00;0,00;0,00;1,00;152,00;60,00;9120,00
Loja: 1 - NEWSHOP COMERCIO LTDA ( LOJA );Local: 15 - GALPÃO;32050;DS14918 ACESS FITNESS;UN;95069100;50,00;0,00;0,00;4,00;66,50;200,00;3325,00
Loja: 1 - NEWSHOP COMERCIO LTDA ( LOJA );Local: 15 - GALPÃO;32100;GDR1257 CARRINHO DE PLASTICO COM;UN;95030099;108,00;0,00;0,00;2,30;17,50;248,40;1890,00
Loja: 1 - NEWSHOP COMERCIO LTDA ( LOJA );Local: 15 - GALPÃO;32102;GDR1621 CARRINHO D CONTROLE REMOT;UN;95030097;10,00;0,00;0,00;8,50;82,50;85,00;825,00
Loja: 1 - NEWSHOP COMERCIO LTDA ( LOJA );Local: 15 - GALPÃO;32103;GDR1624 CAMINHAO D PLASTICO C FRI;UN;95030099;64,00;0,00;0,00;2,85;39,50;182,40;2528,00
Loja: 1 - NEWSHOP COMERCIO LTDA ( LOJA );Local: 15 - GALPÃO;32104;GDR1657 PISTA C CARRINHO E DUAS C;UN;95030097;8,00;0,00;0,00;8,50;139,99;68,00;1119,92
Loja: 1 - NEWSHOP COMERCIO LTDA ( LOJA );Local: 15 - GALPÃO;32105;GDR1658 PISTA ASTRONAUTA C CARRO;UN;95030097;24,00;0,00;0,00;8,50;55,00;204,00;1320,00
Loja: 1 - NEWSHOP COMERCIO LTDA ( LOJA );Local: 15 - GALPÃO;32106;GDR1664 CARRINHO D PLASTICO COM F;UN;95030099;48,00;0,00;0,00;3,31;20,50;158,88;984,00
Loja: 1 - NEWSHOP COMERCIO LTDA ( LOJA );Local: 15 - GALPÃO;32107;GDR1669 LANCADOR COM DARDOS 18X16;UN;95030099;80,00;0,00;0,00;3,88;27,00;310,40;2160,00
Loja: 1 - NEWSHOP COMERCIO LTDA ( LOJA );Local: 15 - GALPÃO;32109;GDR1701 CARRINHO C FRICCAO ASTRON;UN;95030099;48,00;0,00;0,00;0,55;13,50;26,40;648,00
Loja: 1 - NEWSHOP COMERCIO LTDA ( LOJA );Local: 15 - GALPÃO;32110;GDR1706 KIT 2 CARRINHO FRICCAO SO;UN;95030099;10,00;0,00;0,00;12,10;57,50;121,00;575,00
Loja: 1 - NEWSHOP COMERCIO LTDA ( LOJA );Local: 15 - GALPÃO;32111;GDR1720 CARRO CORRIDA D CONTROLE;UN;95030097;12,00;0,00;0,00;8,50;149,00;102,00;1788,00
Loja: 1 - NEWSHOP COMERCIO LTDA ( LOJA );Local: 15 - GALPÃO;32112;GDR1724 PIANO MUSICAL 24X10CM;UN;95030091;48,00;0,00;0,00;6,00;33,50;288,00;1608,00
Loja: 1 - NEWSHOP COMERCIO LTDA ( LOJA );Local: 15 - GALPÃO;32113;GDR1738 KIT BONECA C BALANCO COLE;UN;95030022;18,00;0,00;0,00;4,00;38,00;72,00;684,00
Loja: 1 - NEWSHOP COMERCIO LTDA ( LOJA );Local: 15 - GALPÃO;32114;GDR1739 KIT BONECA C MOTO E BALAO;UN;95030022;36,00;0,00;0,00;4,00;38,00;144,00;1368,00
Loja: 1 - NEWSHOP COMERCIO LTDA ( LOJA );Local: 15 - GALPÃO;32115;GDR1741 LANCADOR COM PISTA E CARR;UN;95030099;24,00;0,00;0,00;0,55;69,99;13,20;1679,76
Loja: 1 - NEWSHOP COMERCIO LTDA ( LOJA );Local: 15 - GALPÃO;32116;GDR1755 LANCADOR COM ALVO ARANHA;UN;95030099;18,00;0,00;0,00;9,13;41,00;164,34;738,00
Loja: 1 - NEWSHOP COMERCIO LTDA ( LOJA );Local: 15 - GALPÃO;32117;GDR1814 CRIADOR DE BRACELETES 13X;UN;95030080;96,00;0,00;0,00;5,36;21,00;514,56;2016,00
Loja: 1 - NEWSHOP COMERCIO LTDA ( LOJA );Local: 15 - GALPÃO;32118;GDR1817 CRIADOR DE BRACELETES 13X;UN;95030080;96,00;0,00;0,00;5,36;22,00;514,56;2112,00
Loja: 1 - NEWSHOP COMERCIO LTDA ( LOJA );Local: 15 - GALPÃO;32119;GDR1819 BONECA DORMINHOCA C/MALA;UN;95030022;72,00;0,00;0,00;3,44;32,00;247,68;2304,00
Loja: 1 - NEWSHOP COMERCIO LTDA ( LOJA );Local: 15 - GALPÃO;32120;GDR1825 BONECA C/CAIXA DESMONTAD;UN;95030022;12,00;0,00;0,00;4,00;171,00;48,00;2052,00
Loja: 1 - NEWSHOP COMERCIO LTDA ( LOJA );Local: 15 - GALPÃO;32121;GDR1891 MAQUINA REALISTA DE CONST;UN;95030099;96,00;0,00;0,00;0,55;21,50;52,80;2064,00
Loja: 1 - NEWSHOP COMERCIO LTDA ( LOJA );Local: 15 - GALPÃO;32122;GDR1949 MINI CASINHA PARA MONTAR;UN;95030060;96,00;0,00;0,00;2,71;23,00;260,16;2208,00
Loja: 1 - NEWSHOP COMERCIO LTDA ( LOJA );Local: 15 - GALPÃO;32123;GDR1958 BRINQUEDO DE MONTAR;UN;95030060;10,00;0,00;0,00;17,82;119,90;178,20;1199,00
Loja: 1 - NEWSHOP COMERCIO LTDA ( LOJA );Local: 15 - GALPÃO;32124;GDR1963 BRINQUEDO DE MONTAR;UN;95030060;10,00;0,00;0,00;17,78;119,90;177,80;1199,00
Loja: 1 - NEWSHOP COMERCIO LTDA ( LOJA );Local: 15 - GALPÃO;32125;GDR1973 BRINQUEDO DE MONTAR;UN;95030060;10,00;0,00;0,00;3,00;124,00;30,00;1240,00
Loja: 1 - NEWSHOP COMERCIO LTDA ( LOJA );Local: 15 - GALPÃO;32126;GDR1982 KIT MEU PRIMEIRO CONSULTO;UN;95030080;24,00;0,00;0,00;5,36;76,00;128,64;1824,00
Loja: 1 - NEWSHOP COMERCIO LTDA ( LOJA );Local: 15 - GALPÃO;32127;GDR1984 PISTA 3 ANDAR BOMBEIRO;UN;95030099;8,00;0,00;0,00;0,55;147,00;4,40;1176,00
Loja: 1 - NEWSHOP COMERCIO LTDA ( LOJA );Local: 15 - GALPÃO;32128;GDR1994 KIT ARCO E FLECHA 3 CORES;UN;95030099;8,00;0,00;0,00;0,55;194,00;4,40;1552,00
Loja: 1 - NEWSHOP COMERCIO LTDA ( LOJA );Local: 15 - GALPÃO;32129;GDR2000 CAMINHAO QUE VIRA PISTA;UN;95030099;10,00;0,00;0,00;0,55;105,00;5,50;1050,00
Loja: 1 - NEWSHOP COMERCIO LTDA ( LOJA );Local: 15 - GALPÃO;32130;GDR2013 BRINQUEDO MENINA;UN;95030080;10,00;0,00;0,00;5,36;129,99;53,60;1299,90
Loja: 1 - NEWSHOP COMERCIO LTDA ( LOJA );Local: 15 - GALPÃO;32131;GDR2014 BRINQUEDO MENINA;UN;95030080;12,00;0,00;0,00;5,36;90,00;64,32;1080,00
Loja: 1 - NEWSHOP COMERCIO LTDA ( LOJA );Local: 15 - GALPÃO;32132;GDR2015 CASINHA DE BONECA;UN;95030080;24,00;0,00;0,00;5,36;72,00;128,64;1728,00
Loja: 1 - NEWSHOP COMERCIO LTDA ( LOJA );Local: 15 - GALPÃO;32133;GDR2016 CASINHA DE BONECA;UN;95030080;24,00;0,00;0,00;5,36;46,00;128,64;1104,00
Loja: 1 - NEWSHOP COMERCIO LTDA ( LOJA );Local: 15 - GALPÃO;32134;GDR2017 DINOSSAURO MORDE DEDO;UN;95030099;60,00;0,00;0,00;0,55;27,00;33,00;1620,00
Loja: 1 - NEWSHOP COMERCIO LTDA ( LOJA );Local: 15 - GALPÃO;32135;GDR2050 BRINQUEDO PISTA;UN;95030099;24,00;0,00;0,00;0,55;61,00;13,20;1464,00
Loja: 1 - NEWSHOP COMERCIO LTDA ( LOJA );Local: 15 - GALPÃO;32136;GDR2051 CASTELOS E CASINHAS DE BO;UN;95030080;24,00;0,00;0,00;5,36;122,00;128,64;2928,00
Loja: 1 - NEWSHOP COMERCIO LTDA ( LOJA );Local: 15 - GALPÃO;32137;GDR2064 PISTA ESPACO ELETRICA;UN;95030097;18,00;0,00;0,00;8,50;72,50;153,00;1305,00
Loja: 1 - NEWSHOP COMERCIO LTDA ( LOJA );Local: 15 - GALPÃO;32138;GDR2081 SQUISHY BALL;UN;95030099;120,00;0,00;0,00;1,24;9,50;148,80;1140,00
Loja: 1 - NEWSHOP COMERCIO LTDA ( LOJA );Local: 15 - GALPÃO;32139;GDR2086 SQUISHY BALL;UN;95030099;224,00;0,00;0,00;0,55;7,50;123,20;1680,00
Loja: 1 - NEWSHOP COMERCIO LTDA ( LOJA );Local: 15 - GALPÃO;32140;GX10-25911 - NECESSAIRE M   FEMININA EM PVC;UN;42029200;20,00;0,00;0,00;1,17;12,00;23,40;240,00
Loja: 1 - NEWSHOP COMERCIO LTDA ( LOJA );Local: 15 - GALPÃO;32141;GX10-25911 - NECESSAIRE P   FEMININA EM PVC;UN;42029200;20,00;0,00;0,00;1,17;10,00;23,40;200,00
Loja: 1 - NEWSHOP COMERCIO LTDA ( LOJA );Local: 15 - GALPÃO;32148;DF18 - SCOOTER VERDE - HE1MWU085R5003550;UN;95030010;1,00;0,00;0,00;1000,00;7799,00;1000,00;7799,00
Loja: 1 - NEWSHOP COMERCIO LTDA ( LOJA );Local: 15 - GALPÃO;32209;DF18 - SCOOTER BRANCA - HE1MWU085R5003529;UN;95030010;1,00;0,00;0,00;1000,00;7799,00;1000,00;7799,00
Loja: 1 - NEWSHOP COMERCIO LTDA ( LOJA );Local: 15 - GALPÃO;32213;FU-A2 - BICICLETA MODELO - CINZA - R3Y0JK000RA004238 ANO/MODELO: 2025 TIPO;UN;87116000;1,00;0,00;0,00;2267,41;5990,00;2267,41;5990,00
Loja: 1 - NEWSHOP COMERCIO LTDA ( LOJA );Local: 15 - GALPÃO;32214;PD-T2 - BICICLETA MODELO R3YOJK000RA002873 - PRETA METÁLICO;UN;87116000;1,00;0,00;0,00;1400,00;7200,00;1400,00;7200,00
Loja: 1 - NEWSHOP COMERCIO LTDA ( LOJA );Local: 15 - GALPÃO;32215;PD-T2 - BICICLETA MODELO PRETA - R3Y0WD000RA004119;UN;87116000;1,00;0,00;0,00;4,27;7200,00;4,27;7200,00
Loja: 1 - NEWSHOP COMERCIO LTDA ( LOJA );Local: 15 - GALPÃO;32627;HB80342  BOLSA;UN;42022210;-6,00;0,00;0,00;6,00;88,00;-36,00;-528,00
Loja: 1 - NEWSHOP COMERCIO LTDA ( LOJA );Local: 15 - GALPÃO;32638;HB80414  BOLSA;UN;42022210;-1,00;0,00;0,00;5,49;80,00;-5,49;-80,00
Loja: 1 - NEWSHOP COMERCIO LTDA ( LOJA );Local: 15 - GALPÃO;32639;TR50310  BOLSA;UN;42022210;-5,00;0,00;0,00;5,00;104,00;-25,00;-520,00
Loja: 1 - NEWSHOP COMERCIO LTDA ( LOJA );Local: 15 - GALPÃO;32663;C1041 BOLSA FEMININA;UN;42022210;-18,00;0,00;0,00;6,50;67,00;-117,00;-1206,00
Loja: 1 - NEWSHOP COMERCIO LTDA ( LOJA );Local: 15 - GALPÃO;32664;C1193 BOLSA FEMININA;UN;42022220;-33,00;0,00;0,00;5,30;56,00;-174,90;-1848,00
Loja: 1 - NEWSHOP COMERCIO LTDA ( LOJA );Local: 15 - GALPÃO;32665;C1398 BOLSA FEMININA;UN;42022210;-5,00;0,00;0,00;3,00;32,00;-15,00;-160,00
Loja: 1 - NEWSHOP COMERCIO LTDA ( LOJA );Local: 15 - GALPÃO;32672;C1444 BOLSA FEMININA;UN;42022210;-12,00;0,00;0,00;5,80;61,00;-69,60;-732,00
Loja: 1 - NEWSHOP COMERCIO LTDA ( LOJA );Local: 15 - GALPÃO;32676;C1473 BOLSA FEMININA;UN;42022210;-30,00;0,00;0,00;7,50;80,00;-225,00;-2400,00
Loja: 1 - NEWSHOP COMERCIO LTDA ( LOJA );Local: 15 - GALPÃO;32677;C1497 BOLSA FEMININA;UN;42022210;-86,00;0,00;0,00;4,50;48,00;-387,00;-4128,00
Loja: 1 - NEWSHOP COMERCIO LTDA ( LOJA );Local: 15 - GALPÃO;32713;C829 BOLSA TRANSPARENTE PVC;UN;42022210;-16,00;0,00;0,00;46,00;61,00;-736,00;-976,00
Loja: 1 - NEWSHOP COMERCIO LTDA ( LOJA );Local: 20 - GALPÃO MIDI;7296;COLAR - NCM:71179000 - MATRIZ;UN;71179000;20,00;0,00;0,00;0,67;0,00;13,40;0,00
Loja: 1 - NEWSHOP COMERCIO LTDA ( LOJA );Local: 20 - GALPÃO MIDI;10383;BM-S103 CAIXA DE SOM COM MICROFONE BLUETOOTH ENTRADAS: CARTAO TF;UN;85185000;38,00;0,00;0,00;22,54;40,50;856,52;1539,00
Loja: 1 - NEWSHOP COMERCIO LTDA ( LOJA );Local: 20 - GALPÃO MIDI;11038;MS2722 ASPIRADOR;UN;94032090;10,00;0,00;0,00;8,71;61,90;87,10;619,00
Loja: 1 - NEWSHOP COMERCIO LTDA ( LOJA );Local: 20 - GALPÃO MIDI;11148;BOM-1522 ARCO DE SERRA MANUAL;UN;82021000;4,00;0,00;0,00;2,97;13,00;11,88;52,00
Loja: 1 - NEWSHOP COMERCIO LTDA ( LOJA );Local: 20 - GALPÃO MIDI;11444;BOM-3708 CONJUNTO DE ALICATES P ANEIS;UN;82032010;-108,00;0,00;0,00;36,18;69,00;-3907,44;-7452,00
Loja: 1 - NEWSHOP COMERCIO LTDA ( LOJA );Local: 20 - GALPÃO MIDI;12138;SS3010 LED WIRELESS CHARGING;UN;94054200;18,00;0,00;0,00;34,40;64,50;619,20;1161,00
Loja: 1 - NEWSHOP COMERCIO LTDA ( LOJA );Local: 20 - GALPÃO MIDI;16197;BH105-6 KIT CORRETIVO;UN;96082000;192,00;0,00;0,00;1,80;16,00;345,60;3072,00
Loja: 1 - NEWSHOP COMERCIO LTDA ( LOJA );Local: 20 - GALPÃO MIDI;16622;MAX-0531 CARREGADOR PORTATIL (POWER BANK;UN;85076000;35,00;0,00;0,00;7,23;55,00;253,05;1925,00
Loja: 1 - NEWSHOP COMERCIO LTDA ( LOJA );Local: 20 - GALPÃO MIDI;18973;OPA18100 PULSEIRA DE METAL 12 PCS POR DUZIA;UN;71171900;2,00;0,00;0,00;0,45;26,00;0,90;52,00
Loja: 1 - NEWSHOP COMERCIO LTDA ( LOJA );Local: 20 - GALPÃO MIDI;21318;8535-10 CROCS LABUBU;UN;64022000;-0,50;0,00;0,00;35,00;70,00;-17,50;-35,00
Loja: 1 - NEWSHOP COMERCIO LTDA ( LOJA );Local: 20 - GALPÃO MIDI;21520;OI-5081 - APARELHO DETECTOR DE TENSAO ELETRICA;UN;90303319;56,00;0,00;0,00;1,68;4,50;94,08;252,00
Loja: 1 - NEWSHOP COMERCIO LTDA ( LOJA );Local: 20 - GALPÃO MIDI;21573;MAX-0533 CARREGADOR PORTATIL (POWER BANK):;UN;85076000;-20,00;0,00;0,00;6,39;58,50;-127,80;-1170,00
Loja: 1 - NEWSHOP COMERCIO LTDA ( LOJA );Local: 20 - GALPÃO MIDI;21588;W505 CHINELO PLATAFORMA EVA;UN;64029990;-6,00;0,00;0,00;11,71;56,00;-70,26;-336,00
Loja: 1 - NEWSHOP COMERCIO LTDA ( LOJA );Local: 20 - GALPÃO MIDI;21677;W822 CHINELO NUVEM EVA;UN;64029990;-97,00;0,00;0,00;25,00;50,00;-2425,00;-4850,00
Loja: 1 - NEWSHOP COMERCIO LTDA ( LOJA );Local: 20 - GALPÃO MIDI;21682;W825 CHINELO PLATAFORMA EVA;UN;64029990;-110,00;0,00;0,00;11,71;50,00;-1288,10;-5500,00
Loja: 1 - NEWSHOP COMERCIO LTDA ( LOJA );Local: 20 - GALPÃO MIDI;29761;D-L132-240 CARTEIRA MASCULINA;UN;42023200;-31,00;0,00;0,00;7,60;13,00;-235,60;-403,00
Loja: 1 - NEWSHOP COMERCIO LTDA ( LOJA );Local: 20 - GALPÃO MIDI;29764;C2121 - CHINELO NUVEM EVA CRI;UN;64029990;-60,00;0,00;0,00;6,81;36,00;-408,60;-2160,00
Loja: 1 - NEWSHOP COMERCIO LTDA ( LOJA );Local: 20 - GALPÃO MIDI;29771;L2121 CHINELO NUVEM EVA INF - ACOMPANHA ADEREÇO;UN;64029990;-48,00;0,00;0,00;6,81;36,00;-326,88;-1728,00
Loja: 1 - NEWSHOP COMERCIO LTDA ( LOJA );Local: 21 - PRODUTOS QUEBRADOS;2438;YP0157-1 NAVALHA PARA SOBRANCELHA;UN;82121010;3,00;0,00;0,00;2,79;2,80;8,37;8,40
Loja: 1 - NEWSHOP COMERCIO LTDA ( LOJA );Local: 21 - PRODUTOS QUEBRADOS;9177;BOM-9970 PPARAFUSADEIRA BATERIA 21V;UN;84672992;1,00;0,00;0,00;31,34;178,00;31,34;178,00
Loja: 1 - NEWSHOP COMERCIO LTDA ( LOJA );Local: 21 - PRODUTOS QUEBRADOS;12988;BOM-1505 MINI MAQUINA DE COSTURA;UN;84522990;2,00;0,00;0,00;12,40;72,00;24,80;144,00
Loja: 1 - NEWSHOP COMERCIO LTDA ( LOJA );Local: 21 - PRODUTOS QUEBRADOS;18858;CW2260 - COLEIRA TIPO ARGOLA PARA PETS;UN;42010090;-1,00;0,00;0,00;1,19;19,00;-1,19;-19,00
Loja: 1 - NEWSHOP COMERCIO LTDA ( LOJA );Local: 21 - PRODUTOS QUEBRADOS;19510;AS2368 G - POTE TIPO VASILHA COM FECHAMENTO POR TAMPA EM MATERIAL;UN;39241000;-1,00;0,00;0,00;3,34;28,00;-3,34;-28,00
Loja: 1 - NEWSHOP COMERCIO LTDA ( LOJA );Local: 21 - PRODUTOS QUEBRADOS;21115;DS11204 COLETE POSTURAL;UN;62129000;1,00;0,00;0,00;1,00;21,50;1,00;21,50
Loja: 1 - NEWSHOP COMERCIO LTDA ( LOJA );Local: 21 - PRODUTOS QUEBRADOS;21312;GDR1378 CARRINHO D PLAS COM LUZ E FRICCAO;UN;95030099;6,00;0,00;0,00;2,95;19,50;17,70;117,00
Loja: 1 - NEWSHOP COMERCIO LTDA ( LOJA );Local: 21 - PRODUTOS QUEBRADOS;25715;***MON 19 60HZ HD TCN;UN;85285200;1,00;0,00;0,00;341,90;0,00;341,90;0,00
Loja: 1 - NEWSHOP COMERCIO LTDA ( LOJA );Local: 23 - CD MIDI;11193;MMN0001 BOLSA DE PET;UN;63059000;450,00;0,00;0,00;1,00;49,90;450,00;22455,00
Loja: 1 - NEWSHOP COMERCIO LTDA ( LOJA );Local: 23 - CD MIDI;15183;12302-38 PORTA JOIA DE PVC + POLIESTER;UN;42029200;756,00;10,00;2000,00;6,00;39,90;4536,00;30164,40
Loja: 1 - NEWSHOP COMERCIO LTDA ( LOJA );Local: 23 - CD MIDI;16516;REF.: ST-804 - LIXEIRA AUTOMATICA COM SENSOR DE APROXIMACAO;UN;85098090;78,00;0,00;0,00;0,42;63,00;32,76;4914,00
Loja: 1 - NEWSHOP COMERCIO LTDA ( LOJA );Local: 23 - CD MIDI;18189;AS2132 G5 - CONTENDOR DE ALIMENTOS;UN;39241000;11,00;0,00;0,00;9,28;38,00;102,08;418,00
Loja: 1 - NEWSHOP COMERCIO LTDA ( LOJA );Local: 23 - CD MIDI;18207;AS2378 G - POTE HERMÉTICO 2100ML;UN;39241000;115,00;0,00;0,00;3,98;25,00;457,70;2875,00
Loja: 1 - NEWSHOP COMERCIO LTDA ( LOJA );Local: 23 - CD MIDI;18208;AS2381 G - POTE HERMÉTICO 1440ML;UN;39241000;101,00;0,00;0,00;2,13;20,00;215,13;2020,00
Loja: 1 - NEWSHOP COMERCIO LTDA ( LOJA );Local: 23 - CD MIDI;18209;AS2382 G - POTE HERMÉTICO 1900ML;UN;39241000;230,00;0,00;0,00;3,66;23,00;841,80;5290,00
Loja: 1 - NEWSHOP COMERCIO LTDA ( LOJA );Local: 23 - CD MIDI;18622;C2581 TAPIOQUEIRA PENEIRA E ARMAZENA POLVILHADOR DE TAPIOCA ARMAZENA;UN;96040000;1260,00;0,00;0,00;2,40;21,50;3024,00;27090,00
Loja: 1 - NEWSHOP COMERCIO LTDA ( LOJA );Local: 23 - CD MIDI;18705;AS2370 M - POTE HERMÉTICO 900ML;UN;39241000;39,00;0,00;0,00;1,40;16,00;54,60;624,00
Loja: 1 - NEWSHOP COMERCIO LTDA ( LOJA );Local: 23 - CD MIDI;18706;AS2370 P - POTE HERMÉTICO 400ML;UN;39241000;30,00;0,00;0,00;1,30;10,00;39,00;300,00
Loja: 1 - NEWSHOP COMERCIO LTDA ( LOJA );Local: 23 - CD MIDI;18711;AS2381 M - POTE HERMÉTICO 500ML;UN;39241000;191,00;0,00;0,00;2,13;14,00;406,83;2674,00
Loja: 1 - NEWSHOP COMERCIO LTDA ( LOJA );Local: 23 - CD MIDI;18713;AS2381 P - POTE HERMÉTICO 200ML;UN;39241000;221,00;0,00;0,00;2,13;7,00;470,73;1547,00
Loja: 1 - NEWSHOP COMERCIO LTDA ( LOJA );Local: 23 - CD MIDI;18723;AS2378 M - POTE HERMÉTICO 900ML;UN;39241000;12,00;0,00;0,00;3,98;16,00;47,76;192,00
Loja: 1 - NEWSHOP COMERCIO LTDA ( LOJA );Local: 23 - CD MIDI;18725;AS2378 P - POTE HERMÉTICO 400ML;UN;39241000;170,00;0,00;0,00;1,00;10,00;170,00;1700,00
Loja: 1 - NEWSHOP COMERCIO LTDA ( LOJA );Local: 23 - CD MIDI;18728;AS2382 M - POTE HERMÉTICO 900ML;UN;39241000;212,00;0,00;0,00;1,40;16,00;296,80;3392,00
Loja: 1 - NEWSHOP COMERCIO LTDA ( LOJA );Local: 23 - CD MIDI;18730;AS2382 P - POTE HERMÉTICO 400ML;UN;39241000;140,00;0,00;0,00;1,30;10,00;182,00;1400,00
Loja: 1 - NEWSHOP COMERCIO LTDA ( LOJA );Local: 23 - CD MIDI;18733;AS2366 M - POTE HERMÉTICO 900ML;UN;39241000;60,00;0,00;0,00;1,40;16,00;84,00;960,00
Loja: 1 - NEWSHOP COMERCIO LTDA ( LOJA );Local: 23 - CD MIDI;18734;AS2366 P - POTE HERMÉTICO 400ML;UN;39241000;240,00;0,00;0,00;1,00;10,00;240,00;2400,00
Loja: 1 - NEWSHOP COMERCIO LTDA ( LOJA );Local: 23 - CD MIDI;18867;AS2135  3M - CONTENDOR DE ALIMENTOS;UN;39241000;512,00;0,00;0,00;0,00;19,00;0,00;9728,00
Loja: 1 - NEWSHOP COMERCIO LTDA ( LOJA );Local: 23 - CD MIDI;18881;AS2135  4M - CONTENDOR DE ALIMENTOS;UN;39241000;512,00;0,00;0,00;0,00;25,00;0,00;12800,00
Loja: 1 - NEWSHOP COMERCIO LTDA ( LOJA );Local: 23 - CD MIDI;18882;AS2135  2M - CONTENDOR DE ALIMENTOS;UN;39241000;512,00;0,00;0,00;1,50;15,00;768,00;7680,00
Loja: 1 - NEWSHOP COMERCIO LTDA ( LOJA );Local: 23 - CD MIDI;18891;AS2135 5P  - CONTENDOR DE ALIMENTOS;UN;39241000;512,00;0,00;0,00;1,00;10,00;512,00;5120,00
Loja: 1 - NEWSHOP COMERCIO LTDA ( LOJA );Local: 23 - CD MIDI;18934;AS2132 M4 - CONTENDOR DE ALIMENTOS;UN;39241000;576,00;0,00;0,00;1,00;25,00;576,00;14400,00
Loja: 1 - NEWSHOP COMERCIO LTDA ( LOJA );Local: 23 - CD MIDI;18936;AS2132 M3 - CONTENDOR DE ALIMENTOS;UN;39241000;576,00;0,00;0,00;1,90;19,00;1094,40;10944,00
Loja: 1 - NEWSHOP COMERCIO LTDA ( LOJA );Local: 23 - CD MIDI;18944;AS2132 2P - CONTENDOR DE ALIMENTOS;UN;39241000;576,00;0,00;0,00;1,50;15,00;864,00;8640,00
Loja: 1 - NEWSHOP COMERCIO LTDA ( LOJA );Local: 23 - CD MIDI;18947;AS2132 1P - CONTENDOR DE ALIMENTOS;UN;39241000;576,00;0,00;0,00;1,00;9,00;576,00;5184,00
Loja: 1 - NEWSHOP COMERCIO LTDA ( LOJA );Local: 23 - CD MIDI;18969;AS2137 M4 -  TIPO HERMÉTICO;UN;39241000;528,00;0,00;0,00;3,00;30,00;1584,00;15840,00
Loja: 1 - NEWSHOP COMERCIO LTDA ( LOJA );Local: 23 - CD MIDI;18970;AS2137 M3 -  TIPO HERMÉTICO;UN;39241000;528,00;0,00;0,00;2,20;22,00;1161,60;11616,00
Loja: 1 - NEWSHOP COMERCIO LTDA ( LOJA );Local: 23 - CD MIDI;18997;AS2137 P2 -  TIPO HERMÉTICO;UN;39241000;528,00;0,00;0,00;1,60;16,00;844,80;8448,00
Loja: 1 - NEWSHOP COMERCIO LTDA ( LOJA );Local: 23 - CD MIDI;18998;AS2137 P1 -  TIPO HERMÉTICO;UN;39241000;528,00;0,00;0,00;1,00;10,00;528,00;5280,00
Loja: 1 - NEWSHOP COMERCIO LTDA ( LOJA );Local: 23 - CD MIDI;18999;AS2136 P2- PODE HERMÉTICO;UN;39241000;496,00;0,00;0,00;1,60;16,00;793,60;7936,00
Loja: 1 - NEWSHOP COMERCIO LTDA ( LOJA );Local: 23 - CD MIDI;19010;AS2136 M4 - PODE HERMÉTICO;UN;39241000;496,00;0,00;0,00;3,00;30,00;1488,00;14880,00
Loja: 1 - NEWSHOP COMERCIO LTDA ( LOJA );Local: 23 - CD MIDI;19011;AS2136 M3 - PODE HERMÉTICO;UN;39241000;496,00;0,00;0,00;2,20;22,00;1091,20;10912,00
Loja: 1 - NEWSHOP COMERCIO LTDA ( LOJA );Local: 23 - CD MIDI;19016;AS2136 P1- PODE HERMÉTICO;UN;39241000;496,00;0,00;0,00;1,00;10,00;496,00;4960,00
Loja: 1 - NEWSHOP COMERCIO LTDA ( LOJA );Local: 23 - CD MIDI;19036;AS2134 M4 - PODE HERMÉTICO;UN;39241000;512,00;0,00;0,00;1,00;30,00;512,00;15360,00
Loja: 1 - NEWSHOP COMERCIO LTDA ( LOJA );Local: 23 - CD MIDI;19041;AS2134 M3 - PODE HERMÉTICO;UN;39241000;512,00;0,00;0,00;1,00;22,00;512,00;11264,00
Loja: 1 - NEWSHOP COMERCIO LTDA ( LOJA );Local: 23 - CD MIDI;19044;AS2134 P2- PODE HERMÉTICO;UN;39241000;512,00;0,00;0,00;1,60;16,00;819,20;8192,00
Loja: 1 - NEWSHOP COMERCIO LTDA ( LOJA );Local: 23 - CD MIDI;19063;AS2134 P1- PODE HERMÉTICO;UN;39241000;512,00;0,00;0,00;1,00;10,00;512,00;5120,00
Loja: 1 - NEWSHOP COMERCIO LTDA ( LOJA );Local: 23 - CD MIDI;19069;AS2133 M4- PODE HERMÉTICO;UN;39241000;380,00;0,00;0,00;3,00;30,00;1140,00;11400,00
Loja: 1 - NEWSHOP COMERCIO LTDA ( LOJA );Local: 23 - CD MIDI;19073;AS2133 M3- PODE HERMÉTICO;UN;39241000;384,00;0,00;0,00;2,20;22,00;844,80;8448,00
Loja: 1 - NEWSHOP COMERCIO LTDA ( LOJA );Local: 23 - CD MIDI;19075;AS2133 P2- PODE HERMÉTICO;UN;39241000;384,00;0,00;0,00;1,60;16,00;614,40;6144,00
Loja: 1 - NEWSHOP COMERCIO LTDA ( LOJA );Local: 23 - CD MIDI;19076;AS2133 P1- PODE HERMÉTICO;UN;39241000;384,00;0,00;0,00;1,00;10,00;384,00;3840,00
Loja: 1 - NEWSHOP COMERCIO LTDA ( LOJA );Local: 23 - CD MIDI;21003;BM-F1116 POTE DE PLASTICO COM TAMPA HERMETICA E COPINHO MEDIDOR;UN;39239090;968,00;0,00;0,00;2,20;25,00;2129,60;24200,00
Loja: 2 - NEWSHOP COMERCIO LTDA  ( DEPOSITO);Local: 15 - GALPÃO;2519;ND7585-3 - ARVORE DE NATAL ARTIFICIAL DE MESA MED: 14*19CM;UN;95051000;1,00;0,00;0,00;1,20;13,00;1,20;13,00
Loja: 2 - NEWSHOP COMERCIO LTDA  ( DEPOSITO);Local: 15 - GALPÃO;2525;ND7586 - ARVORE DE NATAL ARTIFICIAL DE MESA MED: 20*30CM;UN;95051000;7,00;0,00;0,00;20,55;79,00;143,85;553,00
Loja: 2 - NEWSHOP COMERCIO LTDA  ( DEPOSITO);Local: 15 - GALPÃO;2528;ND7571 - ENFEITE EM FORMATO DE PAPAI NOEL/BONECO DE NEVE E URSO. COM 3 PEAS. MED;UN;95051000;84,00;0,00;0,00;0,93;10,00;78,12;840,00
Loja: 2 - NEWSHOP COMERCIO LTDA  ( DEPOSITO);Local: 15 - GALPÃO;2530;ND7624 - GUIRLANDA COM DETALHES EM POLIESTER 25CM;UN;95051000;29,00;0,00;0,00;1,86;32,99;53,94;956,71
Loja: 2 - NEWSHOP COMERCIO LTDA  ( DEPOSITO);Local: 15 - GALPÃO;2535;ND7588 - ARVORE DE NATAL ARTIFICIAL DE MESA MED: 17*20CM;UN;95051000;6,00;0,00;0,00;3,43;16,00;20,58;96,00
Loja: 2 - NEWSHOP COMERCIO LTDA  ( DEPOSITO);Local: 15 - GALPÃO;2552;ND7585-0 - ARVORE DE NATAL ARTIFICIAL DE MESA MED: 28CM;UN;95051000;2,00;0,00;0,00;4,60;21,00;9,20;42,00
Loja: 2 - NEWSHOP COMERCIO LTDA  ( DEPOSITO);Local: 15 - GALPÃO;2554;ND7585-1 - ARVORE DE NATAL ARTIFICIAL DE MESA MED: 23CM;UN;95051000;2,00;0,00;0,00;3,38;16,00;6,76;32,00
Loja: 2 - NEWSHOP COMERCIO LTDA  ( DEPOSITO);Local: 15 - GALPÃO;2557;ND7586-1 - ARVORE DE NATAL ARTIFICIAL DE MESA MED: 20*30CM;UN;95051000;11,00;0,00;0,00;20,29;79,00;223,19;869,00
Loja: 2 - NEWSHOP COMERCIO LTDA  ( DEPOSITO);Local: 15 - GALPÃO;2559;ND7552-2 - ENFEITE EM FORMATO DE BENGALA. COM 3 PEAS. MED: 15CM;UN;95051000;22,00;0,00;0,00;2,03;11,00;44,66;242,00
Loja: 2 - NEWSHOP COMERCIO LTDA  ( DEPOSITO);Local: 15 - GALPÃO;2564;ND7601 - ENFEITE EM FORMATO DE SINO. MED: 20*28CM;UN;95051000;33,00;0,00;0,00;1,48;16,00;48,84;528,00
Loja: 2 - NEWSHOP COMERCIO LTDA  ( DEPOSITO);Local: 15 - GALPÃO;2577;ND7676 - ENFEITE EM FORMATO DE POMBA. COM 4 PEAS. MED: 14*9.5CM;UN;95051000;13,00;0,00;0,00;1,11;11,99;14,43;155,87
Loja: 2 - NEWSHOP COMERCIO LTDA  ( DEPOSITO);Local: 15 - GALPÃO;2592;ND7642 - JOGO DE BOLAS NATALINAS. COM 20 PEAS. MED 8CM;UN;95051000;11,00;0,00;0,00;6,69;72,00;73,59;792,00
Loja: 2 - NEWSHOP COMERCIO LTDA  ( DEPOSITO);Local: 15 - GALPÃO;2599;ND7570 - ENFEITE EM FORMATO DE MEIAS. COM 3 PEAS. MED: 17*25CM;UN;95051000;4,00;0,00;0,00;1,48;16,00;5,92;64,00
Loja: 2 - NEWSHOP COMERCIO LTDA  ( DEPOSITO);Local: 15 - GALPÃO;2603;ND7552-1 - ENFEITE EM FORMATO DE ESTRELA. COM 3 PEAS. MED: 11.5CM;UN;95051000;18,00;0,00;0,00;1,69;7,50;30,42;135,00
Loja: 2 - NEWSHOP COMERCIO LTDA  ( DEPOSITO);Local: 15 - GALPÃO;2686;ND7530 - ENFEITE EM FORMATO DE ARVORE/FLOCOS DE NEVE/BOTAS . COM 7 PEAS. MED: 5C;UN;95051000;2,00;0,00;0,00;5,86;42,00;11,72;84,00
Loja: 2 - NEWSHOP COMERCIO LTDA  ( DEPOSITO);Local: 15 - GALPÃO;2689;ND7679 - ENFEITE EM FORMATO DE PAPAI NOEL/BONECO DE NEVE E URSO. COM 4 PEAS. MED;UN;95051000;23,00;0,00;0,00;2,29;12,50;52,67;287,50
Loja: 2 - NEWSHOP COMERCIO LTDA  ( DEPOSITO);Local: 15 - GALPÃO;2695;ND7643 - JOGO DE BOLAS NATALINAS. COM 12 PEAS. MED 3CM;UN;95051000;3,00;0,00;0,00;0,37;4,00;1,11;12,00
Loja: 2 - NEWSHOP COMERCIO LTDA  ( DEPOSITO);Local: 15 - GALPÃO;2700;ND7643-3 - JOGO DE BOLAS NATALINAS. COM 6 PEAS. MED 6CM;UN;95051000;30,00;0,00;0,00;0,46;4,99;13,80;149,70
Loja: 2 - NEWSHOP COMERCIO LTDA  ( DEPOSITO);Local: 15 - GALPÃO;2711;ND7668 - ENFEITE EM FORMATO DE PORTA GARRAFAS. MED: 15*31CM;UN;95051000;184,00;0,00;0,00;1,16;12,50;213,44;2300,00
Loja: 2 - NEWSHOP COMERCIO LTDA  ( DEPOSITO);Local: 15 - GALPÃO;2719;ND7655 - ENFEITE EM FORMATO DE MEIAS. COM 3 PEAS. MED: 25CM;UN;95051000;18,00;0,00;0,00;1,11;12,00;19,98;216,00
Loja: 2 - NEWSHOP COMERCIO LTDA  ( DEPOSITO);Local: 15 - GALPÃO;2730;ND7675 - ENFEITE EM FORMATO DE POMBA. COM 4 PEAS. MED: 14*9.5.5CM;UN;95051000;6,00;0,00;0,00;1,72;18,50;10,32;111,00
Loja: 2 - NEWSHOP COMERCIO LTDA  ( DEPOSITO);Local: 15 - GALPÃO;2734;ND7551 - ENFEITE EM FORMATO DE FLOCOS DE NEVE. COM 3 PEAS. MED: 10CM;UN;95051000;51,00;0,00;0,00;0,55;6,00;28,05;306,00
Loja: 2 - NEWSHOP COMERCIO LTDA  ( DEPOSITO);Local: 15 - GALPÃO;2762;ND7667 - ENFEITE EM FORMATO DE PORTA GARRAFAS. MED: 13.5*29CM;UN;95051000;23,00;0,00;0,00;2,96;7,99;68,08;183,77
Loja: 2 - NEWSHOP COMERCIO LTDA  ( DEPOSITO);Local: 15 - GALPÃO;2810;ND7569 - ENFEITE EM FORMATO DE MEIAS. COM 3 PEAS. MED: 45CM;UN;95051000;26,00;0,00;0,00;2,04;22,00;53,04;572,00
Loja: 2 - NEWSHOP COMERCIO LTDA  ( DEPOSITO);Local: 15 - GALPÃO;4030;ND7567 - ENFEITE NATALINO EM FORMATO DE SINO. ESTRELA. BOTA E CAIXINHA DE PRESEN;UN;95051000;8,00;0,00;0,00;1,36;11,00;10,88;88,00
Loja: 2 - NEWSHOP COMERCIO LTDA  ( DEPOSITO);Local: 15 - GALPÃO;4031;ND7572 - ENFEITE NATALINO EM FORMATO DE RENA. PAPAI NOEL E BONECO DE NEVE. COM 3;UN;95051000;1,00;0,00;0,00;1,11;12,00;1,11;12,00
Loja: 2 - NEWSHOP COMERCIO LTDA  ( DEPOSITO);Local: 15 - GALPÃO;4047;ND7680 ENFEITE NATALINO EM FORMATO DE PAPAI NOEL E BONECO DE NEVE. COM 2 PECAS.;UN;95051000;21,00;0,00;0,00;0,79;8,50;16,59;178,50
Loja: 2 - NEWSHOP COMERCIO LTDA  ( DEPOSITO);Local: 15 - GALPÃO;4057;ND7559 - ENFEITE NATALINO EM FORMATO DE LACO. COM 3 PECAS. MED: 12*14CM;UN;95051000;26,00;0,00;0,00;0,88;9,50;22,88;247,00
Loja: 2 - NEWSHOP COMERCIO LTDA  ( DEPOSITO);Local: 15 - GALPÃO;4064;ND7580-1 - ENFEITE NATALINO EM FORMATO DE PORTA MOEDA. MED: 8*8CM;UN;95051000;59,00;0,00;0,00;2,14;6,99;126,26;412,41
Loja: 2 - NEWSHOP COMERCIO LTDA  ( DEPOSITO);Local: 15 - GALPÃO;4079;ND7673 - ENFEITE NATALINO EM FORMATO DE LUVAS. MED: 17*11CM;UN;95051000;16,00;0,00;0,00;1,39;10,00;22,24;160,00
Loja: 2 - NEWSHOP COMERCIO LTDA  ( DEPOSITO);Local: 15 - GALPÃO;4081;ND7646-3 - JOGO DE BOLAS NATALINAS. COM 20 PECAS. MED 8CM;UN;95051000;7,00;0,00;0,00;7,06;76,00;49,42;532,00
Loja: 2 - NEWSHOP COMERCIO LTDA  ( DEPOSITO);Local: 15 - GALPÃO;4102;ND7651 - ENFEITE NATALINO EM FORMATO DE PINHA. BOLA. CAIXINHA DE PRESENTE E LETR;UN;95051000;75,00;0,00;0,00;1,85;19,99;138,75;1499,25
Loja: 2 - NEWSHOP COMERCIO LTDA  ( DEPOSITO);Local: 15 - GALPÃO;4104;ND7603 - ENFEITE NATALINO EM FORMATO DE ARVORE. MED: 24*36CM;UN;95051000;31,00;0,00;0,00;1,98;13,00;61,38;403,00
Loja: 2 - NEWSHOP COMERCIO LTDA  ( DEPOSITO);Local: 15 - GALPÃO;4105;ND7651-1 - ENFEITE NATALINO EM FORMATO DE PINHA. BOLA. CAIXINHA DE PRESENTE E ES;UN;95051000;7,00;0,00;0,00;7,23;27,99;50,61;195,93
Loja: 2 - NEWSHOP COMERCIO LTDA  ( DEPOSITO);Local: 15 - GALPÃO;4106;ND7652 - ENFEITE NATALINO EM FORMATO DE RENA. PAPAI NOEL E BONECO DE NEVE. COM 3;UN;95051000;7,00;0,00;0,00;0,69;7,50;4,83;52,50
Loja: 2 - NEWSHOP COMERCIO LTDA  ( DEPOSITO);Local: 15 - GALPÃO;4113;ND7669 - ENFEITE NATALINO EM FORMATO DE BENGALA. COMPOSTA POR 6 PECAS. MED: 4.5C;UN;95051000;1,00;0,00;0,00;2,82;5,00;2,82;5,00
Loja: 2 - NEWSHOP COMERCIO LTDA  ( DEPOSITO);Local: 15 - GALPÃO;4136;ND7639 - ENFEITE NATALINO EM FORMATO DE GALHO DE ARVORE. MED: 35CM;UN;95051000;131,00;0,00;0,00;1,06;11,50;138,86;1506,50
Loja: 2 - NEWSHOP COMERCIO LTDA  ( DEPOSITO);Local: 15 - GALPÃO;4138;ND7621 - GUIRLANDA COM DETALHES EM POLIESTER. MED: 30CM.;UN;95051000;8,00;0,00;0,00;1,72;18,50;13,76;148,00
Loja: 2 - NEWSHOP COMERCIO LTDA  ( DEPOSITO);Local: 15 - GALPÃO;4247;ND7503 - ENFEITE NATALINO EM FORMATO DE ARVORE. MED: 24*36CM;UN;95051000;19,00;0,00;0,00;0,83;9,00;15,77;171,00
Loja: 2 - NEWSHOP COMERCIO LTDA  ( DEPOSITO);Local: 15 - GALPÃO;4283;ND7666 - ENFEITE NATALINO;UN;95051000;2,00;0,00;0,00;0,88;9,50;1,76;19,00
Loja: 2 - NEWSHOP COMERCIO LTDA  ( DEPOSITO);Local: 15 - GALPÃO;4298;ND7672 - ENFEITE EM FORMATO DE ARVORE;UN;95051000;2,00;0,00;0,00;0,88;9,50;1,76;19,00
Loja: 2 - NEWSHOP COMERCIO LTDA  ( DEPOSITO);Local: 15 - GALPÃO;4443;N23-6  MOCHILA  INFANTIL;UN;42022210;14,00;0,00;0,00;11,14;64,00;155,96;896,00
Loja: 2 - NEWSHOP COMERCIO LTDA  ( DEPOSITO);Local: 15 - GALPÃO;6301;PP7011 - ENFEITE NATALINO EM FORMATO DE BOLA;UN;94053100;20,00;0,00;0,00;4,64;49,90;92,80;998,00
Loja: 2 - NEWSHOP COMERCIO LTDA  ( DEPOSITO);Local: 15 - GALPÃO;6304;PP7021 10L PISCA PISACA;UN;94053100;7,00;0,00;0,00;5,58;60,00;39,06;420,00
Loja: 2 - NEWSHOP COMERCIO LTDA  ( DEPOSITO);Local: 15 - GALPÃO;6328;PP7010 COLORIDO PISCA PISCA;UN;94053100;32,00;0,00;0,00;7,25;78,00;232,00;2496,00
Loja: 2 - NEWSHOP COMERCIO LTDA  ( DEPOSITO);Local: 15 - GALPÃO;6330;PP7012 COLORIDO PISCA PISCA;UN;94053100;20,00;0,00;0,00;4,18;49,99;83,60;999,80
Loja: 2 - NEWSHOP COMERCIO LTDA  ( DEPOSITO);Local: 15 - GALPÃO;6333;PP7008 COLORIDO COLORIDO PISCA PISCA;UN;94053100;1,00;0,00;0,00;4,17;44,90;4,17;44,90
Loja: 2 - NEWSHOP COMERCIO LTDA  ( DEPOSITO);Local: 15 - GALPÃO;6334;PP7009-1 BRANCO QUENTE COLORIDO PISCA PISCA;UN;94053100;16,00;0,00;0,00;13,39;96,00;214,24;1536,00
Loja: 2 - NEWSHOP COMERCIO LTDA  ( DEPOSITO);Local: 15 - GALPÃO;6336;PP7010-1 BRANCO QUENTE PISCA PISCA;UN;94053100;218,00;0,00;0,00;4,64;49,90;1011,52;10878,20
Loja: 2 - NEWSHOP COMERCIO LTDA  ( DEPOSITO);Local: 15 - GALPÃO;6337;PP7008-1 BRANCO QUENTE PISCA PISCA;UN;94053100;26,00;0,00;0,00;7,44;80,00;193,44;2080,00
Loja: 2 - NEWSHOP COMERCIO LTDA  ( DEPOSITO);Local: 15 - GALPÃO;6340;PP7071-1 BRANCO QUENTE PISCA PISCA;UN;94053100;23,00;0,00;0,00;4,17;44,90;95,91;1032,70
Loja: 2 - NEWSHOP COMERCIO LTDA  ( DEPOSITO);Local: 15 - GALPÃO;6344;PP7071 COLORIDO PISCA PISCA;UN;94053100;29,00;0,00;0,00;4,17;44,90;120,93;1302,10
Loja: 2 - NEWSHOP COMERCIO LTDA  ( DEPOSITO);Local: 15 - GALPÃO;6351;"PP7032 12L BRANCO QUENTE""PISCA PISCA";UN;94053100;15,00;0,00;0,00;3,72;47,00;55,80;705,00
Loja: 2 - NEWSHOP COMERCIO LTDA  ( DEPOSITO);Local: 15 - GALPÃO;6361;"""PP7053 10L BRANCO QUENTE""";UN;94053100;11,00;0,00;0,00;1,76;18,99;19,36;208,89
Loja: 2 - NEWSHOP COMERCIO LTDA  ( DEPOSITO);Local: 15 - GALPÃO;6362;"""PP7052 10L BRANCO QUENTE""";UN;94053100;8,00;0,00;0,00;17,67;14,99;141,36;119,92
Loja: 2 - NEWSHOP COMERCIO LTDA  ( DEPOSITO);Local: 15 - GALPÃO;6368;PP7046 2 COR PISCA PISCA;UN;94053100;21,00;0,00;0,00;2,88;30,99;60,48;650,79
Loja: 2 - NEWSHOP COMERCIO LTDA  ( DEPOSITO);Local: 15 - GALPÃO;6370;PP7055 10L;UN;94053100;44,00;0,00;0,00;2,80;14,99;123,20;659,56
Loja: 2 - NEWSHOP COMERCIO LTDA  ( DEPOSITO);Local: 15 - GALPÃO;6373;PP7054 COLORIDO PISCA PISCA;UN;94053100;32,00;0,00;0,00;1,76;18,99;56,32;607,68
Loja: 2 - NEWSHOP COMERCIO LTDA  ( DEPOSITO);Local: 15 - GALPÃO;6381;NA7201-6 1.8M - ARVORE DE NATAL ARTIFICIAL;UN;95051000;1,00;0,00;0,00;11,43;123,00;11,43;123,00
Loja: 2 - NEWSHOP COMERCIO LTDA  ( DEPOSITO);Local: 15 - GALPÃO;6382;NA7201-7 2.1M - ARVORE DE NATAL ARTIFICIAL;UN;95051000;3,00;0,00;0,00;16,82;199,00;50,46;597,00
Loja: 2 - NEWSHOP COMERCIO LTDA  ( DEPOSITO);Local: 15 - GALPÃO;6395;NA7203-4 1.8M - ARVORE DE NATAL ARTIFICIAL;UN;95051000;2,00;0,00;0,00;18,32;197,00;36,64;394,00
Loja: 2 - NEWSHOP COMERCIO LTDA  ( DEPOSITO);Local: 15 - GALPÃO;6404;PP7009 COLORIDO PISCA PISCA;UN;94053100;15,00;0,00;0,00;8,92;96,00;133,80;1440,00
Loja: 2 - NEWSHOP COMERCIO LTDA  ( DEPOSITO);Local: 15 - GALPÃO;6406;PP7011-1 BRANCO QUENTE PISCA PISCA;UN;94053100;30,00;0,00;0,00;7,25;78,00;217,50;2340,00
Loja: 2 - NEWSHOP COMERCIO LTDA  ( DEPOSITO);Local: 15 - GALPÃO;6417;PP7067 30M PISCA PISCA;UN;94053100;43,00;0,00;0,00;15,99;172,00;687,57;7396,00
Loja: 2 - NEWSHOP COMERCIO LTDA  ( DEPOSITO);Local: 15 - GALPÃO;6418;PP7067-1 50M PISCA PISCA;UN;94053100;35,00;0,00;0,00;1,86;111,99;65,10;3919,65
Loja: 2 - NEWSHOP COMERCIO LTDA  ( DEPOSITO);Local: 15 - GALPÃO;6432;PP7060 PISCA PEQUENO;UN;95051000;16,00;0,00;0,00;1,39;14,99;22,24;239,84
Loja: 2 - NEWSHOP COMERCIO LTDA  ( DEPOSITO);Local: 15 - GALPÃO;6435;"""ND7515 34CM""";UN;94053100;37,00;0,00;0,00;4,99;8,00;184,63;296,00
Loja: 2 - NEWSHOP COMERCIO LTDA  ( DEPOSITO);Local: 15 - GALPÃO;6436;ND7514 34CM;UN;94053100;2,00;0,00;0,00;65,10;8,00;130,20;16,00
Loja: 2 - NEWSHOP COMERCIO LTDA  ( DEPOSITO);Local: 15 - GALPÃO;6437;ND7504 50CM ENFEITE NATALINO EM FORMATO DE ARVORE. MED: 24*36CM;UN;95051000;37,00;0,00;0,00;1,11;12,00;41,07;444,00
Loja: 2 - NEWSHOP COMERCIO LTDA  ( DEPOSITO);Local: 15 - GALPÃO;6440;ND7516 34CM ENFEITE NATALINO EM FORMATO DE ARVORE. MED: 24*36CM;UN;95051000;42,00;0,00;0,00;0,74;8,00;31,08;336,00
Loja: 2 - NEWSHOP COMERCIO LTDA  ( DEPOSITO);Local: 15 - GALPÃO;9943;BM-F1147 POTE PARA ARMAZENAMENTO DE GRAOS/CEREAIS FEITO DE PLASTICO;UN;39239090;66,00;0,00;0,00;26,70;129,00;1762,20;8514,00
Loja: 2 - NEWSHOP COMERCIO LTDA  ( DEPOSITO);Local: 15 - GALPÃO;10300;LE-5404 CADEIRA DOBRAVEL PARA CAMPING:;UN;94017900;119,00;0,00;0,00;0,59;153,00;70,21;18207,00
Loja: 2 - NEWSHOP COMERCIO LTDA  ( DEPOSITO);Local: 15 - GALPÃO;10381;SF400B BALANCA DIGITAL DE MESA PARA USO;UN;84231000;320,00;0,00;0,00;2,20;21,00;704,00;6720,00
Loja: 2 - NEWSHOP COMERCIO LTDA  ( DEPOSITO);Local: 15 - GALPÃO;10508;AS2383 CONJUNTO DE POTES HERMETICOS PARA ARMAZENAMENTO - 3 PEÇAS;UN;39249000;384,00;0,00;0,00;10,00;59,00;3840,00;22656,00
Loja: 2 - NEWSHOP COMERCIO LTDA  ( DEPOSITO);Local: 15 - GALPÃO;10533;JM2446-1 RECIPIENTE FEITO EM PLASTICO;UN;39249000;672,00;0,00;0,00;3,35;36,00;2251,20;24192,00
Loja: 2 - NEWSHOP COMERCIO LTDA  ( DEPOSITO);Local: 15 - GALPÃO;10678;AS2372 CONJUNTO DE POTESA HERMETICOS PARA ARMAZENAMENTO - 3 PEÇAS;UN;39249000;432,00;0,00;0,00;17,84;32,00;7706,88;13824,00
Loja: 2 - NEWSHOP COMERCIO LTDA  ( DEPOSITO);Local: 15 - GALPÃO;10692;AS2376 CONJUNTO DE POTES HERMÉTICO PARA ARMAZENAMENTO - 3 PECAS;UN;39249000;384,00;0,00;0,00;17,84;36,00;6850,56;13824,00
Loja: 2 - NEWSHOP COMERCIO LTDA  ( DEPOSITO);Local: 15 - GALPÃO;10704;AS2427 RECIPIENTE DE PLASTICO PARA GELADEIRA;UN;39249000;300,00;0,00;0,00;4,95;13,50;1485,00;4050,00
Loja: 2 - NEWSHOP COMERCIO LTDA  ( DEPOSITO);Local: 15 - GALPÃO;10872;CC1115  PRATELEIRA  EM PLASTICO;UN;94037000;-120,00;0,00;0,00;0,00;8,00;0,00;-960,00
Loja: 2 - NEWSHOP COMERCIO LTDA  ( DEPOSITO);Local: 15 - GALPÃO;10876;AS2373 CONJUNTO POTES HERMÉTICO PARA AMARZENAMENTO - 3 PEÇAS;UN;39249000;576,00;0,00;0,00;2,32;39,00;1336,32;22464,00
Loja: 2 - NEWSHOP COMERCIO LTDA  ( DEPOSITO);Local: 15 - GALPÃO;10887;AS2424 CONJUNTO POTES HERMÉTICO  CONTENDO 3 PECAS;UN;39249000;150,00;0,00;0,00;14,72;40,00;2208,00;6000,00
Loja: 2 - NEWSHOP COMERCIO LTDA  ( DEPOSITO);Local: 15 - GALPÃO;10899;AS2428 RECIPIENTE DE PLASTICO PARA ORGANIZAÇÃO DE GELADEIRA;UN;39249000;240,00;0,00;0,00;1,77;19,00;424,80;4560,00
Loja: 2 - NEWSHOP COMERCIO LTDA  ( DEPOSITO);Local: 15 - GALPÃO;10905;CC1195 ESTOJO UTILIZADO NO TRANSPORTE DE PRODUTOS DE HIGIENE PESSOAL;UN;42029200;1400,00;0,00;0,00;1,86;4,50;2604,00;6300,00
Loja: 2 - NEWSHOP COMERCIO LTDA  ( DEPOSITO);Local: 15 - GALPÃO;10951;AS2379 CONJUNTO POTES HERMÉTICO  CONTENDO 3 PECAS;UN;39249000;384,00;0,00;0,00;26,05;59,00;10003,20;22656,00
Loja: 2 - NEWSHOP COMERCIO LTDA  ( DEPOSITO);Local: 15 - GALPÃO;10958;AS2369 CONJUNTO POTES HERMÉTICO PARA ARMAZENAMENTO - 3 PECAS;UN;39249000;864,00;0,00;0,00;2,32;39,00;2004,48;33696,00
Loja: 2 - NEWSHOP COMERCIO LTDA  ( DEPOSITO);Local: 15 - GALPÃO;11213;NF9842 REF.:GX990183 - ESTOJO DE POLIESTER-REF.:GX990183 - ESTOJO DE POLIESTER;UN;42029200;14,00;0,00;0,00;4,72;0,00;66,08;0,00
Loja: 2 - NEWSHOP COMERCIO LTDA  ( DEPOSITO);Local: 15 - GALPÃO;11290;CC1117 KIT  CESTA  DE LAVAGEM E DRENAGEM DE FRUTAS;UN;39249000;102,00;0,00;0,00;1,58;17,00;161,16;1734,00
Loja: 2 - NEWSHOP COMERCIO LTDA  ( DEPOSITO);Local: 15 - GALPÃO;11497;AS2429 RECIPIENTE DE PLASTICO PARA ORGANIZAR A GELADEIRA - 31X21X9CM;UN;39249000;180,00;0,00;0,00;9,38;25,50;1688,40;4590,00
Loja: 2 - NEWSHOP COMERCIO LTDA  ( DEPOSITO);Local: 15 - GALPÃO;11644;JM2446  DISPENSER POTE HERMÉTICO;UN;39249000;672,00;0,00;0,00;3,07;33,00;2063,04;22176,00
Loja: 2 - NEWSHOP COMERCIO LTDA  ( DEPOSITO);Local: 15 - GALPÃO;12635;CX7022 PISTOLA DE MASSAGEM CX-20;UN;90191000;9,00;0,00;0,00;17,28;90,00;155,52;810,00
Loja: 2 - NEWSHOP COMERCIO LTDA  ( DEPOSITO);Local: 15 - GALPÃO;13344;HQ1959 ESPELHO EMOLDURADO EM MATERIAL PLASTICO;UN;70099200;180,00;0,00;0,00;4,46;27,00;802,80;4860,00
Loja: 2 - NEWSHOP COMERCIO LTDA  ( DEPOSITO);Local: 15 - GALPÃO;13352;HQ1967 ESPELHO EMOLDURADO EM MATERIAL PLASTICO;UN;70099200;540,00;0,00;0,00;4,82;27,00;2602,80;14580,00
Loja: 2 - NEWSHOP COMERCIO LTDA  ( DEPOSITO);Local: 15 - GALPÃO;13360;HQ1974 ESPELHO EMOLDURADO EM MATERIAL PLASTICO;UN;70099200;180,00;0,00;0,00;10,68;65,00;1922,40;11700,00
Loja: 2 - NEWSHOP COMERCIO LTDA  ( DEPOSITO);Local: 15 - GALPÃO;13363;HQ1977 ESPELHO EMOLDURADO EM MATERIAL PLASTICO;UN;70099200;12,00;0,00;0,00;10,40;65,00;124,80;780,00
Loja: 2 - NEWSHOP COMERCIO LTDA  ( DEPOSITO);Local: 15 - GALPÃO;13364;HQ1978 ESPELHO EMOLDURADO EM MATERIAL PLASTICO;UN;70099200;14,00;0,00;0,00;10,68;65,00;149,52;910,00
Loja: 2 - NEWSHOP COMERCIO LTDA  ( DEPOSITO);Local: 15 - GALPÃO;13431;CC2294 POTE HERMÉTICO G;UN;70134900;480,00;0,00;0,00;8,93;38,00;4286,40;18240,00
Loja: 2 - NEWSHOP COMERCIO LTDA  ( DEPOSITO);Local: 15 - GALPÃO;13434;CC2331-1 POTE MEDIDOR;UN;70134900;1392,00;0,00;0,00;2,86;20,50;3981,12;28536,00
Loja: 2 - NEWSHOP COMERCIO LTDA  ( DEPOSITO);Local: 15 - GALPÃO;13558;CC2488 MARMITA INFANTIL DECORADA;UN;39241000;800,00;0,00;0,00;1,53;16,50;1224,00;13200,00
Loja: 2 - NEWSHOP COMERCIO LTDA  ( DEPOSITO);Local: 15 - GALPÃO;13560;CC2490 MARMITA INFANTIL DECORADA;UN;39241000;480,00;0,00;0,00;1,86;20,00;892,80;9600,00
Loja: 2 - NEWSHOP COMERCIO LTDA  ( DEPOSITO);Local: 15 - GALPÃO;13561;CC2493 KIT MARMITA INFANTIL COM COPO;UN;39241000;480,00;0,00;0,00;2,37;25,00;1137,60;12000,00
Loja: 2 - NEWSHOP COMERCIO LTDA  ( DEPOSITO);Local: 15 - GALPÃO;13563;CC1186 VASILHA EM MATERIAL PLASTICO;UN;39241000;420,00;0,00;0,00;2,65;28,50;1113,00;11970,00
Loja: 2 - NEWSHOP COMERCIO LTDA  ( DEPOSITO);Local: 15 - GALPÃO;13567;CC2332 ORGANIZADOR DE MESA;UN;39249000;108,00;0,00;0,00;4,99;56,00;538,92;6048,00
Loja: 2 - NEWSHOP COMERCIO LTDA  ( DEPOSITO);Local: 15 - GALPÃO;13568;CC2333 ORGANIZADOR DE MESA;UN;39249000;81,00;0,00;0,00;4,99;56,00;404,19;4536,00
Loja: 2 - NEWSHOP COMERCIO LTDA  ( DEPOSITO);Local: 15 - GALPÃO;13569;CC2334 ORGANIZADOR DE MESA;UN;39249000;91,00;0,00;0,00;4,99;39,50;454,09;3594,50
Loja: 2 - NEWSHOP COMERCIO LTDA  ( DEPOSITO);Local: 15 - GALPÃO;13570;CC1188 SUPORTE EM MATERIAL PLASTICO;UN;39249000;2400,00;0,00;0,00;4,99;9,00;11976,00;21600,00
Loja: 2 - NEWSHOP COMERCIO LTDA  ( DEPOSITO);Local: 15 - GALPÃO;13571;CC1233 SUPORTE EM MATERIAL PLASTICO;UN;39249000;800,00;0,00;0,00;2,79;7,50;2232,00;6000,00
Loja: 2 - NEWSHOP COMERCIO LTDA  ( DEPOSITO);Local: 15 - GALPÃO;13624;S9055 ARTIGO P/ORNAMENTACAO EM MATERIAL PLASTICO;UN;39241000;10100,00;0,00;0,00;0,65;14,00;6565,00;141400,00
Loja: 2 - NEWSHOP COMERCIO LTDA  ( DEPOSITO);Local: 15 - GALPÃO;13627;CC2494 MARMITA  DECORADA;UN;39241000;720,00;0,00;0,00;1,72;18,50;1238,40;13320,00
Loja: 2 - NEWSHOP COMERCIO LTDA  ( DEPOSITO);Local: 15 - GALPÃO;14433;MS1835 -PORTA JOIAS EM MATERIAL PLASTICO;UN;42029200;-120,00;0,00;0,00;0,00;39,90;0,00;-4788,00
Loja: 2 - NEWSHOP COMERCIO LTDA  ( DEPOSITO);Local: 15 - GALPÃO;15052;ST-816 - LIXEIRA AUTOMATICA COM SENSOR DE APROXIMACAO;UN;85098090;168,00;0,00;0,00;7,25;63,00;1218,00;10584,00
Loja: 2 - NEWSHOP COMERCIO LTDA  ( DEPOSITO);Local: 15 - GALPÃO;16500;ST-806 - LIXEIRA AUTOMATICA COM SENSOR DE APROXIMACAO;UN;85098090;450,00;0,00;0,00;14,88;63,00;6696,00;28350,00
Loja: 2 - NEWSHOP COMERCIO LTDA  ( DEPOSITO);Local: 15 - GALPÃO;16516;REF.: ST-804 - LIXEIRA AUTOMATICA COM SENSOR DE APROXIMACAO;UN;85098090;492,00;0,00;0,00;11,90;63,00;5854,80;30996,00
Loja: 2 - NEWSHOP COMERCIO LTDA  ( DEPOSITO);Local: 15 - GALPÃO;16834;TZ-82 FRIGIDEIRA ANTIADERENTE COM DIVISORIAS;UN;76151000;480,00;0,00;0,00;2,81;29,90;1348,80;14352,00
Loja: 2 - NEWSHOP COMERCIO LTDA  ( DEPOSITO);Local: 15 - GALPÃO;17259;WX180 FRIGIDEIRA WX180 CAIXA COM 30 PCS;UN;76151000;60,00;0,00;0,00;300,00;29,90;18000,00;1794,00
Loja: 2 - NEWSHOP COMERCIO LTDA  ( DEPOSITO);Local: 15 - GALPÃO;17704;YT2543 CONJUNTO DE 5 ORGANIZADORES RETANGULARES HERMETICOS;UN;39241000;72,00;0,00;0,00;9,35;52,00;673,20;3744,00
Loja: 2 - NEWSHOP COMERCIO LTDA  ( DEPOSITO);Local: 15 - GALPÃO;17706;YT2542 CONJUNTO DE 6 ORGANIZADORES REDONDOS HERMETICOS;UN;39241000;96,00;0,00;0,00;3,16;34,00;303,36;3264,00
Loja: 2 - NEWSHOP COMERCIO LTDA  ( DEPOSITO);Local: 15 - GALPÃO;17708;YT2409 PORTA UTENSILIOS PLASTICO;UN;39249000;240,00;0,00;0,00;2,63;14,50;631,20;3480,00
Loja: 2 - NEWSHOP COMERCIO LTDA  ( DEPOSITO);Local: 15 - GALPÃO;17746;YT2547 ORGANIZADOR DE GELADEIRA COM TAMPA E ALCA- 2 COMPARTIMENTOS;UN;39241000;36,00;0,00;0,00;10,58;59,00;380,88;2124,00
Loja: 2 - NEWSHOP COMERCIO LTDA  ( DEPOSITO);Local: 15 - GALPÃO;17748;YT2529 ORGANIZADOR DE GELADEIRA COM TAMPA E ALCA- 4 COMPARTIMENTOS;UN;39241000;48,00;0,00;0,00;10,58;59,00;507,84;2832,00
Loja: 2 - NEWSHOP COMERCIO LTDA  ( DEPOSITO);Local: 15 - GALPÃO;17756;YT2526 PORTA SABAO-GRAOS 25L COM TAMPA DOSADORA DE 230ML;UN;39249000;2400,00;0,00;0,00;3,69;20,50;8856,00;49200,00
Loja: 2 - NEWSHOP COMERCIO LTDA  ( DEPOSITO);Local: 15 - GALPÃO;17789;MF8211-EST ESTOJO QUADRADO  22*15*6 CM;UN;42029200;48,00;0,00;0,00;7,08;40,00;339,84;1920,00
Loja: 2 - NEWSHOP COMERCIO LTDA  ( DEPOSITO);Local: 15 - GALPÃO;17793;MF8213-EST ESTOJO QUADRADO  22*15*6 CM;UN;42029200;50,00;0,00;0,00;6,07;34,00;303,50;1700,00
Loja: 2 - NEWSHOP COMERCIO LTDA  ( DEPOSITO);Local: 15 - GALPÃO;17819;EST12034 ESTOJO QUADRADO GATINHO 22*16*7;UN;42029200;11,00;0,00;0,00;6,58;38,50;72,38;423,50
Loja: 2 - NEWSHOP COMERCIO LTDA  ( DEPOSITO);Local: 15 - GALPÃO;18080;SF-400 BALANÇA;UN;84231000;1520,00;0,00;0,00;2,30;14,90;3496,00;22648,00
Loja: 2 - NEWSHOP COMERCIO LTDA  ( DEPOSITO);Local: 15 - GALPÃO;18189;AS2132 G5 - CONTENDOR DE ALIMENTOS;UN;39241000;565,00;0,00;0,00;9,28;38,00;5243,20;21470,00
Loja: 2 - NEWSHOP COMERCIO LTDA  ( DEPOSITO);Local: 15 - GALPÃO;18195;AS2133 G- PODE HERMÉTICO;UN;39241000;384,00;0,00;0,00;11,73;40,00;4504,32;15360,00
Loja: 2 - NEWSHOP COMERCIO LTDA  ( DEPOSITO);Local: 15 - GALPÃO;18196;AS2134 G - PODE HERMÉTICO;UN;39241000;512,00;0,00;0,00;3,72;40,00;1904,64;20480,00
Loja: 2 - NEWSHOP COMERCIO LTDA  ( DEPOSITO);Local: 15 - GALPÃO;18198;AS2135 G5- CONTENDOR DE ALIMENTOS;UN;39241000;512,00;0,00;0,00;9,39;38,00;4807,68;19456,00
Loja: 2 - NEWSHOP COMERCIO LTDA  ( DEPOSITO);Local: 15 - GALPÃO;18199;AS2136 - PODE HERMÉTICO;UN;39241000;496,00;0,00;0,00;12,77;42,00;6333,92;20832,00
Loja: 2 - NEWSHOP COMERCIO LTDA  ( DEPOSITO);Local: 15 - GALPÃO;18200;AS2137 G -  TIPO HERMÉTICO;UN;39241000;528,00;0,00;0,00;3,91;42,00;2064,48;22176,00
Loja: 2 - NEWSHOP COMERCIO LTDA  ( DEPOSITO);Local: 15 - GALPÃO;18201;AS2365 G - POTE HERMÉTICO 1480ML;UN;39241000;186,00;0,00;0,00;2,51;20,00;466,86;3720,00
Loja: 2 - NEWSHOP COMERCIO LTDA  ( DEPOSITO);Local: 15 - GALPÃO;18202;AS2366 G - POTE HERMÉTICO 2000ML;UN;39241000;180,00;0,00;0,00;2,51;23,00;451,80;4140,00
Loja: 2 - NEWSHOP COMERCIO LTDA  ( DEPOSITO);Local: 15 - GALPÃO;18203;AS2367 G - PODE HERMETICO 2500ML;UN;39241000;26,00;0,00;0,00;2,79;28,00;72,54;728,00
Loja: 2 - NEWSHOP COMERCIO LTDA  ( DEPOSITO);Local: 15 - GALPÃO;18204;AS2370 G - POTE HERMÉTICO 1900ML;UN;39241000;180,00;0,00;0,00;2,42;23,00;435,60;4140,00
Loja: 2 - NEWSHOP COMERCIO LTDA  ( DEPOSITO);Local: 15 - GALPÃO;18205;AS2374 G- POTE HERMÉTICO 2100ML;UN;39241000;130,00;0,00;0,00;2,60;25,00;338,00;3250,00
Loja: 2 - NEWSHOP COMERCIO LTDA  ( DEPOSITO);Local: 15 - GALPÃO;18206;AS2375 G - PODE HERMÉTICO 2600ML;UN;39241000;240,00;0,00;0,00;4,80;29,00;1152,00;6960,00
Loja: 2 - NEWSHOP COMERCIO LTDA  ( DEPOSITO);Local: 15 - GALPÃO;18207;AS2378 G - POTE HERMÉTICO 2100ML;UN;39241000;185,00;0,00;0,00;3,98;25,00;736,30;4625,00
Loja: 2 - NEWSHOP COMERCIO LTDA  ( DEPOSITO);Local: 15 - GALPÃO;18208;AS2381 G - POTE HERMÉTICO 1440ML;UN;39241000;187,00;0,00;0,00;2,51;20,00;469,37;3740,00
Loja: 2 - NEWSHOP COMERCIO LTDA  ( DEPOSITO);Local: 15 - GALPÃO;18209;AS2382 G - POTE HERMÉTICO 1900ML;UN;39241000;130,00;0,00;0,00;3,66;23,00;475,80;2990,00
Loja: 2 - NEWSHOP COMERCIO LTDA  ( DEPOSITO);Local: 15 - GALPÃO;18210;AS2393 - ORGANIZADOR DE GELADEIRA;UN;39241000;4800,00;0,00;0,00;2,21;6,00;10608,00;28800,00
Loja: 2 - NEWSHOP COMERCIO LTDA  ( DEPOSITO);Local: 15 - GALPÃO;18686;AS2374 M - POTE HERMÉTICO 900ML;UN;39241000;85,00;0,00;0,00;1,30;16,00;110,50;1360,00
Loja: 2 - NEWSHOP COMERCIO LTDA  ( DEPOSITO);Local: 15 - GALPÃO;18690;AS2374 P - POTE HERMÉTICO 400ML;UN;39241000;97,00;0,00;0,00;0,93;10,00;90,21;970,00
Loja: 2 - NEWSHOP COMERCIO LTDA  ( DEPOSITO);Local: 15 - GALPÃO;18705;AS2370 M - POTE HERMÉTICO 900ML;UN;39241000;141,00;0,00;0,00;1,30;16,00;183,30;2256,00
Loja: 2 - NEWSHOP COMERCIO LTDA  ( DEPOSITO);Local: 15 - GALPÃO;18706;AS2370 P - POTE HERMÉTICO 400ML;UN;39241000;150,00;0,00;0,00;1,21;10,00;181,50;1500,00
Loja: 2 - NEWSHOP COMERCIO LTDA  ( DEPOSITO);Local: 15 - GALPÃO;18711;AS2381 M - POTE HERMÉTICO 500ML;UN;39241000;97,00;0,00;0,00;2,51;14,00;243,47;1358,00
Loja: 2 - NEWSHOP COMERCIO LTDA  ( DEPOSITO);Local: 15 - GALPÃO;18713;AS2381 P - POTE HERMÉTICO 200ML;UN;39241000;67,00;0,00;0,00;2,51;7,00;168,17;469,00
Loja: 2 - NEWSHOP COMERCIO LTDA  ( DEPOSITO);Local: 15 - GALPÃO;18715;AS2367 M - PODE HERMETICO 1400ML;UN;39241000;94,00;0,00;0,00;1,49;20,00;140,06;1880,00
Loja: 2 - NEWSHOP COMERCIO LTDA  ( DEPOSITO);Local: 15 - GALPÃO;18718;AS2367 P - PODE HERMETICO 800ML;UN;39241000;6,00;0,00;0,00;1,12;14,00;6,72;84,00
Loja: 2 - NEWSHOP COMERCIO LTDA  ( DEPOSITO);Local: 15 - GALPÃO;18723;AS2378 M - POTE HERMÉTICO 900ML;UN;39241000;288,00;0,00;0,00;3,98;16,00;1146,24;4608,00
Loja: 2 - NEWSHOP COMERCIO LTDA  ( DEPOSITO);Local: 15 - GALPÃO;18725;AS2378 P - POTE HERMÉTICO 400ML;UN;39241000;130,00;0,00;0,00;0,93;10,00;120,90;1300,00
Loja: 2 - NEWSHOP COMERCIO LTDA  ( DEPOSITO);Local: 15 - GALPÃO;18728;AS2382 M - POTE HERMÉTICO 900ML;UN;39241000;148,00;0,00;0,00;1,30;16,00;192,40;2368,00
Loja: 2 - NEWSHOP COMERCIO LTDA  ( DEPOSITO);Local: 15 - GALPÃO;18730;AS2382 P - POTE HERMÉTICO 400ML;UN;39241000;220,00;0,00;0,00;1,21;10,00;266,20;2200,00
Loja: 2 - NEWSHOP COMERCIO LTDA  ( DEPOSITO);Local: 15 - GALPÃO;18733;AS2366 M - POTE HERMÉTICO 900ML;UN;39241000;180,00;0,00;0,00;1,30;16,00;234,00;2880,00
Loja: 2 - NEWSHOP COMERCIO LTDA  ( DEPOSITO);Local: 15 - GALPÃO;18741;AS2365 M - POTE HERMÉTICO 500ML;UN;39241000;102,00;0,00;0,00;1,30;14,00;132,60;1428,00
Loja: 2 - NEWSHOP COMERCIO LTDA  ( DEPOSITO);Local: 15 - GALPÃO;18742;AS2365 P - POTE HERMÉTICO 200ML;UN;39241000;43,00;0,00;0,00;1,39;7,00;59,77;301,00
Loja: 2 - NEWSHOP COMERCIO LTDA  ( DEPOSITO);Local: 15 - GALPÃO;19069;AS2133 M4- PODE HERMÉTICO;UN;39241000;4,00;0,00;0,00;2,79;30,00;11,16;120,00
Loja: 2 - NEWSHOP COMERCIO LTDA  ( DEPOSITO);Local: 15 - GALPÃO;19364;MS5664 - PORTA JOIAS COM A SUPERFCIE;UN;42029200;400,00;0,00;0,00;8,22;15,00;3288,00;6000,00
Loja: 2 - NEWSHOP COMERCIO LTDA  ( DEPOSITO);Local: 15 - GALPÃO;19365;MS1836 - PORTA JIAS COM A SUPERFCIE;UN;42029200;1250,00;0,00;0,00;3,16;0,00;3950,00;0,00
Loja: 2 - NEWSHOP COMERCIO LTDA  ( DEPOSITO);Local: 15 - GALPÃO;19368;MS1834  - PORTA JIAS COM A SUPERFCIE;UN;42029200;4100,00;0,00;0,00;1,17;9,99;4797,00;40959,00
Loja: 2 - NEWSHOP COMERCIO LTDA  ( DEPOSITO);Local: 15 - GALPÃO;19371;MS1832 - IGNORA E USAR 11296;UN;42029200;450,00;0,00;0,00;10,49;29,00;4720,50;13050,00
Loja: 2 - NEWSHOP COMERCIO LTDA  ( DEPOSITO);Local: 15 - GALPÃO;19374;MS5666 - PORTA JOIAS COM A SUPERFCIE;UN;42029200;252,00;0,00;0,00;24,65;59,00;6211,80;14868,00
Loja: 2 - NEWSHOP COMERCIO LTDA  ( DEPOSITO);Local: 15 - GALPÃO;19375;MS5667 - PORTA JOIAS COM A SUPERFCIE;UN;42029200;168,00;0,00;0,00;37,29;99,00;6264,72;16632,00
Loja: 2 - NEWSHOP COMERCIO LTDA  ( DEPOSITO);Local: 15 - GALPÃO;19377;MS5668 - PORTA JOIAS COM A SUPERFCIE;UN;42029200;200,00;0,00;0,00;16,18;27,00;3236,00;5400,00
Loja: 2 - NEWSHOP COMERCIO LTDA  ( DEPOSITO);Local: 15 - GALPÃO;19378;MS5669 - PORTA JOIAS COM A SUPERFCIE;UN;42029200;350,00;0,00;0,00;35,39;28,00;12386,50;9800,00
Loja: 2 - NEWSHOP COMERCIO LTDA  ( DEPOSITO);Local: 15 - GALPÃO;19379;MS1835 - IGNORA E USAR 14433;UN;42029200;264,00;0,00;0,00;6,13;0,00;1618,32;0,00
Loja: 2 - NEWSHOP COMERCIO LTDA  ( DEPOSITO);Local: 15 - GALPÃO;19380;MS5670  - PORTA JOIAS COM A SUPERFCIE;UN;42029200;216,00;0,00;0,00;44,24;119,00;9555,84;25704,00
Loja: 2 - NEWSHOP COMERCIO LTDA  ( DEPOSITO);Local: 15 - GALPÃO;19395;MS5679 - PORTA JIAS COM A SUPERFCIE;UN;42029200;96,00;0,00;0,00;6,13;99,00;588,48;9504,00
Loja: 2 - NEWSHOP COMERCIO LTDA  ( DEPOSITO);Local: 15 - GALPÃO;19402;MS5684 - PORTA JIAS COM A SUPERFCIE;UN;42029200;84,00;0,00;0,00;61,94;159,00;5202,96;13356,00
Loja: 2 - NEWSHOP COMERCIO LTDA  ( DEPOSITO);Local: 15 - GALPÃO;19653;YT2530 SAPATEIRA DOBRAVEL 6 ANDARES 105*255*345CM;UN;94037000;12,00;0,00;0,00;35,73;183,00;428,76;2196,00
Loja: 2 - NEWSHOP COMERCIO LTDA  ( DEPOSITO);Local: 15 - GALPÃO;19654;YT2555 PORTA OVOS TIPO GAVETA  14*20.5*22.5CM;UN;39241000;48,00;0,00;0,00;3,67;39,50;176,16;1896,00
Loja: 2 - NEWSHOP COMERCIO LTDA  ( DEPOSITO);Local: 15 - GALPÃO;19912;MAZ-103 SC - ESPREMEDOR DE FRUTAS PORTATIL MODELO MAZ-103 MARCA;UN;85098090;240,00;0,00;0,00;13,65;49,99;3276,00;11997,60
Loja: 2 - NEWSHOP COMERCIO LTDA  ( DEPOSITO);Local: 15 - GALPÃO;19990;CC1100 - VASO PARA PLANTAS EM MATERIAL PLSTICO;UN;39269090;96,00;0,00;0,00;0,72;8,50;69,12;816,00
Loja: 2 - NEWSHOP COMERCIO LTDA  ( DEPOSITO);Local: 15 - GALPÃO;20002;UY2108 - BANDEJA PARA FRITADEIRA DE AR AYR;UN;39241000;7400,00;0,00;0,00;0,83;11,00;6142,00;81400,00
Loja: 2 - NEWSHOP COMERCIO LTDA  ( DEPOSITO);Local: 15 - GALPÃO;20009;CC1118 - BANDEJA COM TAMPA EMSUPORTE PARA BOLOS UTILIZAD;UN;39241000;84,00;0,00;0,00;9,58;96,00;804,72;8064,00
Loja: 2 - NEWSHOP COMERCIO LTDA  ( DEPOSITO);Local: 15 - GALPÃO;20013;"CC1149 - ""BANDEJA  COM ALAS DE APOIO UTLIZADA PARA SE";UN;39241000;480,00;0,00;0,00;1,56;20,00;748,80;9600,00
Loja: 2 - NEWSHOP COMERCIO LTDA  ( DEPOSITO);Local: 15 - GALPÃO;20014;"CC1150 - ""BANDEJA  COM ALAS DE APOIO";UN;39241000;360,00;0,00;0,00;2,23;24,00;802,80;8640,00
Loja: 2 - NEWSHOP COMERCIO LTDA  ( DEPOSITO);Local: 15 - GALPÃO;20017;"CC1151 - ""BANDEJA ECOM ALAS DE APOIO";UN;39241000;300,00;0,00;0,00;3,06;30,00;918,00;9000,00
Loja: 2 - NEWSHOP COMERCIO LTDA  ( DEPOSITO);Local: 15 - GALPÃO;20018;CC1160 - SUPORTE  COM 3 NVEIS;UN;39241000;288,00;0,00;0,00;4,46;46,00;1284,48;13248,00
Loja: 2 - NEWSHOP COMERCIO LTDA  ( DEPOSITO);Local: 15 - GALPÃO;20019;"CC1161 - ""SUPORTE  COM 3 NVEI";UN;39241000;180,00;0,00;0,00;5,18;53,00;932,40;9540,00
Loja: 2 - NEWSHOP COMERCIO LTDA  ( DEPOSITO);Local: 15 - GALPÃO;20020;"CC1162 - ""SUPORTE  ACRLICO COM 2 NVEI";UN;39241000;280,00;0,00;0,00;4,57;39,00;1279,60;10920,00
Loja: 2 - NEWSHOP COMERCIO LTDA  ( DEPOSITO);Local: 15 - GALPÃO;20021;"CC1163 - ""SUPORTE COM 3 NVEI";UN;39241000;84,00;0,00;0,00;9,41;97,00;790,44;8148,00
Loja: 2 - NEWSHOP COMERCIO LTDA  ( DEPOSITO);Local: 15 - GALPÃO;20022;CC1164 - SUPORTE   COM 2 NVEI;UN;39241000;112,00;0,00;0,00;7,63;66,50;854,56;7448,00
Loja: 2 - NEWSHOP COMERCIO LTDA  ( DEPOSITO);Local: 15 - GALPÃO;20023;"CC1231 - ""CONJUNTO COM 4 POTES COM TAMPA";UN;39241000;960,00;0,00;0,00;0,67;9,50;643,20;9120,00
Loja: 2 - NEWSHOP COMERCIO LTDA  ( DEPOSITO);Local: 15 - GALPÃO;20024;CC2331 - POTE PARA COZINHA COM CORPO E TAMPA;UN;39241000;1320,00;0,00;0,00;1,50;19,00;1980,00;25080,00
Loja: 2 - NEWSHOP COMERCIO LTDA  ( DEPOSITO);Local: 15 - GALPÃO;20026;UY2103 - FORMA  DESCARTAVL  PARA FRITADEIRA DE AR AY;UN;39241000;1680,00;0,00;0,00;0,67;10,50;1125,60;17640,00
Loja: 2 - NEWSHOP COMERCIO LTDA  ( DEPOSITO);Local: 15 - GALPÃO;20027;UY2104 - FORMA DESCARTAVL  PARA FRITADEIRA DE AR AY;UN;39241000;2160,00;0,00;0,00;0,78;10,50;1684,80;22680,00
Loja: 2 - NEWSHOP COMERCIO LTDA  ( DEPOSITO);Local: 15 - GALPÃO;20032;UY2105 - BANDEJA  PARA FRITADEIRA DE AR AYR;UN;39241000;1000,00;0,00;0,00;1,00;13,00;1000,00;13000,00
Loja: 2 - NEWSHOP COMERCIO LTDA  ( DEPOSITO);Local: 15 - GALPÃO;20034;UY2106 - BANDEJA PARA FRITADEIRA DE AR AY;UN;39241000;1200,00;0,00;0,00;0,78;10,50;936,00;12600,00
Loja: 2 - NEWSHOP COMERCIO LTDA  ( DEPOSITO);Local: 15 - GALPÃO;20036;UY2107 - BANDEJA PARA FRITADEIRA DE AR A;UN;39241000;1500,00;0,00;0,00;0,61;8,00;915,00;12000,00
Loja: 2 - NEWSHOP COMERCIO LTDA  ( DEPOSITO);Local: 15 - GALPÃO;20038;UY2109 - BANDEJA  PARA FRITADEIRA DE AR;UN;39241000;8400,00;0,00;0,00;1,00;11,00;8400,00;92400,00
Loja: 2 - NEWSHOP COMERCIO LTDA  ( DEPOSITO);Local: 15 - GALPÃO;20039;UY2110 - BANDEJA PARA FRITADEIRA DE AR AYR;UN;39241000;2880,00;0,00;0,00;0,78;15,00;2246,40;43200,00
Loja: 2 - NEWSHOP COMERCIO LTDA  ( DEPOSITO);Local: 15 - GALPÃO;20040;UY2111 - FORMA DE PICOLÉ;UN;39241000;120,00;0,00;0,00;1,61;25,00;193,20;3000,00
Loja: 2 - NEWSHOP COMERCIO LTDA  ( DEPOSITO);Local: 15 - GALPÃO;20041;UY2112 - FORMA DE PICOLÉ;UN;39241000;240,00;0,00;0,00;1,73;25,00;415,20;6000,00
Loja: 2 - NEWSHOP COMERCIO LTDA  ( DEPOSITO);Local: 15 - GALPÃO;20044;UY2114 BANDEJA PARA FRITADEIRA DE AR AYR;UN;39241000;800,00;0,00;0,00;1,11;19,00;888,00;15200,00
Loja: 2 - NEWSHOP COMERCIO LTDA  ( DEPOSITO);Local: 15 - GALPÃO;20045;UY2115 BANDEJA D PARA FRITADEIRA DE AR AYR;UN;39241000;800,00;0,00;0,00;0,83;15,00;664,00;12000,00
Loja: 2 - NEWSHOP COMERCIO LTDA  ( DEPOSITO);Local: 15 - GALPÃO;20050;UY2118 FORMA DE SILICONE;UN;39241000;720,00;0,00;0,00;0,95;18,00;684,00;12960,00
Loja: 2 - NEWSHOP COMERCIO LTDA  ( DEPOSITO);Local: 15 - GALPÃO;20051;UY2119 FORMA DE SILICONE;UN;39241000;720,00;0,00;0,00;0,83;16,00;597,60;11520,00
Loja: 2 - NEWSHOP COMERCIO LTDA  ( DEPOSITO);Local: 15 - GALPÃO;20052;UY2120 BANDEJA DPARA FRITADEIRA DE AR AYR;UN;39241000;1400,00;0,00;0,00;0,72;14,00;1008,00;19600,00
Loja: 2 - NEWSHOP COMERCIO LTDA  ( DEPOSITO);Local: 15 - GALPÃO;20053;"UY2121 ""BANDEJA  PARA FRITADEIRA DE AR AYR";UN;39241000;400,00;0,00;0,00;0,89;15,00;356,00;6000,00
Loja: 2 - NEWSHOP COMERCIO LTDA  ( DEPOSITO);Local: 15 - GALPÃO;20054;UY2122FORMA PARA AIRFRYER SILICONE;UN;39241000;1400,00;0,00;0,00;0,72;14,00;1008,00;19600,00
Loja: 2 - NEWSHOP COMERCIO LTDA  ( DEPOSITO);Local: 15 - GALPÃO;20055;UY2123 FORMA PARA AIRFRYER SILICONE;UN;39241000;1400,00;0,00;0,00;0,72;16,00;1008,00;22400,00
Loja: 2 - NEWSHOP COMERCIO LTDA  ( DEPOSITO);Local: 15 - GALPÃO;20057;UY2125 FORMA PARA AIRFRYER SILICONE;UN;39241000;6800,00;0,00;0,00;2,07;12,00;14076,00;81600,00
Loja: 2 - NEWSHOP COMERCIO LTDA  ( DEPOSITO);Local: 15 - GALPÃO;20058;"CC1175 ""SUPORTE  MINI VARAL PARA PEAS NTIMAS COM 16 PREN";UN;39249000;84,00;0,00;0,00;1,45;25,00;121,80;2100,00
Loja: 2 - NEWSHOP COMERCIO LTDA  ( DEPOSITO);Local: 15 - GALPÃO;20059;"CC1176 ""SUPORTE MINI VARAL PARA PEAS NTIMAS COM 24 PREN";UN;39249000;36,00;0,00;0,00;3,34;49,00;120,24;1764,00
Loja: 2 - NEWSHOP COMERCIO LTDA  ( DEPOSITO);Local: 15 - GALPÃO;20069;"CC1191 ""SUPORTE UTILIZADO COMO PORTA ESCOVA DE DEN";UN;39249000;560,00;0,00;0,00;0,89;10,00;498,40;5600,00
Loja: 2 - NEWSHOP COMERCIO LTDA  ( DEPOSITO);Local: 15 - GALPÃO;20158;UY2124 FORMA PARA AIRFRYER SILICONE;UN;39241000;1400,00;0,00;0,00;0,78;14,00;1092,00;19600,00
Loja: 2 - NEWSHOP COMERCIO LTDA  ( DEPOSITO);Local: 15 - GALPÃO;20161;MF8205-E ESTOJO QUADRADO  22*15*6 CM;UN;42029200;14,00;0,00;0,00;7,09;339,00;99,26;4746,00
Loja: 2 - NEWSHOP COMERCIO LTDA  ( DEPOSITO);Local: 15 - GALPÃO;20185;MF8208-E ESTOJO QUADRADO  22*15*6 CM;UN;42029200;10,00;0,00;0,00;6,58;279,00;65,80;2790,00
Loja: 2 - NEWSHOP COMERCIO LTDA  ( DEPOSITO);Local: 15 - GALPÃO;20251;MF8204-18 MOCHILA JUVENIL FEMININA 445*32*145CM;UN;42029200;48,00;0,00;0,00;17,22;101,00;826,56;4848,00
Loja: 2 - NEWSHOP COMERCIO LTDA  ( DEPOSITO);Local: 15 - GALPÃO;20268;MF8205-EST4 ESTOJO JUVENIL FEMININO  QUATRO DIVISORIAS 20*125*8CM;UN;42029200;48,00;0,00;0,00;7,59;44,50;364,32;2136,00
Loja: 2 - NEWSHOP COMERCIO LTDA  ( DEPOSITO);Local: 15 - GALPÃO;20272;MF8208-GAR BOLSA PORTA GARRAFAS JUVENIL  23*155*95CM;UN;42022220;5,00;0,00;0,00;5,56;29,50;27,80;147,50
Loja: 2 - NEWSHOP COMERCIO LTDA  ( DEPOSITO);Local: 15 - GALPÃO;20275;MF8204-LAN LANCHEIRA TIPO MOCHILA  26*195*12CM;UN;42029200;48,00;0,00;0,00;8,86;46,50;425,28;2232,00
Loja: 2 - NEWSHOP COMERCIO LTDA  ( DEPOSITO);Local: 15 - GALPÃO;21003;BM-F1116 POTE DE PLASTICO COM TAMPA HERMETICA E COPINHO MEDIDOR;UN;39239090;88,00;0,00;0,00;2,20;25,00;193,60;2200,00
Loja: 2 - NEWSHOP COMERCIO LTDA  ( DEPOSITO);Local: 15 - GALPÃO;22387;MCH018 CAIXA DE JOIAS;UN;39241000;960,00;0,00;0,00;5,50;9,99;5280,00;9590,40
Loja: 2 - NEWSHOP COMERCIO LTDA  ( DEPOSITO);Local: 15 - GALPÃO;22727;ZH2073 ORGANIZADOR MULTIUSO;UN;39249000;228,00;0,00;0,00;13,77;92,00;3139,56;20976,00
Loja: 2 - NEWSHOP COMERCIO LTDA  ( DEPOSITO);Local: 15 - GALPÃO;22728;ZH2074  ORGANIZADOR MULTIUSO;UN;39249000;228,00;0,00;0,00;14,27;95,00;3253,56;21660,00
Loja: 2 - NEWSHOP COMERCIO LTDA  ( DEPOSITO);Local: 15 - GALPÃO;22747;ZH2093 ORGANIZADOR MULTIUSO;UN;39249000;56,00;0,00;0,00;19,63;99,00;1099,28;5544,00
Loja: 2 - NEWSHOP COMERCIO LTDA  ( DEPOSITO);Local: 15 - GALPÃO;22748;ZH2094 ORGANIZADOR MULTIUSO;UN;39249000;56,00;0,00;0,00;19,63;99,00;1099,28;5544,00
Loja: 2 - NEWSHOP COMERCIO LTDA  ( DEPOSITO);Local: 15 - GALPÃO;22749;ZH2095 ORGANIZADOR MULTIUSO;UN;39249000;56,00;0,00;0,00;18,86;99,00;1056,16;5544,00
Loja: 2 - NEWSHOP COMERCIO LTDA  ( DEPOSITO);Local: 15 - GALPÃO;22751;ZH2053 ORGANIZADOR MULTIUSO;UN;39249000;1152,00;0,00;0,00;0,87;10,00;1002,24;11520,00
Loja: 2 - NEWSHOP COMERCIO LTDA  ( DEPOSITO);Local: 15 - GALPÃO;22753;ZH2054 ORGANIZADOR MULTIUSO;UN;39249000;1152,00;0,00;0,00;0,87;10,00;1002,24;11520,00
Loja: 2 - NEWSHOP COMERCIO LTDA  ( DEPOSITO);Local: 15 - GALPÃO;22754;ZH2055 ORGANIZADOR MULTIUSO;UN;39249000;1056,00;0,00;0,00;0,87;10,00;918,72;10560,00
Loja: 2 - NEWSHOP COMERCIO LTDA  ( DEPOSITO);Local: 15 - GALPÃO;22755;ZH2056 ORGANIZADOR MULTIUSO;UN;39249000;1056,00;0,00;0,00;0,87;10,00;918,72;10560,00
Loja: 2 - NEWSHOP COMERCIO LTDA  ( DEPOSITO);Local: 15 - GALPÃO;22757;ZH2057 ORGANIZADOR MULTIUSO;UN;39249000;576,00;0,00;0,00;2,02;15,00;1163,52;8640,00
Loja: 2 - NEWSHOP COMERCIO LTDA  ( DEPOSITO);Local: 15 - GALPÃO;22758;ZH2058 ORGANIZADOR MULTIUSO;UN;39249000;384,00;0,00;0,00;2,02;15,00;775,68;5760,00
Loja: 2 - NEWSHOP COMERCIO LTDA  ( DEPOSITO);Local: 15 - GALPÃO;22759;ZH2061 ORGANIZADOR MULTIUSO;UN;39249000;576,00;0,00;0,00;1,80;15,00;1036,80;8640,00
Loja: 2 - NEWSHOP COMERCIO LTDA  ( DEPOSITO);Local: 15 - GALPÃO;22760;ZH2062 ORGANIZADOR MULTIUSO;UN;39249000;576,00;0,00;0,00;1,80;16,00;1036,80;9216,00
Loja: 2 - NEWSHOP COMERCIO LTDA  ( DEPOSITO);Local: 15 - GALPÃO;22761;ZH2099 POTE PARA COZINHA CO;UN;39241000;1200,00;0,00;0,00;4,81;45,00;5772,00;54000,00
Loja: 2 - NEWSHOP COMERCIO LTDA  ( DEPOSITO);Local: 15 - GALPÃO;22763;ZH2100 POTE PARA COZINHA CO;UN;39241000;720,00;0,00;0,00;6,83;58,00;4917,60;41760,00
Loja: 2 - NEWSHOP COMERCIO LTDA  ( DEPOSITO);Local: 15 - GALPÃO;22764;ZH2101 POTE PARA COZINHA CO;UN;39241000;1080,00;0,00;0,00;6,01;51,50;6490,80;55620,00
Loja: 2 - NEWSHOP COMERCIO LTDA  ( DEPOSITO);Local: 15 - GALPÃO;22765;ZH2102 POTE PARA COZINHA CO;UN;39241000;1440,00;0,00;0,00;4,65;45,00;6696,00;64800,00
Loja: 2 - NEWSHOP COMERCIO LTDA  ( DEPOSITO);Local: 15 - GALPÃO;22858;CPV-0081 - NECESSAIRE DE POLIESTER CAPIVARA;UN;42029200;3,00;0,00;0,00;15,20;36,50;45,60;109,50
Loja: 2 - NEWSHOP COMERCIO LTDA  ( DEPOSITO);Local: 15 - GALPÃO;23812;CC3002 ORGANIZADOR 18CM TIPO RACK;UN;94037000;24,00;0,00;0,00;13,96;249,00;335,04;5976,00
Loja: 2 - NEWSHOP COMERCIO LTDA  ( DEPOSITO);Local: 15 - GALPÃO;23815;CC3001 SUPORTE  PRATELEIRA;UN;39249000;560,00;0,00;0,00;1,00;7,00;560,00;3920,00
Loja: 2 - NEWSHOP COMERCIO LTDA  ( DEPOSITO);Local: 15 - GALPÃO;23817;CC3003 ORGANIZADOR 41*18*595CM TIPO RACK;UN;94037000;5,00;0,00;0,00;25,22;289,00;126,10;1445,00
Loja: 2 - NEWSHOP COMERCIO LTDA  ( DEPOSITO);Local: 15 - GALPÃO;23818;CC3004 ORGANIZADOR 41*18*78CM TIPO RACK;UN;94037000;15,00;0,00;0,00;37,70;365,00;565,50;5475,00
Loja: 2 - NEWSHOP COMERCIO LTDA  ( DEPOSITO);Local: 15 - GALPÃO;23819;CC3005 ORGANIZADOR 41*18*97CM TIPO RACK;UN;94037000;15,00;0,00;0,00;54,28;449,00;814,20;6735,00
Loja: 2 - NEWSHOP COMERCIO LTDA  ( DEPOSITO);Local: 15 - GALPÃO;23822;CC3008 ORGANIZADOR 60*37*141CM TIPO RACK;UN;94037000;-35,00;0,00;0,00;99,85;669,00;-3494,75;-23415,00
Loja: 2 - NEWSHOP COMERCIO LTDA  ( DEPOSITO);Local: 15 - GALPÃO;23823;MS3011 ORGANIZADOR TIPO RACK;UN;94037000;516,00;0,00;0,00;36,64;0,00;18906,24;0,00
Loja: 2 - NEWSHOP COMERCIO LTDA  ( DEPOSITO);Local: 15 - GALPÃO;23825;MS3010 SUPORTE TIPO PRATELEIRA EM MATERIAL;UN;39249000;20,00;0,00;0,00;0,58;0,00;11,60;0,00
Loja: 2 - NEWSHOP COMERCIO LTDA  ( DEPOSITO);Local: 15 - GALPÃO;24398;NW6424 FIO DE MICRO LED 50 LAMPADAS VERMELHO FIXA - 3 PILHAS AA;UN;94053100;240,00;0,00;0,00;1,68;9,90;403,20;2376,00
Loja: 2 - NEWSHOP COMERCIO LTDA  ( DEPOSITO);Local: 15 - GALPÃO;24399;NW6426 FIO DE MICRO LED 50 LAMPADAS AZUL FIXA - 3 PILHAS AA;UN;94053100;66,00;0,00;0,00;1,68;9,90;110,88;653,40
Loja: 2 - NEWSHOP COMERCIO LTDA  ( DEPOSITO);Local: 15 - GALPÃO;24425;CX10060A ARVORE DE NATAL VD C/50 GALHOS 60CM;UN;95051000;415,00;0,00;0,00;5,63;11,50;2336,45;4772,50
Loja: 2 - NEWSHOP COMERCIO LTDA  ( DEPOSITO);Local: 15 - GALPÃO;24427;CX10090A  ARVORE DE NATAL VD C/90 GALHOS 90CM;UN;95051000;406,00;0,00;0,00;4,03;23,00;1636,18;9338,00
Loja: 2 - NEWSHOP COMERCIO LTDA  ( DEPOSITO);Local: 15 - GALPÃO;24428;CX10120A ARVORE DE NATAL VD C/120 GALHOS 120M;UN;95051000;339,00;0,00;0,00;6,26;36,00;2122,14;12204,00
Loja: 2 - NEWSHOP COMERCIO LTDA  ( DEPOSITO);Local: 15 - GALPÃO;24429;NW009C1002 PISCA-PISCA 100 LAMPADAS LED BR FIO TRANSP 9M 8F 220V;UN;94053100;280,00;0,00;0,00;1,84;9,90;515,20;2772,00
Loja: 2 - NEWSHOP COMERCIO LTDA  ( DEPOSITO);Local: 15 - GALPÃO;24430;NW009M1002 PISCA-PISCA 100 LAMPADAS LED COLOR FIO TRANSP  9M 8F 220V;UN;94053100;670,00;0,00;0,00;5,39;9,90;3611,30;6633,00
Loja: 2 - NEWSHOP COMERCIO LTDA  ( DEPOSITO);Local: 15 - GALPÃO;24432;NW009VM1002 PISCA-PISCA 100 LAMPADAS LED VM FIO TRANSP 9M 8F 220V;UN;94053100;152,00;0,00;0,00;1,84;9,90;279,68;1504,80
Loja: 2 - NEWSHOP COMERCIO LTDA  ( DEPOSITO);Local: 15 - GALPÃO;24434;NW084C2002 CASCATA PISCA-PISCA 200LAMP LED BR 38M 8F 220V;UN;94053100;25,00;0,00;0,00;6,34;33,50;158,50;837,50
Loja: 2 - NEWSHOP COMERCIO LTDA  ( DEPOSITO);Local: 15 - GALPÃO;24435;NW084C4002 CASCATA PISCA-PISCA 400 LAMPADAS LED BR 95M  8F 220V;UN;94053100;240,00;0,00;0,00;12,69;67,00;3045,60;16080,00
Loja: 2 - NEWSHOP COMERCIO LTDA  ( DEPOSITO);Local: 15 - GALPÃO;24438;CX10120B ARVORE DE NATAL NEVADA C/120 GALHOS 120M;UN;95051000;30,00;0,00;0,00;6,26;36,00;187,80;1080,00
Loja: 2 - NEWSHOP COMERCIO LTDA  ( DEPOSITO);Local: 15 - GALPÃO;24439;CX10150A  ARVORE DE NATAL VD C/220 GALHOS 150M;UN;95051000;10,00;0,00;0,00;11,98;69,00;119,80;690,00
Loja: 2 - NEWSHOP COMERCIO LTDA  ( DEPOSITO);Local: 15 - GALPÃO;24441;NW084M2002 CASCATA PISCA-PISCA 200LAMP LED COLOR 8F 38M 220V;UN;94053100;516,00;0,00;0,00;6,34;33,50;3271,44;17286,00
Loja: 2 - NEWSHOP COMERCIO LTDA  ( DEPOSITO);Local: 15 - GALPÃO;24442;NW084M4002 CASCATA PISCA-PISCA 400 LAMPADAS LED COLOR 8F 95M 220V;UN;94053100;306,00;0,00;0,00;12,69;67,00;3883,14;20502,00
Loja: 2 - NEWSHOP COMERCIO LTDA  ( DEPOSITO);Local: 15 - GALPÃO;24446;NW6427 FIO DE MICRO LED 50 LAMP.COLORIDO FIXA 3 PILHAS AA 5M;UN;94053100;78,00;0,00;0,00;1,68;9,90;131,04;772,20
Loja: 2 - NEWSHOP COMERCIO LTDA  ( DEPOSITO);Local: 15 - GALPÃO;24475;CX10210B ARVORE DE NATAL NEVADA C/450 GALHOS 210M;UN;95051000;7,00;0,00;0,00;84,51;169,00;591,57;1183,00
Loja: 2 - NEWSHOP COMERCIO LTDA  ( DEPOSITO);Local: 15 - GALPÃO;24476;CX10240A ARVORE DE NATAL VD C/600 GALHOS 240M;UN;95051000;34,00;0,00;0,00;125,19;250,00;4256,46;8500,00
Loja: 2 - NEWSHOP COMERCIO LTDA  ( DEPOSITO);Local: 15 - GALPÃO;24479;JLT-41 FESTAO MET SORT 3 FITAS 7 CM X 2 M (APROXIMADAMENTE);UN;95051000;816,00;0,00;0,00;1,41;3,00;1150,56;2448,00
Loja: 2 - NEWSHOP COMERCIO LTDA  ( DEPOSITO);Local: 15 - GALPÃO;24483;KX2374 BOLA MISTA VD 4CM C/ 12 UNIDADES;UN;95051000;659,00;0,00;0,00;5,87;9,90;3868,33;6524,10
Loja: 2 - NEWSHOP COMERCIO LTDA  ( DEPOSITO);Local: 15 - GALPÃO;24484;KX9680 BOLA MISTA FOSCA /LISA /GLITTER ROSE 3CM C/ 15 UNIDADES;UN;95051000;193,00;0,00;0,00;4,23;7,00;816,39;1351,00
Loja: 2 - NEWSHOP COMERCIO LTDA  ( DEPOSITO);Local: 15 - GALPÃO;24485;KX9683 BOLA MISTA FOSCA /LISA /GLITTER ROSE 4CM C/ 15 UNIDADES;UN;95051000;198,00;0,00;0,00;6,74;11,50;1334,52;2277,00
Loja: 2 - NEWSHOP COMERCIO LTDA  ( DEPOSITO);Local: 15 - GALPÃO;24486;WF1205 GUIRLANDA SISAL PAPAI NOEL/ LACO18CM X 18CM;UN;95051000;33,00;0,00;0,00;3,70;21,50;122,10;709,50
Loja: 2 - NEWSHOP COMERCIO LTDA  ( DEPOSITO);Local: 15 - GALPÃO;24491;KX9688 BOLA MISTA FOSCA /LISA /GLITTER ROSE 6CM;UN;95051000;80,00;0,00;0,00;8,99;15,50;719,20;1240,00
Loja: 2 - NEWSHOP COMERCIO LTDA  ( DEPOSITO);Local: 15 - GALPÃO;24497;RMT1996 SACOLA DE PAPEL PAPAI NOEL/BONECO DE NEVE 26CMX125CMX32CM;UN;48194000;34,00;0,00;0,00;2,49;5,50;84,66;187,00
Loja: 2 - NEWSHOP COMERCIO LTDA  ( DEPOSITO);Local: 15 - GALPÃO;24498;RMT1997 SACOLA DE PAPEL PAPAI NOEL/BONECO DE NEVE 32CMX11.5CMX42CM;UN;48194000;2,00;0,00;0,00;2,79;6,00;5,58;12,00
Loja: 2 - NEWSHOP COMERCIO LTDA  ( DEPOSITO);Local: 15 - GALPÃO;24500;RMT2001 SACOLACX.PLUS DE PAPEL PAPAINOEL/BONECO D/NV.32CMX11CMX30CM;UN;48194000;82,00;0,00;0,00;3,09;7,00;253,38;574,00
Loja: 2 - NEWSHOP COMERCIO LTDA  ( DEPOSITO);Local: 15 - GALPÃO;24501;RMT2003 SAC. DE PLAST.PP TRANSP.PAPAINOEL/BNCO D/NV.215CMX10CMX22CM;UN;39232990;62,00;0,00;0,00;3,61;8,00;223,82;496,00
Loja: 2 - NEWSHOP COMERCIO LTDA  ( DEPOSITO);Local: 15 - GALPÃO;24503;RMT2004 SAC.CX.PLUS/PAPEL P/VINHOPAPAINOEL/BNCO/D/NV.9CMX9CMX385CM;UN;48194000;240,00;0,00;0,00;2,25;5,00;540,00;1200,00
Loja: 2 - NEWSHOP COMERCIO LTDA  ( DEPOSITO);Local: 15 - GALPÃO;24504;RMT2007 SACOLA DE PAPEL BISCOITO NATAL 26CM X125CM X 32CM;UN;48194000;11,00;0,00;0,00;2,72;6,00;29,92;66,00
Loja: 2 - NEWSHOP COMERCIO LTDA  ( DEPOSITO);Local: 15 - GALPÃO;24505;RMT2038 SACOLA DE PAPEL QUADRICULADA PT/BR 18CM X 10CM X 23CM;UN;48194000;240,00;0,00;0,00;1,84;4,00;441,60;960,00
Loja: 2 - NEWSHOP COMERCIO LTDA  ( DEPOSITO);Local: 15 - GALPÃO;24508;RMT2704 CONJUNTO DE ETIQUETAS NATALINO DE/PARA;UN;48219000;480,00;0,00;0,00;2,54;5,00;1219,20;2400,00
Loja: 2 - NEWSHOP COMERCIO LTDA  ( DEPOSITO);Local: 15 - GALPÃO;24509;TD-8065 GUIRLANDA SISAL PINHA/PRESENTE 23 CM;UN;95051000;46,00;0,00;0,00;5,22;30,00;240,12;1380,00
Loja: 2 - NEWSHOP COMERCIO LTDA  ( DEPOSITO);Local: 15 - GALPÃO;24511;TD3877 BOLA MISTA FOSCA/LISA/GLITTER 3CM 2 SORT AZ C/ 15 PECAS;UN;95051000;580,00;0,00;0,00;4,06;7,00;2354,80;4060,00
Loja: 2 - NEWSHOP COMERCIO LTDA  ( DEPOSITO);Local: 15 - GALPÃO;24513;TD3880 BOLA FACETADA 3CM PR C/ 15 PECAS;UN;95051000;204,00;0,00;0,00;4,06;7,00;828,24;1428,00
Loja: 2 - NEWSHOP COMERCIO LTDA  ( DEPOSITO);Local: 15 - GALPÃO;24516;WF1660 BOLA TRANSPARENTE ACHATADA P/ FOTO C/ LACO 10CM;UN;95051000;64,00;0,00;0,00;1,57;7,50;100,48;480,00
Loja: 2 - NEWSHOP COMERCIO LTDA  ( DEPOSITO);Local: 15 - GALPÃO;24517;WF1930 FECHO PRATICO METALICO P/ EMBALAGEN;UN;95051000;1200,00;0,00;0,00;0,29;1,50;348,00;1800,00
Loja: 2 - NEWSHOP COMERCIO LTDA  ( DEPOSITO);Local: 15 - GALPÃO;24519;WF721 GUIRLANDA CEREJEIRA/ FITAS 24CM - 1 UNIDADE;UN;95051000;39,00;0,00;0,00;5,38;31,00;209,82;1209,00
Loja: 2 - NEWSHOP COMERCIO LTDA  ( DEPOSITO);Local: 15 - GALPÃO;24520;XD5372 ENFEITE FESTAO ARAMADO VD 180 GALHOS 25CM X 270CM;UN;95051000;252,00;0,00;0,00;21,13;42,50;5324,76;10710,00
Loja: 2 - NEWSHOP COMERCIO LTDA  ( DEPOSITO);Local: 15 - GALPÃO;24521;YJ6081 FITA TEIA C/ GLITTER SORT 63CM X 3M;UN;95051000;254,00;0,00;0,00;3,59;7,00;911,86;1778,00
Loja: 2 - NEWSHOP COMERCIO LTDA  ( DEPOSITO);Local: 15 - GALPÃO;24522;YJ6088 FITA ARAMADA  LINHAS SORT 5CM X 3M;UN;95051000;320,00;0,00;0,00;5,63;11,50;1801,60;3680,00
Loja: 2 - NEWSHOP COMERCIO LTDA  ( DEPOSITO);Local: 15 - GALPÃO;24523;YJ6089 FITA ARAMADA  LINHAS SORT 38CM X 3M C/ 24 UNIDADES;UN;95051000;692,00;0,00;0,00;4,70;9,50;3252,40;6574,00
Loja: 2 - NEWSHOP COMERCIO LTDA  ( DEPOSITO);Local: 15 - GALPÃO;24524;YJ6090 FITA ARAMADA GLITTER SORT 63CM X 3M;UN;95051000;23,00;0,00;0,00;1,86;10,50;42,78;241,50
Loja: 2 - NEWSHOP COMERCIO LTDA  ( DEPOSITO);Local: 15 - GALPÃO;24525;YJ6092 FITA ARAMADA GLITTER SORT 38CM X 3M;UN;95051000;832,00;0,00;0,00;3,76;7,50;3128,32;6240,00
Loja: 2 - NEWSHOP COMERCIO LTDA  ( DEPOSITO);Local: 15 - GALPÃO;24527;YJ6093 FITA ARAMADA JUTA SORT 63CM X 3M;UN;95051000;288,00;0,00;0,00;5,47;11,00;1575,36;3168,00
Loja: 2 - NEWSHOP COMERCIO LTDA  ( DEPOSITO);Local: 15 - GALPÃO;24528;YJ6096 FITA ARAMADA XADREZ SORT 63CM X 3M;UN;95051000;288,00;0,00;0,00;5,33;10,50;1535,04;3024,00
Loja: 2 - NEWSHOP COMERCIO LTDA  ( DEPOSITO);Local: 15 - GALPÃO;24530;YJ6098 FITA ARAMADA XADREZ SORT 38CM X 3M 24 UNIDADES;UN;95051000;810,00;0,00;0,00;4,23;8,50;3426,30;6885,00
Loja: 2 - NEWSHOP COMERCIO LTDA  ( DEPOSITO);Local: 15 - GALPÃO;24531;YJ6097 FITA ARAMADA XADREZ SORT 5CM X 3M;UN;95051000;320,00;0,00;0,00;4,53;9,00;1449,60;2880,00
Loja: 2 - NEWSHOP COMERCIO LTDA  ( DEPOSITO);Local: 15 - GALPÃO;24533;YJ6100 FITA ARAMADA C/ GLITTER SORT 63CM X 3M;UN;95051000;288,00;0,00;0,00;1,09;6,00;313,92;1728,00
Loja: 2 - NEWSHOP COMERCIO LTDA  ( DEPOSITO);Local: 15 - GALPÃO;24535;YJ6101 FITA ARAMADA C/ GLITTER SORT 5CM X 3M;UN;95051000;1120,00;0,00;0,00;2,82;5,50;3158,40;6160,00
Loja: 2 - NEWSHOP COMERCIO LTDA  ( DEPOSITO);Local: 15 - GALPÃO;24536;YJ6102 FITA ARAMADA C/ GLITTER SORT 38CM X 3M;UN;95051000;1248,00;0,00;0,00;2,51;5,00;3132,48;6240,00
Loja: 2 - NEWSHOP COMERCIO LTDA  ( DEPOSITO);Local: 15 - GALPÃO;24537;YJ7046 FITA ARAMADA RISCOS DR 38CM X 3M;UN;95051000;1096,00;0,00;0,00;3,76;7,50;4120,96;8220,00
Loja: 2 - NEWSHOP COMERCIO LTDA  ( DEPOSITO);Local: 15 - GALPÃO;24620;JX5651 - MASSA ACRÍLICA PARA TEXTURA BRILHOSA  JX5659;UN;39189000;128,00;0,00;0,00;6,47;99,00;828,16;12672,00
Loja: 2 - NEWSHOP COMERCIO LTDA  ( DEPOSITO);Local: 15 - GALPÃO;24621;JX5650 - MASSA ACRÍLICA PARA TEXTURA BRILHOSA JX5658;UN;39189000;126,00;0,00;0,00;6,47;99,00;815,22;12474,00
Loja: 2 - NEWSHOP COMERCIO LTDA  ( DEPOSITO);Local: 15 - GALPÃO;24622;JX5649 - MASSA ACRÍLICA PARA TEXTURA BRILHOSA  JX5657;UN;39189000;153,00;0,00;0,00;6,47;99,00;989,91;15147,00
Loja: 2 - NEWSHOP COMERCIO LTDA  ( DEPOSITO);Local: 15 - GALPÃO;24623;JX5648 - MASSA ACRÍLICA PARA TEXTURA BRILHOSA   JX5656;UN;39189000;128,00;0,00;0,00;6,47;99,00;828,16;12672,00
Loja: 2 - NEWSHOP COMERCIO LTDA  ( DEPOSITO);Local: 15 - GALPÃO;24624;JX5647 - MASSA ACRÍLICA PARA TEXTURA BRILHOSA   JX5655;UN;39189000;128,00;0,00;0,00;6,47;99,00;828,16;12672,00
Loja: 2 - NEWSHOP COMERCIO LTDA  ( DEPOSITO);Local: 15 - GALPÃO;24625;JX5646 - MASSA ACRÍLICA PARA TEXTURA BRILHOSA  JX5654;UN;39189000;128,00;0,00;0,00;6,47;99,00;828,16;12672,00
Loja: 2 - NEWSHOP COMERCIO LTDA  ( DEPOSITO);Local: 15 - GALPÃO;24626;JX5645 - MASSA ACRÍLICA PARA TEXTURA BRILHOSA JX5653;UN;39189000;128,00;0,00;0,00;6,47;99,00;828,16;12672,00
Loja: 2 - NEWSHOP COMERCIO LTDA  ( DEPOSITO);Local: 15 - GALPÃO;24627;JX5644 - MASSA ACRÍLICA PARA TEXTURA BRILHOSA  JX5652;UN;39189000;128,00;0,00;0,00;6,47;99,00;828,16;12672,00
Loja: 2 - NEWSHOP COMERCIO LTDA  ( DEPOSITO);Local: 15 - GALPÃO;24966;NW009AZ1002 PISCA-PISCA 100 LAMPADAS LED AZ FIO TRANSP AZ  9M 8F 220V;UN;94053100;220,00;0,00;0,00;1,84;9,90;404,80;2178,00
Loja: 2 - NEWSHOP COMERCIO LTDA  ( DEPOSITO);Local: 15 - GALPÃO;24967;NW1481002 PISCA-PISCA 100 LAMPADAS COLOR ARROZ 35M 8F 220V;UN;94053100;331,00;0,00;0,00;1,55;8,00;513,05;2648,00
Loja: 2 - NEWSHOP COMERCIO LTDA  ( DEPOSITO);Local: 15 - GALPÃO;24969;NW009LL1002 PISCA-PISCA 100 LAMPADAS LED LILAS FIO TRANSP 9M  8F 220V;UN;94053100;60,00;0,00;0,00;5,39;9,90;323,40;594,00
Loja: 2 - NEWSHOP COMERCIO LTDA  ( DEPOSITO);Local: 15 - GALPÃO;24971;KX2372 BOLA MISTA DR 4CM C/ 12 UNIDADES;UN;95051000;979,00;0,00;0,00;2,04;9,90;1997,16;9692,10
Loja: 2 - NEWSHOP COMERCIO LTDA  ( DEPOSITO);Local: 15 - GALPÃO;24973;KX2373 BOLA MISTA VM 4CM C/ 12 UNIDADES;UN;95051000;96,00;0,00;0,00;2,04;9,90;195,84;950,40
Loja: 2 - NEWSHOP COMERCIO LTDA  ( DEPOSITO);Local: 15 - GALPÃO;24974;JLT-11 FESTAO MET 5 FITAS SORT 10 CM X 2 M (APROXIMADAMENTE);UN;95051000;445,00;0,00;0,00;2,82;5,50;1254,90;2447,50
Loja: 2 - NEWSHOP COMERCIO LTDA  ( DEPOSITO);Local: 15 - GALPÃO;24975;TD3875 BOLA MISTA FOSCA/LISA/GLITTER 3CM DR C/ 15 PECAS;UN;95051000;832,00;0,00;0,00;4,06;7,00;3377,92;5824,00
Loja: 2 - NEWSHOP COMERCIO LTDA  ( DEPOSITO);Local: 15 - GALPÃO;24977;TD3874 BOLA MISTA FOSCA/LISA/GLITTER 3CM VM C/ 15 PECAS;UN;95051000;174,00;0,00;0,00;4,06;7,00;706,44;1218,00
Loja: 2 - NEWSHOP COMERCIO LTDA  ( DEPOSITO);Local: 15 - GALPÃO;24978;TD3879 BOLA FACETADA 3CM DR C/ 15 PECAS;UN;95051000;426,00;0,00;0,00;4,06;7,00;1729,56;2982,00
Loja: 2 - NEWSHOP COMERCIO LTDA  ( DEPOSITO);Local: 15 - GALPÃO;24997;ZH2096 ORGANIZADOR MULTIUSO PARA PRODUTOS DE MAQUIAGEM;UN;39249000;-8,00;0,00;0,00;21,60;149,00;-172,80;-1192,00
Loja: 2 - NEWSHOP COMERCIO LTDA  ( DEPOSITO);Local: 15 - GALPÃO;24998;ZH2077 ORGANIZADOR MULTIUSO PARA PRODUTOS DE MAQUIAGEM;UN;39249000;-24,00;0,00;0,00;9,22;59,00;-221,28;-1416,00
Loja: 2 - NEWSHOP COMERCIO LTDA  ( DEPOSITO);Local: 15 - GALPÃO;24999;ZH2072 ORGANIZADOR MULTIUSO PARA PRODUTOS DE MAQUIAGEM;UN;39249000;24,00;0,00;0,00;2,61;69,90;62,64;1677,60
Loja: 2 - NEWSHOP COMERCIO LTDA  ( DEPOSITO);Local: 15 - GALPÃO;25001;CC1177 SUPORTE EM MATERIAL PLSTICO TIPO MINI VARAL PARA USO DOMESTICO COM 16 PRE;UN;39249000;-4,00;0,00;0,00;4,17;0,00;-16,68;0,00
Loja: 2 - NEWSHOP COMERCIO LTDA  ( DEPOSITO);Local: 15 - GALPÃO;25004;CC1212 POTE TIPO VASILHA COM FECHAMENTO POR TAMPA EM MATERIAL PLSTICO PARA ARMAZ;UN;39241000;-2,00;0,00;0,00;1,57;0,00;-3,14;0,00
Loja: 2 - NEWSHOP COMERCIO LTDA  ( DEPOSITO);Local: 15 - GALPÃO;25005;CC1137 POTE TIPO VASILHA COM FECHAMENTO POR TAMPA EM MATERIAL PLSTICO PARA ARMAZ;UN;39241000;-16,00;0,00;0,00;0,00;0,00;0,00;0,00
Loja: 2 - NEWSHOP COMERCIO LTDA  ( DEPOSITO);Local: 15 - GALPÃO;25006;CC1136 POTE TIPO VASILHA COM FECHAMENTO POR TAMPA EM MATERIAL PLSTICO PARA ARMAZ;UN;39241000;-16,00;0,00;0,00;0,00;0,00;0,00;0,00
Loja: 2 - NEWSHOP COMERCIO LTDA  ( DEPOSITO);Local: 15 - GALPÃO;25009;CC1114 SUPORTE TIPO CABIDE EM MATERIAL PLSTICO EM FORMA DE GANCHO PARA SER FIXAD;UN;39269090;-30,00;0,00;0,00;0,70;0,00;-21,00;0,00
Loja: 2 - NEWSHOP COMERCIO LTDA  ( DEPOSITO);Local: 15 - GALPÃO;25015;ES43800 ESTOJO TRIPLO FEMININO;UN;42029200;9,00;0,00;0,00;58,38;99,00;525,42;891,00
Loja: 2 - NEWSHOP COMERCIO LTDA  ( DEPOSITO);Local: 15 - GALPÃO;25017;ZH2098 PORTA CONDIMENTO KIT 2 PCS C/ VEDAÇÃO;UN;39241000;1044,00;0,00;0,00;4,95;55,00;5167,80;57420,00
Loja: 2 - NEWSHOP COMERCIO LTDA  ( DEPOSITO);Local: 15 - GALPÃO;25022;YU2163  KIT 2 TAPETES ENBORRACHADO;UN;39249000;-240,00;0,00;0,00;0,00;34,90;0,00;-8376,00
Loja: 2 - NEWSHOP COMERCIO LTDA  ( DEPOSITO);Local: 15 - GALPÃO;25034;ZH2097 RTA CONDIMENTO KIT 2 PCS C/ VEDAÇÃO;UN;39241000;792,00;0,00;0,00;6,65;62,00;5266,80;49104,00
Loja: 2 - NEWSHOP COMERCIO LTDA  ( DEPOSITO);Local: 15 - GALPÃO;25035;ZH2064 PORTA COTONETE ACRILICO C/ TAMPA DE BAMBU;UN;39241000;288,00;0,00;0,00;0,90;14,50;259,20;4176,00
Loja: 2 - NEWSHOP COMERCIO LTDA  ( DEPOSITO);Local: 15 - GALPÃO;25036;ZH2063  PORTA COTONETE  DE ACRÍLICO;UN;39241000;288,00;0,00;0,00;0,90;16,00;259,20;4608,00
Loja: 2 - NEWSHOP COMERCIO LTDA  ( DEPOSITO);Local: 15 - GALPÃO;25038;ZH2060 PORTA COTONETE ACRILICO C/ TAMPA DE BAMBU;UN;39241000;720,00;0,00;0,00;1,65;29,50;1188,00;21240,00
Loja: 2 - NEWSHOP COMERCIO LTDA  ( DEPOSITO);Local: 15 - GALPÃO;25039;ZH2059 KIT  POTES ACETATO 2UN;UN;39241000;720,00;0,00;0,00;1,65;28,00;1188,00;20160,00
Loja: 2 - NEWSHOP COMERCIO LTDA  ( DEPOSITO);Local: 15 - GALPÃO;25048;"MJ43788 MOCHILA FEMININA 17""";UN;42029200;2,00;0,00;0,00;78,59;149,00;157,18;298,00
Loja: 2 - NEWSHOP COMERCIO LTDA  ( DEPOSITO);Local: 15 - GALPÃO;25055;AD1036 PLACA EM MATERIAL PLSTICO AUTO ADESIVO PARA REVESTIMENTOS EM PAREDES COM;UN;39189000;480,00;0,00;0,00;1,27;0,00;609,60;0,00
Loja: 2 - NEWSHOP COMERCIO LTDA  ( DEPOSITO);Local: 15 - GALPÃO;25056;AD1035 PLACA EM MATERIAL PLSTICO AUTO ADESIVO PARA REVESTIMENTOS EM PAREDES COM;UN;39189000;120,00;0,00;0,00;1,27;0,00;152,40;0,00
Loja: 2 - NEWSHOP COMERCIO LTDA  ( DEPOSITO);Local: 15 - GALPÃO;25057;AD2301 PLACA EM MATERIAL PLSTICO AUTO ADESIVO PARA REVESTIMENTOS EM PAREDES COM;UN;39189000;480,00;0,00;0,00;1,27;0,00;609,60;0,00
Loja: 2 - NEWSHOP COMERCIO LTDA  ( DEPOSITO);Local: 15 - GALPÃO;25058;AD2299 PLACA EM MATERIAL PLSTICO AUTO ADESIVO PARA REVESTIMENTOS EM PAREDES COM;UN;39189000;480,00;0,00;0,00;1,27;0,00;609,60;0,00
Loja: 2 - NEWSHOP COMERCIO LTDA  ( DEPOSITO);Local: 15 - GALPÃO;25059;AD2298 PLACA EM MATERIAL PLSTICO AUTO ADESIVO PARA REVESTIMENTOS EM PAREDES COM;UN;39189000;480,00;0,00;0,00;12,70;0,00;6096,00;0,00
Loja: 2 - NEWSHOP COMERCIO LTDA  ( DEPOSITO);Local: 15 - GALPÃO;25060;AD2297 PLACA EM MATERIAL PLSTICO AUTO ADESIVO PARA REVESTIMENTOS EM PAREDES COM;UN;39189000;480,00;0,00;0,00;1,27;0,00;609,60;0,00
Loja: 2 - NEWSHOP COMERCIO LTDA  ( DEPOSITO);Local: 15 - GALPÃO;25061;AD2295 PLACA EM MATERIAL PLSTICO AUTO ADESIVO PARA REVESTIMENTOS EM PAREDES COM;UN;39189000;480,00;0,00;0,00;1,27;0,00;609,60;0,00
Loja: 2 - NEWSHOP COMERCIO LTDA  ( DEPOSITO);Local: 15 - GALPÃO;25062;AD2294 PLACA EM MATERIAL PLSTICO AUTO ADESIVO PARA REVESTIMENTOS EM PAREDES COM;UN;39189000;360,00;0,00;0,00;1,27;0,00;457,20;0,00
Loja: 2 - NEWSHOP COMERCIO LTDA  ( DEPOSITO);Local: 15 - GALPÃO;25063;ES43795 ESTOJO TRIPLO FEMININO;UN;42029200;5,00;0,00;0,00;43,65;83,00;218,25;415,00
Loja: 2 - NEWSHOP COMERCIO LTDA  ( DEPOSITO);Local: 15 - GALPÃO;25064;AD2293 PLACA EM MATERIAL PLSTICO AUTO ADESIVO PARA REVESTIMENTOS EM PAREDES COM;UN;39189000;480,00;0,00;0,00;1,27;0,00;609,60;0,00
Loja: 2 - NEWSHOP COMERCIO LTDA  ( DEPOSITO);Local: 15 - GALPÃO;25065;AD2292 PLACA EM MATERIAL PLSTICO AUTO ADESIVO PARA REVESTIMENTOS EM PAREDES COM;UN;39189000;480,00;0,00;0,00;1,27;0,00;609,60;0,00
Loja: 2 - NEWSHOP COMERCIO LTDA  ( DEPOSITO);Local: 15 - GALPÃO;25067;ES43791 ESTOJO BOX FEMININO;UN;42029200;6,00;0,00;0,00;34,91;66,50;209,46;399,00
Loja: 2 - NEWSHOP COMERCIO LTDA  ( DEPOSITO);Local: 15 - GALPÃO;25068;AD2291 PLACA EM MATERIAL PLSTICO AUTO ADESIVO PARA REVESTIMENTOS EM PAREDES COM;UN;39189000;240,00;0,00;0,00;1,27;0,00;304,80;0,00
Loja: 2 - NEWSHOP COMERCIO LTDA  ( DEPOSITO);Local: 15 - GALPÃO;25069;AD2290 PLACA EM MATERIAL PLSTICO AUTO ADESIVO PARA REVESTIMENTOS EM PAREDES COM;UN;39189000;600,00;0,00;0,00;1,27;0,00;762,00;0,00
Loja: 2 - NEWSHOP COMERCIO LTDA  ( DEPOSITO);Local: 15 - GALPÃO;25070;"MJ43804 MOCHILA FEMININA 17""";UN;42029200;12,00;0,00;0,00;61,12;116,00;733,44;1392,00
Loja: 2 - NEWSHOP COMERCIO LTDA  ( DEPOSITO);Local: 15 - GALPÃO;25071;AD2274 PLACA EM MATERIAL PLSTICO AUTO ADESIVO PARA REVESTIMENTOS EM PAREDES COM;UN;39189000;120,00;0,00;0,00;1,11;0,00;133,20;0,00
Loja: 2 - NEWSHOP COMERCIO LTDA  ( DEPOSITO);Local: 15 - GALPÃO;25072;AD1022 PLACA EM MATERIAL PLSTICO AUTO ADESIVO PARA REVESTIMENTOS EM PAREDES COM;UN;39189000;240,00;0,00;0,00;1,17;0,00;280,80;0,00
Loja: 2 - NEWSHOP COMERCIO LTDA  ( DEPOSITO);Local: 15 - GALPÃO;25073;AD1021 PLACA EM MATERIAL PLSTICO AUTO ADESIVO PARA REVESTIMENTOS EM PAREDES COM;UN;39189000;480,00;0,00;0,00;1,11;0,00;532,80;0,00
Loja: 2 - NEWSHOP COMERCIO LTDA  ( DEPOSITO);Local: 15 - GALPÃO;25074;AD1019 PLACA EM MATERIAL PLSTICO AUTO ADESIVO PARA REVESTIMENTOS EM PAREDES COM;UN;39189000;-960,00;0,00;0,00;34,20;79,90;-32832,00;-76704,00
Loja: 2 - NEWSHOP COMERCIO LTDA  ( DEPOSITO);Local: 15 - GALPÃO;25076;"MJ43805 MOCHILA FEMININA 10""";UN;42029200;9,00;0,00;0,00;52,38;99,00;471,42;891,00
Loja: 2 - NEWSHOP COMERCIO LTDA  ( DEPOSITO);Local: 15 - GALPÃO;25078;"MI43784 MOCHILA INFANTIL FEMININA 17""";UN;42029200;4,00;0,00;0,00;61,12;116,00;244,48;464,00
Loja: 2 - NEWSHOP COMERCIO LTDA  ( DEPOSITO);Local: 15 - GALPÃO;25150;ES43787 ESTOJO DUPLO FEMININO;UN;42029200;2,00;0,00;0,00;26,21;50,00;52,42;100,00
Loja: 2 - NEWSHOP COMERCIO LTDA  ( DEPOSITO);Local: 15 - GALPÃO;25158;ND7590 - BOLAS DE NATAL;UN;95051000;3,00;0,00;0,00;0,93;10,00;2,79;30,00
Loja: 2 - NEWSHOP COMERCIO LTDA  ( DEPOSITO);Local: 15 - GALPÃO;25788;ARV552B ARVORE NATALINA DE MESA NEVADA CAIDA C  BOLA 15X15X30CM;UN;95051000;41,00;0,00;0,00;43,75;79,00;1793,75;3239,00
Loja: 2 - NEWSHOP COMERCIO LTDA  ( DEPOSITO);Local: 15 - GALPÃO;25793;BOL727A BOLA NATALINA COLOR DECORADA MISTA 8CM;UN;95051000;5,00;0,00;0,00;9,56;17,00;47,80;85,00
Loja: 2 - NEWSHOP COMERCIO LTDA  ( DEPOSITO);Local: 15 - GALPÃO;25796;ENF2825 ENFEITE NATALINO DECORATIVO 36CM;UN;95051000;3,00;0,00;0,00;76,25;137,00;228,75;411,00
Loja: 2 - NEWSHOP COMERCIO LTDA  ( DEPOSITO);Local: 15 - GALPÃO;25799;ENF3541B ENFEITE NATALINO P  PENDURAR VERDE C  MARSALA;UN;95051000;1,00;0,00;0,00;3,22;6,00;3,22;6,00
Loja: 2 - NEWSHOP COMERCIO LTDA  ( DEPOSITO);Local: 15 - GALPÃO;25882;QQ5284 CESTO MULTIUSO ORGANIZADOR - POLÌESTERINOX - TAMANHO:47CMX28CMX20CM;UN;39249000;1250,00;0,00;0,00;8,47;21,00;10587,50;26250,00
Loja: 2 - NEWSHOP COMERCIO LTDA  ( DEPOSITO);Local: 15 - GALPÃO;25919;BM-NO3 PISCA-PISCA DE LED DECORATIVO - TEMATICO DE NATAL;UN;94053100;30,00;0,00;0,00;1,48;16,00;44,40;480,00
Loja: 2 - NEWSHOP COMERCIO LTDA  ( DEPOSITO);Local: 15 - GALPÃO;25922;BM-NO8 PISCA-PISCA DE LED DECORATIVO TEMATICO DE NATAL TENSAO: 220V;UN;94053100;4,00;0,00;0,00;2,88;31,00;11,52;124,00
Loja: 2 - NEWSHOP COMERCIO LTDA  ( DEPOSITO);Local: 15 - GALPÃO;25923;BM-N02 PISCA-PISCA DE LED DECORATIVO - TEMATICO DE NATAL;UN;94053100;105,00;0,00;0,00;2,19;19,50;229,95;2047,50
Loja: 2 - NEWSHOP COMERCIO LTDA  ( DEPOSITO);Local: 15 - GALPÃO;25924;BM-NO10 PISCA-PISCA DE LED DECORATIVO TEMATICO DE NATAL;UN;94053100;18,00;0,00;0,00;3,90;42,00;70,20;756,00
Loja: 2 - NEWSHOP COMERCIO LTDA  ( DEPOSITO);Local: 15 - GALPÃO;25927;BM-NO30 ARTIGOS PARA FESTA/DECORACAO DE NATAL;UN;95051000;6,00;0,00;0,00;21,40;95,50;128,40;573,00
Loja: 2 - NEWSHOP COMERCIO LTDA  ( DEPOSITO);Local: 15 - GALPÃO;25928;BM-N033 ARTIGOS PARA FESTA/DECORACAO DE NATAL;UN;95051000;6,00;0,00;0,00;14,74;80,50;88,44;483,00
Loja: 2 - NEWSHOP COMERCIO LTDA  ( DEPOSITO);Local: 15 - GALPÃO;25930;BM-N012 PISCA-PISCA DE LED - RGB BRA E AM;UN;94053100;320,00;0,00;0,00;5,73;47,00;1833,60;15040,00
Loja: 2 - NEWSHOP COMERCIO LTDA  ( DEPOSITO);Local: 15 - GALPÃO;25932;BM-NO4 PISCA-PISCA DE LED RGB AM E BRA;UN;94053100;22,00;0,00;0,00;1,62;17,50;35,64;385,00
Loja: 2 - NEWSHOP COMERCIO LTDA  ( DEPOSITO);Local: 15 - GALPÃO;25936;YJ6091 FITA ARAMADA GLITTER SORT 5CM X 3M C/ 20 UNIDADES;UN;95051000;600,00;0,00;0,00;1,58;9,00;948,00;5400,00
Loja: 2 - NEWSHOP COMERCIO LTDA  ( DEPOSITO);Local: 15 - GALPÃO;25940;RMT2701 CARTAO NATALINO C/ ENVELOPE 135CM X 95CM C/ 4 UNIDADES;UN;49090000;578,00;0,00;0,00;0,91;6,00;525,98;3468,00
Loja: 2 - NEWSHOP COMERCIO LTDA  ( DEPOSITO);Local: 15 - GALPÃO;25941;TD3882 BOLA BOLINHAS 3CM VM C/ 15 PECAS;UN;95051000;259,00;0,00;0,00;1,41;7,00;365,19;1813,00
Loja: 2 - NEWSHOP COMERCIO LTDA  ( DEPOSITO);Local: 15 - GALPÃO;25978;KX3580 BOLA MISTA GLITTER/ FOSCA/ LISA/ VAZADA CHAMPANHE 6CM C/ 30;UN;95051000;7,00;0,00;0,00;14,16;69,00;99,12;483,00
Loja: 2 - NEWSHOP COMERCIO LTDA  ( DEPOSITO);Local: 15 - GALPÃO;25989;WF1678 GUIRLANDA NOEL FELIZ NATAL 20CM;UN;95051000;52,00;0,00;0,00;4,62;26,50;240,24;1378,00
Loja: 2 - NEWSHOP COMERCIO LTDA  ( DEPOSITO);Local: 15 - GALPÃO;25991;WF115 CORDA C/ BOTAS FELIZ NATAL / PREGADOR;UN;95051000;23,00;0,00;0,00;5,38;28,00;123,74;644,00
Loja: 2 - NEWSHOP COMERCIO LTDA  ( DEPOSITO);Local: 15 - GALPÃO;25994;DF2488 PICK FLOR LILAS C/ GLITTER 32CM;UN;67029000;39,00;0,00;0,00;4,43;23,50;172,77;916,50
Loja: 2 - NEWSHOP COMERCIO LTDA  ( DEPOSITO);Local: 15 - GALPÃO;25998;XTS0813 ENFEITE NATALINO BONECO RAPEL LISTRAS CZ 30CM;UN;95051000;22,00;0,00;0,00;8,71;45,00;191,62;990,00
Loja: 2 - NEWSHOP COMERCIO LTDA  ( DEPOSITO);Local: 15 - GALPÃO;25999;KX3585 BOLA MISTA 3D/ FOSCA/ LISA/ VAZADA C/ GLITTER VM 6CM C/ 9 UN;UN;95051000;144,00;0,00;0,00;3,48;17,00;501,12;2448,00
Loja: 2 - NEWSHOP COMERCIO LTDA  ( DEPOSITO);Local: 15 - GALPÃO;26001;WFH1250 ENFEITE VARAL FELIZ NATAL 14CM X 150CM 1VARAL;UN;95051000;36,00;0,00;0,00;5,11;26,50;183,96;954,00
Loja: 2 - NEWSHOP COMERCIO LTDA  ( DEPOSITO);Local: 15 - GALPÃO;26009;JJ3746 ENFEITE NATALINO TREM MUSICAL  C/LED 31.4 X 9.8 X 17CM;UN;95051000;4,00;0,00;0,00;87,18;449,00;348,72;1796,00
Loja: 2 - NEWSHOP COMERCIO LTDA  ( DEPOSITO);Local: 15 - GALPÃO;26010;WF1730 PENDENTE PAETE PERNAS DR C/ GUIZO 13CM X 27CM;UN;95051000;63,00;0,00;0,00;2,17;11,00;136,71;693,00
Loja: 2 - NEWSHOP COMERCIO LTDA  ( DEPOSITO);Local: 15 - GALPÃO;26015;WF1842 CONJUNTO DE LACOS VM 15CM X 17CM;UN;95051000;41,00;0,00;0,00;1,22;6,50;50,02;266,50
Loja: 2 - NEWSHOP COMERCIO LTDA  ( DEPOSITO);Local: 15 - GALPÃO;26016;WF1535 PENDENTE PAPAI NOEL HOHO/FELIZ NATAL C/ 2 GUIZOS;UN;95051000;39,00;0,00;0,00;3,67;21,00;143,13;819,00
Loja: 2 - NEWSHOP COMERCIO LTDA  ( DEPOSITO);Local: 15 - GALPÃO;26017;SW4719 ENF ARVORE C/ 12 LED 40CM (3 BATERIAS LR44;UN;95051000;58,00;0,00;0,00;4,30;22,00;249,40;1276,00
Loja: 2 - NEWSHOP COMERCIO LTDA  ( DEPOSITO);Local: 15 - GALPÃO;26026;WF1787 PENDENTE CAMURCA ESTRELA VM 10CM;UN;95051000;165,00;0,00;0,00;0,98;5,00;161,70;825,00
Loja: 2 - NEWSHOP COMERCIO LTDA  ( DEPOSITO);Local: 15 - GALPÃO;26028;WF1848 CONJUNTO DE LACOS VM 15CM X 17CM;UN;95051000;200,00;0,00;0,00;1,22;7,00;244,00;1400,00
Loja: 2 - NEWSHOP COMERCIO LTDA  ( DEPOSITO);Local: 15 - GALPÃO;26029;WF1918 ENFEITE DE PENDURAR FELIZ NATAL 8CM X 90CM;UN;95051000;36,00;0,00;0,00;1,79;10,50;64,44;378,00
Loja: 2 - NEWSHOP COMERCIO LTDA  ( DEPOSITO);Local: 15 - GALPÃO;26035;QG8160 ENFEIT LUMINOSO SALGUEIRO CHORAO 360LEDS BRQ FIXO 110CM 220V;UN;94054200;1,00;0,00;0,00;52,87;279,00;52,87;279,00
Loja: 2 - NEWSHOP COMERCIO LTDA  ( DEPOSITO);Local: 15 - GALPÃO;26036;BSW1146 RENA NATALINA MUSICAL/ MOVIMENTO 27CM;UN;95051000;4,00;0,00;0,00;35,96;186,00;143,84;744,00
Loja: 2 - NEWSHOP COMERCIO LTDA  ( DEPOSITO);Local: 15 - GALPÃO;26037;KX5669 KIT BOLAS DR / PONTEIRA ESTRELA DR 101 PECAS;UN;95051000;5,00;0,00;0,00;21,79;119,00;108,95;595,00
Loja: 2 - NEWSHOP COMERCIO LTDA  ( DEPOSITO);Local: 15 - GALPÃO;26047;XTS3938 GUIRLANDA SISAL BONECOS CASAL VM/BR 35CM;UN;95051000;12,00;0,00;0,00;15,80;81,50;189,60;978,00
Loja: 2 - NEWSHOP COMERCIO LTDA  ( DEPOSITO);Local: 15 - GALPÃO;26050;WF1741 FAIXA VERTICAL ARVORE FELIZ NATAL 8CM X 1M;UN;95051000;48,00;0,00;0,00;2,17;11,00;104,16;528,00
Loja: 2 - NEWSHOP COMERCIO LTDA  ( DEPOSITO);Local: 15 - GALPÃO;26051;XTX3723 ENFEITE NATALINO LAMPARINA FIGURAS C/ LED 255CM X 15CM X 33;UN;95051000;1,00;0,00;0,00;89,91;464,00;89,91;464,00
Loja: 2 - NEWSHOP COMERCIO LTDA  ( DEPOSITO);Local: 15 - GALPÃO;26053;BSW1148 RENA NATALINO MECANIZADO MUSICAL/ MOVIMENTO 33CM;UN;95051000;9,00;0,00;0,00;35,96;186,00;323,64;1674,00
Loja: 2 - NEWSHOP COMERCIO LTDA  ( DEPOSITO);Local: 15 - GALPÃO;26054;ML7457 PENDENTE PELUCIA ROSTO BONECO 16CM X 10CM;UN;95051000;116,00;0,00;0,00;1,22;7,00;141,52;812,00
Loja: 2 - NEWSHOP COMERCIO LTDA  ( DEPOSITO);Local: 15 - GALPÃO;26055;XTX3727 ENFEITE NATALINO LAMPARINA FIGURAS C/ LED 14CM X 14CM X 38CM;UN;95051000;7,00;0,00;0,00;62,66;324,00;438,62;2268,00
Loja: 2 - NEWSHOP COMERCIO LTDA  ( DEPOSITO);Local: 15 - GALPÃO;26056;WF1127 PENDENTE FELIZ NATAL 10CM X 44CM C/ 4 UNIDADES;UN;95051000;21,00;0,00;0,00;0,59;3,00;12,39;63,00
Loja: 2 - NEWSHOP COMERCIO LTDA  ( DEPOSITO);Local: 15 - GALPÃO;26057;WF1731 PENDENTE PAETE PERNAS VM C/ GUIZO 13CM X 27CM;UN;95051000;20,00;0,00;0,00;2,17;11,00;43,40;220,00
Loja: 2 - NEWSHOP COMERCIO LTDA  ( DEPOSITO);Local: 15 - GALPÃO;26058;WF1559 PENDENTE ESTRELA TRICOTADO 9CM X 9CM;UN;95051000;219,00;0,00;0,00;0,65;3,50;142,35;766,50
Loja: 2 - NEWSHOP COMERCIO LTDA  ( DEPOSITO);Local: 15 - GALPÃO;26059;BSW1151 PAPAI NOEL ENFEITE MECANIZADO MUSICAL/ MOVIMENTO 25CM;UN;95051000;11,00;0,00;0,00;29,96;155,00;329,56;1705,00
Loja: 2 - NEWSHOP COMERCIO LTDA  ( DEPOSITO);Local: 15 - GALPÃO;26064;XTX3730 ARVORE ENFEITE NATALINO C/ LED 185CM X 185CM X;UN;95051000;3,00;0,00;0,00;78,47;405,00;235,41;1215,00
Loja: 2 - NEWSHOP COMERCIO LTDA  ( DEPOSITO);Local: 15 - GALPÃO;26065;WF1561 PENDENTE ESTRELA TRICOTADO NOEL C/ GUIZO 13CM X 3CM X 13CM;UN;95051000;72,00;0,00;0,00;1,52;8,00;109,44;576,00
Loja: 2 - NEWSHOP COMERCIO LTDA  ( DEPOSITO);Local: 15 - GALPÃO;26066;BSW1149 PAPAI NOEL ENFEITE MECANIZADO MUSICAL/ MOVIMENTO  23CM;UN;95051000;14,00;0,00;0,00;25,06;129,00;350,84;1806,00
Loja: 2 - NEWSHOP COMERCIO LTDA  ( DEPOSITO);Local: 15 - GALPÃO;26067;WF1792 PENDENTE CAMURCA FLOCO DE NEVE VM 15CM;UN;95051000;237,00;0,00;0,00;1,52;8,00;360,24;1896,00
Loja: 2 - NEWSHOP COMERCIO LTDA  ( DEPOSITO);Local: 15 - GALPÃO;26068;XWS2935 GUIRLANDA RUSTICA   23CM X 9CM;UN;95051000;20,00;0,00;0,00;11,71;67,50;234,20;1350,00
Loja: 2 - NEWSHOP COMERCIO LTDA  ( DEPOSITO);Local: 15 - GALPÃO;26071;XTS7364 ENFEITE DE PENDURAR 3 BONECOS ESCADA/PLACA XADREZ RO 107CM;UN;95051000;33,00;0,00;0,00;11,43;59,00;377,19;1947,00
Loja: 2 - NEWSHOP COMERCIO LTDA  ( DEPOSITO);Local: 15 - GALPÃO;26072;OMG0993 ARRANJO NATALINO C/CASTICAL PINHAS E AZEVINHOS PARA 1 VELA 30CM;UN;95051000;1,00;0,00;0,00;12,53;65,00;12,53;65,00
Loja: 2 - NEWSHOP COMERCIO LTDA  ( DEPOSITO);Local: 15 - GALPÃO;26073;XWS2939 GUIRLANDA RUSTICA 30CM X 30CM X 9CM;UN;95051000;3,00;0,00;0,00;17,97;93,00;53,91;279,00
Loja: 2 - NEWSHOP COMERCIO LTDA  ( DEPOSITO);Local: 15 - GALPÃO;26076;XWS2940 ENFEITE ARRANJO CASTICAL RUSTICA P/2 VELAS 31CM X14CM X75CM;UN;94055000;2,00;0,00;0,00;9,62;53,00;19,24;106,00
Loja: 2 - NEWSHOP COMERCIO LTDA  ( DEPOSITO);Local: 15 - GALPÃO;26082;BH4102 PICK NATALINO FLOR VD OLIVA C/ GLITTER 30CM X 30CM;UN;67029000;24,00;0,00;0,00;3,59;19,00;86,16;456,00
Loja: 2 - NEWSHOP COMERCIO LTDA  ( DEPOSITO);Local: 15 - GALPÃO;26087;XTX3732 ENFEITE NATALINO LAMPARINA FIGURAS C/ LED 30CM X 16CM X 36CM;UN;95051000;3,00;0,00;0,00;87,18;450,00;261,54;1350,00
Loja: 2 - NEWSHOP COMERCIO LTDA  ( DEPOSITO);Local: 15 - GALPÃO;26089;XWS2938 ENFEITE ARRANJO CASTICAL RUSTICA P/ 1VELA 16CM X16CM X75CM;UN;94055000;4,00;0,00;0,00;7,19;39,50;28,76;158,00
Loja: 2 - NEWSHOP COMERCIO LTDA  ( DEPOSITO);Local: 15 - GALPÃO;26092;RS4794 PAPAI NOEL PARAQUEDISTA ENFEITE NATAL 39CM X 39CM X65CM;UN;95051000;8,00;0,00;0,00;32,69;169,00;261,52;1352,00
Loja: 2 - NEWSHOP COMERCIO LTDA  ( DEPOSITO);Local: 15 - GALPÃO;26094;XTX3726 ENFEITE NATALINO LAMPARINA FIGURAS C/LED 14CMX14CMX315CM;UN;95051000;6,00;0,00;0,00;45,22;233,00;271,32;1398,00
Loja: 2 - NEWSHOP COMERCIO LTDA  ( DEPOSITO);Local: 15 - GALPÃO;26099;CL3750 CENARIO NATALINO PARQUE BALANCO MOVIMENTO/ MUSICAL C/ LED 21;UN;95051000;4,00;0,00;0,00;87,18;450,00;348,72;1800,00
Loja: 2 - NEWSHOP COMERCIO LTDA  ( DEPOSITO);Local: 15 - GALPÃO;26102;TLJ2794 ENFEITE NATALINO BALAO C/PAPAI NOEL MUSICAL  C/LED 33CM X 33CM X 88CM;UN;95051000;6,00;0,00;0,00;83,91;433,00;503,46;2598,00
Loja: 2 - NEWSHOP COMERCIO LTDA  ( DEPOSITO);Local: 15 - GALPÃO;26105;WF1162 PONTEIRA ESTRELA ARABESCO C/ GLITTER 20CM X 20CM;UN;95051000;14,00;0,00;0,00;1,79;10,50;25,06;147,00
Loja: 2 - NEWSHOP COMERCIO LTDA  ( DEPOSITO);Local: 15 - GALPÃO;26108;SF5421 PENDENTE PERNAS DO ELFO VM/BR 11CM X 35CM X 12CM;UN;95051000;74,00;0,00;0,00;2,28;12,00;168,72;888,00
Loja: 2 - NEWSHOP COMERCIO LTDA  ( DEPOSITO);Local: 15 - GALPÃO;26112;XTS0818 ENFEITE NATALINO BONECO SENTADO C/ SACO CZ 17CM X 22CM;UN;95051000;47,00;0,00;0,00;8,71;45,00;409,37;2115,00
Loja: 2 - NEWSHOP COMERCIO LTDA  ( DEPOSITO);Local: 15 - GALPÃO;26114;CL3764 CENARIO NATALINO ALDEIA ELFOS XICARA MOVIMENTO C/ LED 23CM X;UN;95051000;3,00;0,00;0,00;89,91;464,00;269,73;1392,00
Loja: 2 - NEWSHOP COMERCIO LTDA  ( DEPOSITO);Local: 15 - GALPÃO;26115;SF5428 PENDENTE TRENZINHO NATALINO VERMELHO 49CM 5CM X 65CM;UN;95051000;28,00;0,00;0,00;2,28;12,00;63,84;336,00
Loja: 2 - NEWSHOP COMERCIO LTDA  ( DEPOSITO);Local: 15 - GALPÃO;26117;BSW1154 ENFEITE MECANIZADO MUSICAL/ MOVIMENTO PAPAI NOEL 28CM;UN;95051000;11,00;0,00;0,00;29,96;155,00;329,56;1705,00
Loja: 2 - NEWSHOP COMERCIO LTDA  ( DEPOSITO);Local: 15 - GALPÃO;26121;XWS2934 ENFEITE RENA RUSTICA  28CM X 10CM X 42CM;UN;95051000;34,00;0,00;0,00;14,13;152,00;480,42;5168,00
Loja: 2 - NEWSHOP COMERCIO LTDA  ( DEPOSITO);Local: 15 - GALPÃO;26133;HY7628 GUIRLANDA GALHOS C/ FRUTOS 50CM;UN;95051000;20,00;0,00;0,00;17,15;88,50;343,00;1770,00
Loja: 2 - NEWSHOP COMERCIO LTDA  ( DEPOSITO);Local: 15 - GALPÃO;26138;BSW1147 PAPAI NOEL ENFEITE MECANIZADO MUSICAL/ MOVIMENTO 33CM;UN;95051000;11,00;0,00;0,00;35,96;186,00;395,56;2046,00
Loja: 2 - NEWSHOP COMERCIO LTDA  ( DEPOSITO);Local: 15 - GALPÃO;26142;WCM5661 ENFEITE NATALINO LAMPARINA FIGURAS C/LED 12CM X 12CM X 18CM;UN;95051000;3,00;0,00;0,00;40,31;209,00;120,93;627,00
Loja: 2 - NEWSHOP COMERCIO LTDA  ( DEPOSITO);Local: 15 - GALPÃO;26146;WF1781 PENDENTE FLOCO DE NEVE C/ GLITTER 40CM;UN;95051000;6,00;0,00;0,00;8,98;46,50;53,88;279,00
Loja: 2 - NEWSHOP COMERCIO LTDA  ( DEPOSITO);Local: 15 - GALPÃO;26150;XTS0819 ENFEITE NATALINO BONECO EM PE C/ SACO CZ 16CM X 40CM;UN;95051000;2,00;0,00;0,00;10,89;56,50;21,78;113,00
Loja: 2 - NEWSHOP COMERCIO LTDA  ( DEPOSITO);Local: 15 - GALPÃO;26151;WF1845 CONJUNTO DE LACOS VM 15CM X 17CM;UN;95051000;256,00;0,00;0,00;1,22;7,00;312,32;1792,00
Loja: 2 - NEWSHOP COMERCIO LTDA  ( DEPOSITO);Local: 15 - GALPÃO;26154;QG8187 ENFEITE ILUMINADO ARVORE RETORCIDA LED BRQ 45CM BIVOLT;UN;94054200;4,00;0,00;0,00;22,90;121,00;91,60;484,00
Loja: 2 - NEWSHOP COMERCIO LTDA  ( DEPOSITO);Local: 15 - GALPÃO;26157;XTX3724 ENFEITE NATALINO LAMPARINA FIGURAS C/ LED 14CM X 14CM X 255;UN;95051000;6,00;0,00;0,00;40,31;209,00;241,86;1254,00
Loja: 2 - NEWSHOP COMERCIO LTDA  ( DEPOSITO);Local: 15 - GALPÃO;26170;XTS0809 BONECO DE NEVE PERNAS DE CORDA P/NOEL XADREZ 25CM;UN;95051000;29,00;0,00;0,00;2,17;12,50;62,93;362,50
Loja: 2 - NEWSHOP COMERCIO LTDA  ( DEPOSITO);Local: 15 - GALPÃO;26176;SW4737 ENFEITE ARVORE GALHOS  NEVADO C/ 12 LEDS 22CM 2 PILHAS AA;UN;95051000;18,00;0,00;0,00;6,80;35,00;122,40;630,00
Loja: 2 - NEWSHOP COMERCIO LTDA  ( DEPOSITO);Local: 15 - GALPÃO;26177;WFH1706 BONECO XADREZ C/ LED 18CM X 30CM;UN;95051000;16,00;0,00;0,00;6,80;39,00;108,80;624,00
Loja: 2 - NEWSHOP COMERCIO LTDA  ( DEPOSITO);Local: 15 - GALPÃO;26180;XTS7372 BONECO PELUCIA SACO PRESENTE XADREZ RO 20CM;UN;95051000;10,00;0,00;0,00;5,99;31,00;59,90;310,00
Loja: 2 - NEWSHOP COMERCIO LTDA  ( DEPOSITO);Local: 15 - GALPÃO;26189;XTX3735 ENFEITE NATALINO LAMPARINA FIGURAS C/ LED 12CM X 12CM X 18CM;UN;95051000;7,00;0,00;0,00;34,32;177,00;240,24;1239,00
Loja: 2 - NEWSHOP COMERCIO LTDA  ( DEPOSITO);Local: 15 - GALPÃO;26197;XTX3718 ENFEITE NATALINO MUSICAL CUPULA REDONDA C/ LED 12CM X 12CM X;UN;95051000;13,00;0,00;0,00;31,60;163,00;410,80;2119,00
Loja: 2 - NEWSHOP COMERCIO LTDA  ( DEPOSITO);Local: 15 - GALPÃO;26200;XTS7379 ENFEITE NATALINO- BONECO PAPAI NOEL ROSA 25CMX28CM;UN;95051000;13,00;0,00;0,00;10,61;55,00;137,93;715,00
Loja: 2 - NEWSHOP COMERCIO LTDA  ( DEPOSITO);Local: 15 - GALPÃO;26202;WCM5663 ENF.NATALINO LAMPARINA FIGURAS FIXA C/LED 12CM X 12CM X 18CM;UN;95051000;6,00;0,00;0,00;49,04;253,00;294,24;1518,00
Loja: 2 - NEWSHOP COMERCIO LTDA  ( DEPOSITO);Local: 15 - GALPÃO;26205;XWS2958 ENFEITE ARRANJO CASTICAL RUSTICA P/ 3 VELAS 28CM X13CM X8CM;UN;94055000;1,00;0,00;0,00;10,91;60,00;10,91;60,00
Loja: 2 - NEWSHOP COMERCIO LTDA  ( DEPOSITO);Local: 15 - GALPÃO;26214;HY5370 PICK NATALINO GALHOS RETORCIDOS DR C/ GLITTER 72CM;UN;95051000;5,00;0,00;0,00;1,52;8,00;7,60;40,00
Loja: 2 - NEWSHOP COMERCIO LTDA  ( DEPOSITO);Local: 15 - GALPÃO;26219;BH4095 PICK NATALINO FLOR CHAMPANHE C/ GLITTER 31CM X 30CM;UN;67029000;51,00;0,00;0,00;3,64;19,00;185,64;969,00
Loja: 2 - NEWSHOP COMERCIO LTDA  ( DEPOSITO);Local: 15 - GALPÃO;26224;WFH1705 BONECO XADREZ C/ LED 10CM X 25CM;UN;95051000;48,00;0,00;0,00;3,76;21,50;180,48;1032,00
Loja: 2 - NEWSHOP COMERCIO LTDA  ( DEPOSITO);Local: 15 - GALPÃO;26233;HS1141 ENFEITE DE MADEIRA VM CALENDARIO NATAL  76CM X 76CM X 17CM;UN;95051000;13,00;0,00;0,00;10,35;53,50;134,55;695,50
Loja: 2 - NEWSHOP COMERCIO LTDA  ( DEPOSITO);Local: 15 - GALPÃO;26240;MH3542 ENFEITE ILUMINADO URSO POLAR 3D/BRQ/60L 75CM X 43CM X 52CM;UN;95051000;5,00;0,00;0,00;174,38;899,00;871,90;4495,00
Loja: 2 - NEWSHOP COMERCIO LTDA  ( DEPOSITO);Local: 15 - GALPÃO;26245;XS1372 PRESEPIO DE RESINA 25CM X 18CM X 31CM;UN;95051000;1,00;0,00;0,00;35,96;186,00;35,96;186,00
Loja: 2 - NEWSHOP COMERCIO LTDA  ( DEPOSITO);Local: 15 - GALPÃO;26246;IMD3789 ENFEITE NATALINO RODA GIGANTE/MOVIMENTO/LED 38CM X 175CM X;UN;95051000;2,00;0,00;0,00;141,68;732,00;283,36;1464,00
Loja: 2 - NEWSHOP COMERCIO LTDA  ( DEPOSITO);Local: 15 - GALPÃO;26247;MH3545 ENFEITE ILUMINADO ARVORE 3D CHAMPAGNE C/ GLITTER/LED/BRQ/;UN;95051000;4,00;0,00;0,00;326,96;1690,00;1307,84;6760,00
Loja: 2 - NEWSHOP COMERCIO LTDA  ( DEPOSITO);Local: 15 - GALPÃO;26248;MH3541 ENFEITE ILUMINADO 2 URSO POLAR 3D BRQ C/20L/60L URSO GDE 75CM;UN;95051000;4,00;0,00;0,00;204,35;1056,00;817,40;4224,00
Loja: 2 - NEWSHOP COMERCIO LTDA  ( DEPOSITO);Local: 15 - GALPÃO;26249;XTX3729 ENFEITE NATALINO LAMPARINA FIGURAS C/ LED 33CM X 15CM X 33CM;UN;95051000;3,00;0,00;0,00;95,36;493,00;286,08;1479,00
Loja: 2 - NEWSHOP COMERCIO LTDA  ( DEPOSITO);Local: 15 - GALPÃO;26250;IMD3786 CENARIO NATALINO PATINACAO/MOVIMENTO/MUSICA/LED 41CM X 275C;UN;95051000;4,00;0,00;0,00;146,03;755,00;584,12;3020,00
Loja: 2 - NEWSHOP COMERCIO LTDA  ( DEPOSITO);Local: 15 - GALPÃO;26251;VDM7595 ARCO GUARDA QUEBRA NOZES INFLAVEL 218CM X 74CM X 305CM - BIV;UN;95051000;1,00;0,00;0,00;205,99;1064,00;205,99;1064,00
Loja: 2 - NEWSHOP COMERCIO LTDA  ( DEPOSITO);Local: 15 - GALPÃO;26253;XTX3733 ENFEITE NATALINO LAMPARINA  C/ LED 23CM X 11CM X 335CM (3 P;UN;95051000;3,00;0,00;0,00;62,66;324,00;187,98;972,00
Loja: 2 - NEWSHOP COMERCIO LTDA  ( DEPOSITO);Local: 15 - GALPÃO;26255;MH3543 ENFEITE ILUMINADO URSO POLAR 3D 32CM X 27CM X 43CM (3 PILHAS;UN;95051000;3,00;0,00;0,00;53,94;279,00;161,82;837,00
Loja: 2 - NEWSHOP COMERCIO LTDA  ( DEPOSITO);Local: 15 - GALPÃO;26256;IMD3783 ENFEITE NATALINO ARVORE/ELEVADOR/MOVIMENTO/LED 27CM X 215CM;UN;95051000;1,00;0,00;0,00;114,43;591,00;114,43;591,00
Loja: 2 - NEWSHOP COMERCIO LTDA  ( DEPOSITO);Local: 15 - GALPÃO;26257;RMT2096 PAPAI NOEL NA ESCADA MUS.LED/30CMX26CMX68C - MESC65CMX88CMX325M;UN;95051000;2,00;0,00;0,00;893,15;4615,00;1786,30;9230,00
Loja: 2 - NEWSHOP COMERCIO LTDA  ( DEPOSITO);Local: 15 - GALPÃO;26258;TLJ2673 ENFEITE PAPAI NOEL CARRO C/ LED 73CM X 34CM X 45CM;UN;95051000;2,00;0,00;0,00;223,97;1157,00;447,94;2314,00
Loja: 2 - NEWSHOP COMERCIO LTDA  ( DEPOSITO);Local: 15 - GALPÃO;26326;TJ2246 BOLA DE NATAL RENA/ CORUJA C/ LACO VM 75CM C/ 14 UNIDADES;UN;95051000;6,00;0,00;0,00;22,34;115,00;134,04;690,00
Loja: 2 - NEWSHOP COMERCIO LTDA  ( DEPOSITO);Local: 15 - GALPÃO;26337;SF5420 URSINHO NATALINO 75CM X 45CM X 12CM;UN;95051000;49,00;0,00;0,00;2,28;12,00;111,72;588,00
Loja: 2 - NEWSHOP COMERCIO LTDA  ( DEPOSITO);Local: 15 - GALPÃO;26377;MH3544 ENFEITE ILUMINADO ARVORE CONE RUSTICA G;UN;95051000;2,00;0,00;0,00;130,78;305,00;261,56;610,00
Loja: 2 - NEWSHOP COMERCIO LTDA  ( DEPOSITO);Local: 15 - GALPÃO;26379;CX3846 ARVORE DE NATAL VD C/ PINHAS 1.054 GALHOS 350 LEDS BRQ 8F 2;UN;95051000;2,00;0,00;0,00;294,26;1520,00;588,52;3040,00
Loja: 2 - NEWSHOP COMERCIO LTDA  ( DEPOSITO);Local: 15 - GALPÃO;26380;WF1565 PENDENTE CABECA FIGURA NATALINA 7CM X 95CM;UN;95051000;5,00;0,00;0,00;1,25;6,50;6,25;32,50
Loja: 2 - NEWSHOP COMERCIO LTDA  ( DEPOSITO);Local: 15 - GALPÃO;26382;DF2498 PICK FOLHAS FURTA-COR RO C/ PEROLAS 62CM;UN;67029000;42,00;0,00;0,00;4,43;23,50;186,06;987,00
Loja: 2 - NEWSHOP COMERCIO LTDA  ( DEPOSITO);Local: 15 - GALPÃO;26461;JM-2139 DISPENSER DE GRÃOS;UN;39241000;188,00;0,00;0,00;4,00;109,90;752,00;20661,20
Loja: 2 - NEWSHOP COMERCIO LTDA  ( DEPOSITO);Local: 15 - GALPÃO;26464;JM2142 - CONJUNTO DE POTES DE PLASTICO RETANGULARES;UN;39241000;720,00;0,00;0,00;4,00;49,00;2880,00;35280,00
Loja: 2 - NEWSHOP COMERCIO LTDA  ( DEPOSITO);Local: 15 - GALPÃO;26465;YU2160-POTE TIPO VASILHA COM FECHAMENTO POR TAMPA EM MATE;UN;39241000;620,00;0,00;0,00;4,00;9,99;2480,00;6193,80
Loja: 2 - NEWSHOP COMERCIO LTDA  ( DEPOSITO);Local: 15 - GALPÃO;26466;YU2165-POTE TIPO VASILHA COM FECHAMENTO POR TAMPA EM MATE;UN;39241000;620,00;0,00;0,00;4,00;9,99;2480,00;6193,80
Loja: 2 - NEWSHOP COMERCIO LTDA  ( DEPOSITO);Local: 15 - GALPÃO;26467;YU2166-BANDEJA EM MATERIAL PLSTICO PRPRIA PARA FRITADEIRA;UN;39241000;2400,00;0,00;0,00;5,00;9,99;12000,00;23976,00
Loja: 2 - NEWSHOP COMERCIO LTDA  ( DEPOSITO);Local: 15 - GALPÃO;26468;UY3035 - FORMA DE SOBREMESA;UN;39241000;1200,00;0,00;0,00;4,00;12,00;4800,00;14400,00
Loja: 2 - NEWSHOP COMERCIO LTDA  ( DEPOSITO);Local: 15 - GALPÃO;26469;UY3036 - FORMA DE SOBREMESA;UN;39241000;470,00;0,00;0,00;5,00;13,00;2350,00;6110,00
Loja: 2 - NEWSHOP COMERCIO LTDA  ( DEPOSITO);Local: 15 - GALPÃO;26470;UY3037 - FORMA DE SILICONE PARA SOBREMESA;UN;39241000;390,00;0,00;0,00;3,00;12,00;1170,00;4680,00
Loja: 2 - NEWSHOP COMERCIO LTDA  ( DEPOSITO);Local: 15 - GALPÃO;26471;UY3038 - FORMA DE SILICONE;UN;39241000;400,00;0,00;0,00;5,09;15,00;2036,00;6000,00
Loja: 2 - NEWSHOP COMERCIO LTDA  ( DEPOSITO);Local: 15 - GALPÃO;26472;UY3039 - FORMA DE SILICONE;UN;39241000;470,00;0,00;0,00;3,85;13,00;1809,50;6110,00
Loja: 2 - NEWSHOP COMERCIO LTDA  ( DEPOSITO);Local: 15 - GALPÃO;26473;UY3040 - FORMA DE SILICONE;UN;39241000;460,00;0,00;0,00;3,71;13,00;1706,60;5980,00
Loja: 2 - NEWSHOP COMERCIO LTDA  ( DEPOSITO);Local: 15 - GALPÃO;26474;UY3041 - FORMA DE SILICONE;UN;39241000;470,00;0,00;0,00;5,00;13,00;2350,00;6110,00
Loja: 2 - NEWSHOP COMERCIO LTDA  ( DEPOSITO);Local: 15 - GALPÃO;26475;UY3042 - FORMA DE SILICONE;UN;39241000;460,00;0,00;0,00;5,00;13,00;2300,00;5980,00
Loja: 2 - NEWSHOP COMERCIO LTDA  ( DEPOSITO);Local: 15 - GALPÃO;26476;UY3043 - FORMA DE SILICONE;UN;39241000;460,00;0,00;0,00;5,00;13,00;2300,00;5980,00
Loja: 2 - NEWSHOP COMERCIO LTDA  ( DEPOSITO);Local: 15 - GALPÃO;26477;UY3044 - FORMA DE SILICONE;UN;39241000;480,00;0,00;0,00;5,00;14,00;2400,00;6720,00
Loja: 2 - NEWSHOP COMERCIO LTDA  ( DEPOSITO);Local: 15 - GALPÃO;26478;UY3045 - FORMA DE SILICONE;UN;39241000;470,00;0,00;0,00;5,00;13,00;2350,00;6110,00
Loja: 2 - NEWSHOP COMERCIO LTDA  ( DEPOSITO);Local: 15 - GALPÃO;26479;UY3046 - FORMA DE SILICONE;UN;39241000;460,00;0,00;0,00;5,00;13,00;2300,00;5980,00
Loja: 2 - NEWSHOP COMERCIO LTDA  ( DEPOSITO);Local: 15 - GALPÃO;26480;UY3047 - FORMA DE SILICONE;UN;39241000;220,00;0,00;0,00;5,00;13,00;1100,00;2860,00
Loja: 2 - NEWSHOP COMERCIO LTDA  ( DEPOSITO);Local: 15 - GALPÃO;26481;UY3048 - FORMA DE SILICONE;UN;39241000;380,00;0,00;0,00;5,00;13,00;1900,00;4940,00
Loja: 2 - NEWSHOP COMERCIO LTDA  ( DEPOSITO);Local: 15 - GALPÃO;26482;UY3049 - FORMA DE SILICONE;UN;39241000;400,00;0,00;0,00;5,00;16,00;2000,00;6400,00
Loja: 2 - NEWSHOP COMERCIO LTDA  ( DEPOSITO);Local: 15 - GALPÃO;26483;UY3050-1 - FORMA DE SILICONE;UN;39241000;400,00;0,00;0,00;3,00;18,00;1200,00;7200,00
Loja: 2 - NEWSHOP COMERCIO LTDA  ( DEPOSITO);Local: 15 - GALPÃO;26484;UY3050-2 - FORMA DE SILICONE;UN;39241000;380,00;0,00;0,00;3,00;10,00;1140,00;3800,00
Loja: 2 - NEWSHOP COMERCIO LTDA  ( DEPOSITO);Local: 15 - GALPÃO;26485;UY3051 - FORMA DE SILICONE;UN;39241000;380,00;0,00;0,00;3,00;16,00;1140,00;6080,00
Loja: 2 - NEWSHOP COMERCIO LTDA  ( DEPOSITO);Local: 15 - GALPÃO;26486;UY3052 - FORMA DE SILICONE;UN;39241000;380,00;0,00;0,00;1,00;16,00;380,00;6080,00
Loja: 2 - NEWSHOP COMERCIO LTDA  ( DEPOSITO);Local: 15 - GALPÃO;26487;UY3053-1 - FORMA DE SILICONE;UN;39241000;200,00;0,00;0,00;1,00;16,00;200,00;3200,00
Loja: 2 - NEWSHOP COMERCIO LTDA  ( DEPOSITO);Local: 15 - GALPÃO;26488;UY3053-2 - FORMAR DE SILICONE;UN;39241000;240,00;0,00;0,00;1,00;13,00;240,00;3120,00
Loja: 2 - NEWSHOP COMERCIO LTDA  ( DEPOSITO);Local: 15 - GALPÃO;26489;UY3054 -FORMA DE SILICONE;UN;39241000;376,00;0,00;0,00;1,00;14,50;376,00;5452,00
Loja: 2 - NEWSHOP COMERCIO LTDA  ( DEPOSITO);Local: 15 - GALPÃO;26490;UY3055 - FORMA DE GELO;UN;39241000;390,00;0,00;0,00;1,00;14,50;390,00;5655,00
Loja: 2 - NEWSHOP COMERCIO LTDA  ( DEPOSITO);Local: 15 - GALPÃO;26491;UY3056 - FORMA DE SILICONE;UN;39241000;400,00;0,00;0,00;1,00;15,50;400,00;6200,00
Loja: 2 - NEWSHOP COMERCIO LTDA  ( DEPOSITO);Local: 15 - GALPÃO;26492;UY3057 - FORMA DE SILICONE;UN;39241000;380,00;0,00;0,00;1,00;14,00;380,00;5320,00
Loja: 2 - NEWSHOP COMERCIO LTDA  ( DEPOSITO);Local: 15 - GALPÃO;26493;UY3058 - FORMA DE SILICONE;UN;39241000;400,00;0,00;0,00;1,00;14,00;400,00;5600,00
Loja: 2 - NEWSHOP COMERCIO LTDA  ( DEPOSITO);Local: 15 - GALPÃO;26494;UY3059 - FORMA DE SILICONE;UN;39241000;230,00;0,00;0,00;1,00;13,00;230,00;2990,00
Loja: 2 - NEWSHOP COMERCIO LTDA  ( DEPOSITO);Local: 15 - GALPÃO;26495;UY3060-FORMA DE SILICONE;UN;39241000;460,00;0,00;0,00;1,00;12,00;460,00;5520,00
Loja: 2 - NEWSHOP COMERCIO LTDA  ( DEPOSITO);Local: 15 - GALPÃO;26496;UY3061-BANDEJA EM MATERIAL PLSTICO PRPRIA PARA FRITADEIRA;UN;39241000;480,00;0,00;0,00;1,00;13,00;480,00;6240,00
Loja: 2 - NEWSHOP COMERCIO LTDA  ( DEPOSITO);Local: 15 - GALPÃO;26497;UY3062 - FORMA DE SILICONE;UN;39241000;180,00;0,00;0,00;1,00;13,00;180,00;2340,00
Loja: 2 - NEWSHOP COMERCIO LTDA  ( DEPOSITO);Local: 15 - GALPÃO;26498;UY3063 - FORMA DE SILICONE;UN;39241000;220,00;0,00;0,00;1,00;13,00;220,00;2860,00
Loja: 2 - NEWSHOP COMERCIO LTDA  ( DEPOSITO);Local: 15 - GALPÃO;26499;UY3064 - FORMA DE SILICONE COM 6 CAVIDADES;UN;39241000;470,00;0,00;0,00;1,00;13,00;470,00;6110,00
Loja: 2 - NEWSHOP COMERCIO LTDA  ( DEPOSITO);Local: 15 - GALPÃO;26500;UY3065 -FORMA DE SILICONE COM 6 CAVIDADES;UN;39241000;470,00;0,00;0,00;1,00;13,00;470,00;6110,00
Loja: 2 - NEWSHOP COMERCIO LTDA  ( DEPOSITO);Local: 15 - GALPÃO;26501;UY3066 - FORMA DE SILICONE COM 6 CAVIDADES;UN;39241000;470,00;0,00;0,00;1,00;13,00;470,00;6110,00
Loja: 2 - NEWSHOP COMERCIO LTDA  ( DEPOSITO);Local: 15 - GALPÃO;26502;UY3067 - FORMA DE SILICONE COM 6 CAVIDADES;UN;39241000;480,00;0,00;0,00;1,00;14,00;480,00;6720,00
Loja: 2 - NEWSHOP COMERCIO LTDA  ( DEPOSITO);Local: 15 - GALPÃO;26503;UY3068 - PEGADOR DE COZINHA - IDEAL PARA MANUSEAR PANELAS;UN;39241000;1200,00;0,00;0,00;1,00;13,00;1200,00;15600,00
Loja: 2 - NEWSHOP COMERCIO LTDA  ( DEPOSITO);Local: 15 - GALPÃO;26504;UY3070 - FORMA DE SILICONE;UN;39241000;-180,00;0,00;0,00;1,00;6,00;-180,00;-1080,00
Loja: 2 - NEWSHOP COMERCIO LTDA  ( DEPOSITO);Local: 15 - GALPÃO;26505;UY3071 - FORMA DE SILICONE;UN;39241000;100,00;0,00;0,00;1,00;16,50;100,00;1650,00
Loja: 2 - NEWSHOP COMERCIO LTDA  ( DEPOSITO);Local: 15 - GALPÃO;26506;UY3072 - FORMA DE SILICONE;UN;39241000;230,00;0,00;0,00;1,00;16,50;230,00;3795,00
Loja: 2 - NEWSHOP COMERCIO LTDA  ( DEPOSITO);Local: 15 - GALPÃO;26507;UY3073 - FORMA DE SILICONE;UN;39241000;220,00;0,00;0,00;1,00;16,50;220,00;3630,00
Loja: 2 - NEWSHOP COMERCIO LTDA  ( DEPOSITO);Local: 15 - GALPÃO;26508;UY3074 - FORMA DE SILICONE;UN;39241000;-11,00;0,00;0,00;1,00;16,50;-11,00;-181,50
Loja: 2 - NEWSHOP COMERCIO LTDA  ( DEPOSITO);Local: 15 - GALPÃO;26509;UY3075 - FORMA DE SILICONE;UN;39241000;220,00;0,00;0,00;1,00;16,50;220,00;3630,00
Loja: 2 - NEWSHOP COMERCIO LTDA  ( DEPOSITO);Local: 15 - GALPÃO;26510;UY3076 - FORMA DE SILICONE;UN;39241000;219,00;0,00;0,00;1,00;16,50;219,00;3613,50
Loja: 2 - NEWSHOP COMERCIO LTDA  ( DEPOSITO);Local: 15 - GALPÃO;26511;UY3077 - FORMA DE SILICONE;UN;39241000;-20,00;0,00;0,00;1,00;16,50;-20,00;-330,00
Loja: 2 - NEWSHOP COMERCIO LTDA  ( DEPOSITO);Local: 15 - GALPÃO;26512;UY3078 - FORMA DE SILICONE;UN;39241000;110,00;0,00;0,00;1,00;16,50;110,00;1815,00
Loja: 2 - NEWSHOP COMERCIO LTDA  ( DEPOSITO);Local: 15 - GALPÃO;26513;UY3079 - FORMA DE SILICONE;UN;39241000;110,00;0,00;0,00;1,00;16,50;110,00;1815,00
Loja: 2 - NEWSHOP COMERCIO LTDA  ( DEPOSITO);Local: 15 - GALPÃO;26514;UY3080 - FORMA DE SILICONE;UN;39241000;230,00;0,00;0,00;1,00;11,50;230,00;2645,00
Loja: 2 - NEWSHOP COMERCIO LTDA  ( DEPOSITO);Local: 15 - GALPÃO;26515;UY3081 - FORMA DE SILICONE COM 6 CAVIDADES;UN;39241000;470,00;0,00;0,00;1,00;12,00;470,00;5640,00
Loja: 2 - NEWSHOP COMERCIO LTDA  ( DEPOSITO);Local: 15 - GALPÃO;26516;UY3082 - FORMA DE SILICONE COM 6 CAVIDADES;UN;39241000;460,00;0,00;0,00;1,00;12,00;460,00;5520,00
Loja: 2 - NEWSHOP COMERCIO LTDA  ( DEPOSITO);Local: 15 - GALPÃO;26517;UY3083 - FORMA DE SILICONE COM CAVIDADES;UN;39241000;470,00;0,00;0,00;1,00;12,00;470,00;5640,00
Loja: 2 - NEWSHOP COMERCIO LTDA  ( DEPOSITO);Local: 15 - GALPÃO;26518;UY3084 - FORMA DE SILICONE COM CAVIDADES;UN;39241000;480,00;0,00;0,00;1,00;12,00;480,00;5760,00
Loja: 2 - NEWSHOP COMERCIO LTDA  ( DEPOSITO);Local: 15 - GALPÃO;26519;MS3009 - LACRADO DE EMBALAGENS DE SACO PLSTICO;UN;39269090;4600,00;0,00;0,00;1,00;4,99;4600,00;22954,00
Loja: 2 - NEWSHOP COMERCIO LTDA  ( DEPOSITO);Local: 15 - GALPÃO;26668;CX150D - ARVORE DE NATAL VD C/320 GALHOS 150M;UN;95051000;7,00;0,00;0,00;27,24;156,00;190,68;1092,00
Loja: 2 - NEWSHOP COMERCIO LTDA  ( DEPOSITO);Local: 15 - GALPÃO;26675;CX180D - ARVORE DE NATAL VD C/540 GALHOS 180M;UN;95051000;1,00;0,00;0,00;46,04;264,00;46,04;264,00
Loja: 2 - NEWSHOP COMERCIO LTDA  ( DEPOSITO);Local: 15 - GALPÃO;26679;CX210D - ARVORE DE NATAL VD C/800 GALHOS 210M;UN;95051000;3,00;0,00;0,00;68,66;394,00;205,98;1182,00
Loja: 2 - NEWSHOP COMERCIO LTDA  ( DEPOSITO);Local: 15 - GALPÃO;26713;PAN030 - CACAROLA REVESTIMENTO EM CERAMICA - LINHA VENEZA - 20 CM;UN;76151000;1,00;0,00;0,00;61,70;111,00;61,70;111,00
Loja: 2 - NEWSHOP COMERCIO LTDA  ( DEPOSITO);Local: 15 - GALPÃO;26771;MSD-A15 ENFEITE CASA NATALINA ILUMINADA FUNCIONAMENTO;UN;95051000;1,00;0,00;0,00;21,20;167,00;21,20;167,00
Loja: 2 - NEWSHOP COMERCIO LTDA  ( DEPOSITO);Local: 15 - GALPÃO;26772;MSD-A12 ENFEITE NATALINO CASA NATALINA COM LED - ALIME;UN;95051000;3,00;0,00;0,00;14,47;136,00;43,41;408,00
Loja: 2 - NEWSHOP COMERCIO LTDA  ( DEPOSITO);Local: 15 - GALPÃO;26773;MSD-024 SENDO ENFEITE MOD.: BANDA DE PAPAIS NOEL - TAMANHO;UN;95051000;42,00;0,00;0,00;8,96;72,00;376,32;3024,00
Loja: 2 - NEWSHOP COMERCIO LTDA  ( DEPOSITO);Local: 15 - GALPÃO;26775;MSD-026  DECORACAO PARA FESTA DE NATAL  PAPAI NOEL COM LAMPARINA;UN;95051000;23,00;0,00;0,00;9,48;72,00;218,04;1656,00
Loja: 2 - NEWSHOP COMERCIO LTDA  ( DEPOSITO);Local: 15 - GALPÃO;26780;MSD-A19   CAIXA DE MÚSICAS DE NATAL   FUNCIONAMENTO VIA 3 P;UN;95051000;41,00;0,00;0,00;25,01;182,00;1025,41;7462,00
Loja: 2 - NEWSHOP COMERCIO LTDA  ( DEPOSITO);Local: 15 - GALPÃO;26882;WDL-BC189AA - ENFEITE NATALINO CASINHA;UN;95051000;48,00;0,00;0,00;8,55;15,50;410,40;744,00
Loja: 2 - NEWSHOP COMERCIO LTDA  ( DEPOSITO);Local: 15 - GALPÃO;26883;WDL-BC189BB - ENFEITE NATALINO CASINHA;UN;95051000;19,00;0,00;0,00;7,02;12,50;133,38;237,50
Loja: 2 - NEWSHOP COMERCIO LTDA  ( DEPOSITO);Local: 15 - GALPÃO;26968;UY2104-2 FORMAS PEQUENAS DE SILICONE CORES SORTIDAS;UN;39241000;210,00;0,00;0,00;0,81;10,50;170,10;2205,00
Loja: 2 - NEWSHOP COMERCIO LTDA  ( DEPOSITO);Local: 15 - GALPÃO;26970;UY2104-3 FORMAS PEQUENAS DE SILICONE;UN;39241000;-30,00;0,00;0,00;0,81;10,50;-24,30;-315,00
Loja: 2 - NEWSHOP COMERCIO LTDA  ( DEPOSITO);Local: 15 - GALPÃO;26971;UY2104-4 FORMAS PEQUENAS DE SILICONE;UN;39241000;-30,00;0,00;0,00;0,81;10,50;-24,30;-315,00
Loja: 2 - NEWSHOP COMERCIO LTDA  ( DEPOSITO);Local: 15 - GALPÃO;26973;UY2104-5 FORMAS PEQUENAS DE SILICONE;UN;39241000;-30,00;0,00;0,00;0,81;10,50;-24,30;-315,00
Loja: 2 - NEWSHOP COMERCIO LTDA  ( DEPOSITO);Local: 15 - GALPÃO;26977;UY3016 FORMAS PEQUENAS DE SILICONE;UN;39241000;139,00;0,00;0,00;1,08;13,00;150,12;1807,00
Loja: 2 - NEWSHOP COMERCIO LTDA  ( DEPOSITO);Local: 15 - GALPÃO;26978;UY3017 CONJUNTO FORMAS  DE SILICONE  4 UN CORES SORTIDAS;UN;39241000;40,00;0,00;0,00;3,26;29,00;130,40;1160,00
Loja: 2 - NEWSHOP COMERCIO LTDA  ( DEPOSITO);Local: 15 - GALPÃO;26981;UY3018 BANDEJA DESCARTAVL  16 X 45 CM;UN;39241000;210,00;0,00;0,00;0,98;13,00;205,80;2730,00
Loja: 2 - NEWSHOP COMERCIO LTDA  ( DEPOSITO);Local: 15 - GALPÃO;26982;UY3019-1FORMAS  DE SILICONE;UN;39241000;170,00;0,00;0,00;1,08;13,00;183,60;2210,00
Loja: 2 - NEWSHOP COMERCIO LTDA  ( DEPOSITO);Local: 15 - GALPÃO;26984;UY3019-2 FORMAS PEQUENAS DE SILICONE;UN;39241000;210,00;0,00;0,00;0,76;8,50;159,60;1785,00
Loja: 2 - NEWSHOP COMERCIO LTDA  ( DEPOSITO);Local: 15 - GALPÃO;26985;UY3020-2  FORMA DE SILICONE;UN;39241000;210,00;0,00;0,00;0,87;15,00;182,70;3150,00
Loja: 2 - NEWSHOP COMERCIO LTDA  ( DEPOSITO);Local: 15 - GALPÃO;26986;UY3020-1 FORMA DE SILICONE;UN;39241000;210,00;0,00;0,00;0,87;15,00;182,70;3150,00
Loja: 2 - NEWSHOP COMERCIO LTDA  ( DEPOSITO);Local: 15 - GALPÃO;26989;UY3021 FORMA DE SILICONE;UN;39241000;210,00;0,00;0,00;1,03;15,00;216,30;3150,00
Loja: 2 - NEWSHOP COMERCIO LTDA  ( DEPOSITO);Local: 15 - GALPÃO;26990;UY3022 FORMA DE SILICONE;UN;39241000;210,00;0,00;0,00;0,98;15,00;205,80;3150,00
Loja: 2 - NEWSHOP COMERCIO LTDA  ( DEPOSITO);Local: 15 - GALPÃO;26991;UY3023 FORMA  DE SILICONE;UN;39241000;210,00;0,00;0,00;0,87;15,00;182,70;3150,00
Loja: 2 - NEWSHOP COMERCIO LTDA  ( DEPOSITO);Local: 15 - GALPÃO;26992;UY3024 FORMA DE SILICONE;UN;39241000;210,00;0,00;0,00;0,87;15,00;182,70;3150,00
Loja: 2 - NEWSHOP COMERCIO LTDA  ( DEPOSITO);Local: 15 - GALPÃO;26993;UY3025 FORMA DE SILICONE;UN;39241000;210,00;0,00;0,00;0,90;15,00;189,00;3150,00
Loja: 2 - NEWSHOP COMERCIO LTDA  ( DEPOSITO);Local: 15 - GALPÃO;26994;UY3026 FORMA DE SILICONE;UN;39241000;210,00;0,00;0,00;0,92;15,00;193,20;3150,00
Loja: 2 - NEWSHOP COMERCIO LTDA  ( DEPOSITO);Local: 15 - GALPÃO;26995;UY3027 FORMA DE SILICONE;UN;39241000;210,00;0,00;0,00;0,92;15,00;193,20;3150,00
Loja: 2 - NEWSHOP COMERCIO LTDA  ( DEPOSITO);Local: 15 - GALPÃO;26997;UY3029 FORMA  DE SILICONE;UN;39241000;210,00;0,00;0,00;0,87;15,00;182,70;3150,00
Loja: 2 - NEWSHOP COMERCIO LTDA  ( DEPOSITO);Local: 15 - GALPÃO;26998;UY3030 FORMA DE SILICONE;UN;39241000;210,00;0,00;0,00;0,81;15,00;170,10;3150,00
Loja: 2 - NEWSHOP COMERCIO LTDA  ( DEPOSITO);Local: 15 - GALPÃO;27000;UY3031 FORMA DE SILICONE;UN;39241000;210,00;0,00;0,00;0,81;15,00;170,10;3150,00
Loja: 2 - NEWSHOP COMERCIO LTDA  ( DEPOSITO);Local: 15 - GALPÃO;27002;UY3032 FORMA DE SILICONE;UN;39241000;210,00;0,00;0,00;0,81;15,00;170,10;3150,00
Loja: 2 - NEWSHOP COMERCIO LTDA  ( DEPOSITO);Local: 15 - GALPÃO;27003;UY3033 FORMA DE SILICONE;UN;39241000;210,00;0,00;0,00;0,70;15,00;147,00;3150,00
Loja: 2 - NEWSHOP COMERCIO LTDA  ( DEPOSITO);Local: 15 - GALPÃO;27006;UY3034 FORMA DE SILICONE;UN;39241000;210,00;0,00;0,00;0,70;15,00;147,00;3150,00
Loja: 2 - NEWSHOP COMERCIO LTDA  ( DEPOSITO);Local: 15 - GALPÃO;27007;JM2138-1 KIT DE ACESSÓRIOS PARA BANHEIRO  6 PEÇAS;UN;39249000;528,00;0,00;0,00;10,78;79,90;5691,84;42187,20
Loja: 2 - NEWSHOP COMERCIO LTDA  ( DEPOSITO);Local: 15 - GALPÃO;27010;JM2138-2  KIT DE ACESSÓRIOS PARA BANHEIRO 6 PEÇAS;UN;39249000;528,00;0,00;0,00;10,07;79,90;5316,96;42187,20
Loja: 2 - NEWSHOP COMERCIO LTDA  ( DEPOSITO);Local: 15 - GALPÃO;27012;JM2138-3 ORGANIZADOR MULTIUSO;UN;39249000;528,00;0,00;0,00;12,52;79,90;6610,56;42187,20
Loja: 2 - NEWSHOP COMERCIO LTDA  ( DEPOSITO);Local: 15 - GALPÃO;27016;JM2138-5 ORGANIZADOR MULTIUSO;UN;39249000;528,00;0,00;0,00;12,52;79,90;6610,56;42187,20
Loja: 2 - NEWSHOP COMERCIO LTDA  ( DEPOSITO);Local: 15 - GALPÃO;27018;JM2138-6 KIT DE ACESSÓRIOS PARA BANHEIRO  6 PEÇAS;UN;39249000;528,00;0,00;0,00;12,52;79,90;6610,56;42187,20
Loja: 2 - NEWSHOP COMERCIO LTDA  ( DEPOSITO);Local: 15 - GALPÃO;27020;MS3009 SUPORTE  LACRAR EMBALAGENS DE SACO PLSTICO;UN;39249000;280,00;0,00;0,00;4,39;0,00;1229,20;0,00
Loja: 2 - NEWSHOP COMERCIO LTDA  ( DEPOSITO);Local: 15 - GALPÃO;27025;YT3012  LUMINÁRIA PARA VASO SANITÁRIO 8 CORES;UN;39249000;170,00;0,00;0,00;1,19;9,90;202,30;1683,00
Loja: 2 - NEWSHOP COMERCIO LTDA  ( DEPOSITO);Local: 15 - GALPÃO;27026;YT3013 CESTO DE ROUPA SUSPENSO;UN;39249000;1050,00;0,00;0,00;0,65;29,90;682,50;31395,00
Loja: 2 - NEWSHOP COMERCIO LTDA  ( DEPOSITO);Local: 15 - GALPÃO;27033;YT3014 VITROLA MUSICAL MUSICA SUAVE SOM DO MAR;UN;85271300;96,00;0,00;0,00;8,11;149,00;778,56;14304,00
Loja: 2 - NEWSHOP COMERCIO LTDA  ( DEPOSITO);Local: 15 - GALPÃO;27036;NW1949 CORDAO LUMINOSO STOBRO 500LEDS BRQ 4FIXOS 1FLASH FIOVD10M BI;UN;94053100;91,00;0,00;0,00;22,19;117,00;2019,29;10647,00
Loja: 2 - NEWSHOP COMERCIO LTDA  ( DEPOSITO);Local: 15 - GALPÃO;27037;NW1950 CORDAO LUMINOSO STOBRO 1000LEDSBRQ 4FIXOS 1FLASH FIOVD20M BI;UN;94053100;9,00;0,00;0,00;38,06;200,00;342,54;1800,00
Loja: 2 - NEWSHOP COMERCIO LTDA  ( DEPOSITO);Local: 15 - GALPÃO;27038;NW1892 CORDAO LUMINOSO STOBRO 1000LEDSBRQ 9FIXOS 1FLASH FIOVD20M BI;UN;94053100;11,00;0,00;0,00;34,88;184,00;383,68;2024,00
Loja: 2 - NEWSHOP COMERCIO LTDA  ( DEPOSITO);Local: 15 - GALPÃO;27071;WF1625 ARVORE DECORATIVA BR C/ LED 8CM X 8CM X 25CM;UN;95051000;131,00;0,00;0,00;2,94;17,00;385,14;2227,00
Loja: 2 - NEWSHOP COMERCIO LTDA  ( DEPOSITO);Local: 15 - GALPÃO;27076;CX10120C ARVORE DE NATAL BR C/120 GALHOS 120M;UN;95051000;60,00;0,00;0,00;7,08;40,50;424,80;2430,00
Loja: 2 - NEWSHOP COMERCIO LTDA  ( DEPOSITO);Local: 15 - GALPÃO;27091;CX10150C ARVORE DE NATAL BR C/220 GALHOS 150M;UN;95051000;16,00;0,00;0,00;13,62;78,50;217,92;1256,00
Loja: 2 - NEWSHOP COMERCIO LTDA  ( DEPOSITO);Local: 15 - GALPÃO;27092;WF1627 ARVORE DECORATIVA NEVADA C/ LED 8CM X 8CM X 25CM;UN;95051000;144,00;0,00;0,00;2,94;17,00;423,36;2448,00
Loja: 2 - NEWSHOP COMERCIO LTDA  ( DEPOSITO);Local: 15 - GALPÃO;27093;CX10180C ARVORE DE NATAL BR C/320 GALHOS 180M;UN;95051000;4,00;0,00;0,00;21,25;122,00;85,00;488,00
Loja: 2 - NEWSHOP COMERCIO LTDA  ( DEPOSITO);Local: 15 - GALPÃO;27094;WF1621 ARVORE DECORATIVA VD C/ LED 7CM X 7CM X 20CM;UN;95051000;197,00;0,00;0,00;2,18;12,50;429,46;2462,50
Loja: 2 - NEWSHOP COMERCIO LTDA  ( DEPOSITO);Local: 15 - GALPÃO;27095;WF1757 ENFEITE DE MESA ARVORE BR C/ GLITER C/ LED 85CM X 85CM X 2;UN;95051000;26,00;0,00;0,00;2,50;14,50;65,00;377,00
Loja: 2 - NEWSHOP COMERCIO LTDA  ( DEPOSITO);Local: 15 - GALPÃO;27096;WF1622 ARVORE DECORATIVA VD C/ LED 8CM X 8CM X 25CM;UN;95051000;72,00;0,00;0,00;2,67;15,50;192,24;1116,00
Loja: 2 - NEWSHOP COMERCIO LTDA  ( DEPOSITO);Local: 15 - GALPÃO;27097;WF1623 ARVORE DECORATIVA VD C/ LED 10CM X 10CM X 30CM;UN;95051000;36,00;0,00;0,00;3,49;20,00;125,64;720,00
Loja: 2 - NEWSHOP COMERCIO LTDA  ( DEPOSITO);Local: 15 - GALPÃO;27099;WF1626 ARVORE DECORATIVA BR C/ LED 10CM X 10CM X 30CM;UN;95051000;72,00;0,00;0,00;3,92;22,50;282,24;1620,00
Loja: 2 - NEWSHOP COMERCIO LTDA  ( DEPOSITO);Local: 15 - GALPÃO;27100;WF1628 ARVORE DECORATIVA NEVADA C/ LED 10CM X 10CM X 30CM;UN;95051000;58,00;0,00;0,00;3,92;22,50;227,36;1305,00
Loja: 2 - NEWSHOP COMERCIO LTDA  ( DEPOSITO);Local: 15 - GALPÃO;27270;AD1018 PLACA EM MATERIAL PLSTICO AUTO ADESIVO PARA REVESTIMENTOS EM PAREDES COM;UN;39189000;240,00;0,00;0,00;1,00;0,00;240,00;0,00
Loja: 2 - NEWSHOP COMERCIO LTDA  ( DEPOSITO);Local: 15 - GALPÃO;27273;AD1020 PLACA EM MATERIAL PLSTICO AUTO ADESIVO PARA REVESTIMENTOS EM PAREDES COM;UN;39189000;360,00;0,00;0,00;1,27;0,00;457,20;0,00
Loja: 2 - NEWSHOP COMERCIO LTDA  ( DEPOSITO);Local: 15 - GALPÃO;27290;KX3581 - BOLA MISTA GLITTER/ FOSCA/ LISA/ VAZADA ROSE 6CM C/ 30 PSC;UN;95051000;22,00;0,00;0,00;14,16;77,50;311,52;1705,00
Loja: 2 - NEWSHOP COMERCIO LTDA  ( DEPOSITO);Local: 15 - GALPÃO;27298;KX3596 - BOLA MISTA LISA/ LOSANGULO FOSCA/ GLITTER ROSE 6CM C/ 9PSC;UN;95051000;33,00;0,00;0,00;3,48;19,00;114,84;627,00
Loja: 2 - NEWSHOP COMERCIO LTDA  ( DEPOSITO);Local: 15 - GALPÃO;27299;WF1810 - BOLA CAMURCA VM 6CM C/ 8 PCS;UN;95051000;8,00;0,00;0,00;4,35;24,00;34,80;192,00
Loja: 2 - NEWSHOP COMERCIO LTDA  ( DEPOSITO);Local: 15 - GALPÃO;27300;WF1815 BOLA FLOCADA DR 10CM;UN;95051000;14,00;0,00;0,00;2,61;14,50;36,54;203,00
Loja: 2 - NEWSHOP COMERCIO LTDA  ( DEPOSITO);Local: 15 - GALPÃO;27303;KX9703 BOLA LISA VM 30CM;UN;95051000;4,00;0,00;0,00;19,61;107,00;78,44;428,00
Loja: 2 - NEWSHOP COMERCIO LTDA  ( DEPOSITO);Local: 15 - GALPÃO;27304;KX4361 BOLA MISTA GLITTER VM / FOSCA / LISA / 4CM 5CM 6CM C/ 30PSC;UN;95051000;12,00;0,00;0,00;10,61;58,00;127,32;696,00
Loja: 2 - NEWSHOP COMERCIO LTDA  ( DEPOSITO);Local: 15 - GALPÃO;27305;KX3601 BOLA MISTA GLITTER/ FOSCA/ LISA DR 8CM/6CM C/ 30 PSC;UN;95051000;8,00;0,00;0,00;15,80;86,00;126,40;688,00
Loja: 2 - NEWSHOP COMERCIO LTDA  ( DEPOSITO);Local: 15 - GALPÃO;27309;KX3600 BOLA MISTA LISA/ FOSCA DECORADA VD MENTA 8CM/6CM C/ 30 PSC;UN;95051000;15,00;0,00;0,00;15,80;86,00;237,00;1290,00
Loja: 2 - NEWSHOP COMERCIO LTDA  ( DEPOSITO);Local: 15 - GALPÃO;27450;AS2377 CONJUNTO DE POTES HERMETICOS PARA ARMAZENAMENTO;UN;39249000;576,00;0,00;0,00;18,89;39,00;10880,64;22464,00
Loja: 2 - NEWSHOP COMERCIO LTDA  ( DEPOSITO);Local: 15 - GALPÃO;27453;AS2371 CONJUNTO DE POTES HERMÉTICO PARA ARMAZENAMENTO - 3 PEÇAS;UN;39249000;384,00;0,00;0,00;26,05;59,00;10003,20;22656,00
Loja: 2 - NEWSHOP COMERCIO LTDA  ( DEPOSITO);Local: 15 - GALPÃO;27454;AS2380 CONJUNTO DE POTES HERMETICOS PARA ARMAZENAMENTO - 3 PEÇAS;UN;39249000;240,00;0,00;0,00;17,84;36,00;4281,60;8640,00
Loja: 2 - NEWSHOP COMERCIO LTDA  ( DEPOSITO);Local: 15 - GALPÃO;27535;ML2724 PENDENTE BOTA TRICO VM 15CM;UN;95051000;82,00;0,00;0,00;3,76;21,50;308,32;1763,00
Loja: 2 - NEWSHOP COMERCIO LTDA  ( DEPOSITO);Local: 15 - GALPÃO;27538;SW4723 KIT DECORATIVO NATALINO C/ 7 UNI;UN;95051000;16,00;0,00;0,00;4,89;28,00;78,24;448,00
Loja: 2 - NEWSHOP COMERCIO LTDA  ( DEPOSITO);Local: 15 - GALPÃO;27539;WF1560 PENDENTE ARVORE TRICOTADO 9CM X 9CM;UN;95051000;81,00;0,00;0,00;0,65;4,00;52,65;324,00
Loja: 2 - NEWSHOP COMERCIO LTDA  ( DEPOSITO);Local: 15 - GALPÃO;27541;YST2888 ENF. DE TREM NATALINO BISC.4 VAGÕES 223CMX72CMX28CM;UN;95051000;43,00;0,00;0,00;3,80;22,00;163,40;946,00
Loja: 2 - NEWSHOP COMERCIO LTDA  ( DEPOSITO);Local: 15 - GALPÃO;27543;LA43360 LANCHEIRA TERMICA FEMININA;UN;42029200;2,00;0,00;0,00;13,72;82,00;27,44;164,00
Loja: 2 - NEWSHOP COMERCIO LTDA  ( DEPOSITO);Local: 15 - GALPÃO;27549;BF14143-GAR BOLSA PORTA GARRAFAS JUVENIL  23*155*95CM;UN;42022220;149,00;0,00;0,00;5,06;29,50;753,94;4395,50
Loja: 2 - NEWSHOP COMERCIO LTDA  ( DEPOSITO);Local: 15 - GALPÃO;27553;EST12029 ESTOJO QUADRADO EM PVC 22*15*6 CM;UN;42029200;8,00;0,00;0,00;7,08;41,50;56,64;332,00
Loja: 2 - NEWSHOP COMERCIO LTDA  ( DEPOSITO);Local: 15 - GALPÃO;27555;EST12039 ESTOJO JUVENIL 22*16.5*6;UN;42029200;48,00;0,00;0,00;6,07;35,50;291,36;1704,00
Loja: 2 - NEWSHOP COMERCIO LTDA  ( DEPOSITO);Local: 15 - GALPÃO;27557;EST12040 ESTOJO JUVENIL 22.5*15.5*6.5;UN;42029200;48,00;0,00;0,00;6,32;37,00;303,36;1776,00
Loja: 2 - NEWSHOP COMERCIO LTDA  ( DEPOSITO);Local: 15 - GALPÃO;27562;EST12052 ESTOJO JUVENIL FEMININO  22*15*5CM;UN;42029200;192,00;0,00;0,00;6,07;35,50;1165,44;6816,00
Loja: 2 - NEWSHOP COMERCIO LTDA  ( DEPOSITO);Local: 15 - GALPÃO;27564;EST12053 ESTOJO JUVENIL FEMININO 22*16*6CM;UN;42029200;8,00;0,00;0,00;6,83;40,00;54,64;320,00
Loja: 2 - NEWSHOP COMERCIO LTDA  ( DEPOSITO);Local: 15 - GALPÃO;27566;EST12054 ESTOJO JUVENIL FEMININO 22*16*6CM;UN;42029200;48,00;0,00;0,00;6,83;40,00;327,84;1920,00
Loja: 2 - NEWSHOP COMERCIO LTDA  ( DEPOSITO);Local: 15 - GALPÃO;27571;MB13083 MINI MOCHILA CRINKLE 10  25.5*19.5*8.5 NYLON;UN;42029200;11,00;0,00;0,00;8,86;52,00;97,46;572,00
Loja: 2 - NEWSHOP COMERCIO LTDA  ( DEPOSITO);Local: 15 - GALPÃO;27583;ES43343 ESTOJO DUPLO FEMININO;UN;42029200;11,00;0,00;0,00;9,63;57,50;105,93;632,50
Loja: 2 - NEWSHOP COMERCIO LTDA  ( DEPOSITO);Local: 15 - GALPÃO;27585;ES43349 ESTOJO BOX FEMININO;UN;42029200;6,00;0,00;0,00;10,21;61,00;61,26;366,00
Loja: 2 - NEWSHOP COMERCIO LTDA  ( DEPOSITO);Local: 15 - GALPÃO;27590;ES43376 ESTOJO BOX FEMININO;UN;42029200;3,00;0,00;0,00;11,09;66,50;33,27;199,50
Loja: 2 - NEWSHOP COMERCIO LTDA  ( DEPOSITO);Local: 15 - GALPÃO;27591;MF8201 MOCHILA JUVENIL FEMININA 45*32*15CM;UN;42029200;5,00;0,00;0,00;15,70;92,00;78,50;460,00
Loja: 2 - NEWSHOP COMERCIO LTDA  ( DEPOSITO);Local: 15 - GALPÃO;27601;MF8206-LAN LANCHEIRA TIPO MOCHILA  26*195*12CM;UN;42029200;55,00;0,00;0,00;8,86;52,00;487,30;2860,00
Loja: 2 - NEWSHOP COMERCIO LTDA  ( DEPOSITO);Local: 15 - GALPÃO;27612;MJ43362 MINI MOCHILA FEMININA;UN;42029200;1,00;0,00;0,00;14,59;87,50;14,59;87,50
Loja: 2 - NEWSHOP COMERCIO LTDA  ( DEPOSITO);Local: 15 - GALPÃO;27615;"ML43334 MOCHILA LAPTOP FEMININA 18""";UN;42029200;1,00;0,00;0,00;35,04;209,00;35,04;209,00
Loja: 2 - NEWSHOP COMERCIO LTDA  ( DEPOSITO);Local: 15 - GALPÃO;27619;"ML43372 MOCHILA LAPTOP FEMININA 18""";UN;42029200;1,00;0,00;0,00;37,96;227,00;37,96;227,00
Loja: 2 - NEWSHOP COMERCIO LTDA  ( DEPOSITO);Local: 15 - GALPÃO;27626;MF8206-GAR BOLSA PORTA GARRAFAS JUVENIL  23*155*95CM;UN;42022220;70,00;0,00;0,00;5,56;32,50;389,20;2275,00
Loja: 2 - NEWSHOP COMERCIO LTDA  ( DEPOSITO);Local: 15 - GALPÃO;27632;NC43375 NECESSAIRE FEMININA;UN;42029200;3,00;0,00;0,00;13,14;78,50;39,42;235,50
Loja: 2 - NEWSHOP COMERCIO LTDA  ( DEPOSITO);Local: 15 - GALPÃO;27633;MF8209-18 MOCHILA JUVENIL FEMININA 43*31*14CM;UN;42029200;72,00;0,00;0,00;17,72;103,00;1275,84;7416,00
Loja: 2 - NEWSHOP COMERCIO LTDA  ( DEPOSITO);Local: 15 - GALPÃO;27634;SB43796 BOLSA TRANSVERSAL;UN;42022210;20,00;0,00;0,00;11,67;70,00;233,40;1400,00
Loja: 2 - NEWSHOP COMERCIO LTDA  ( DEPOSITO);Local: 15 - GALPÃO;27638;MF8210-EST ESTOJO QUADRADO  22*15*6 CM;UN;42029200;72,00;0,00;0,00;7,89;44,50;568,08;3204,00
Loja: 2 - NEWSHOP COMERCIO LTDA  ( DEPOSITO);Local: 15 - GALPÃO;27641;"RB27021 MOCHILA DE COSTAS 19""";UN;42029200;2,00;0,00;0,00;56,38;227,00;112,76;454,00
Loja: 2 - NEWSHOP COMERCIO LTDA  ( DEPOSITO);Local: 15 - GALPÃO;27645;"LU24086 LANCHEIRA TERMICA 9""";UN;42029200;33,00;0,00;0,00;17,71;71,50;584,43;2359,50
Loja: 2 - NEWSHOP COMERCIO LTDA  ( DEPOSITO);Local: 15 - GALPÃO;27647;MF8212-18 MOCHILA JUVENIL FEMININA 45*37*15CM;UN;42029200;48,00;0,00;0,00;16,96;99,00;814,08;4752,00
Loja: 2 - NEWSHOP COMERCIO LTDA  ( DEPOSITO);Local: 15 - GALPÃO;27658;MF8214-GAR BOLSA PORTA GARRAFAS JUVENIL  23*155*95CM;UN;42022220;34,00;0,00;0,00;6,32;37,00;214,88;1258,00
Loja: 2 - NEWSHOP COMERCIO LTDA  ( DEPOSITO);Local: 15 - GALPÃO;27666;MF8221-EST ESTOJO JUVENIL FEMININO  22*15*6 CM;UN;42029200;48,00;0,00;0,00;7,59;44,50;364,32;2136,00
Loja: 2 - NEWSHOP COMERCIO LTDA  ( DEPOSITO);Local: 15 - GALPÃO;27668;MF8222-18 MOCHILA JUVENIL FEMININA;UN;42029200;144,00;0,00;0,00;20,75;121,00;2988,00;17424,00
Loja: 2 - NEWSHOP COMERCIO LTDA  ( DEPOSITO);Local: 15 - GALPÃO;27675;"LU24636 MOCHILA DE COSTAS 175""";UN;42029200;7,00;0,00;0,00;51,26;206,00;358,82;1442,00
Loja: 2 - NEWSHOP COMERCIO LTDA  ( DEPOSITO);Local: 15 - GALPÃO;27680;"RB24585 BOLSA PORTA GARRAFA 9""";UN;42022220;5,00;0,00;0,00;11,79;47,50;58,95;237,50
Loja: 2 - NEWSHOP COMERCIO LTDA  ( DEPOSITO);Local: 15 - GALPÃO;27682;"RB27028 LANCHEIRA TERMICA 10""";UN;42029200;4,00;0,00;0,00;21,65;87,50;86,60;350,00
Loja: 2 - NEWSHOP COMERCIO LTDA  ( DEPOSITO);Local: 15 - GALPÃO;27685;"RB24598 LANCHEIRA TERMICA 9""";UN;42029200;3,00;0,00;0,00;17,71;71,50;53,13;214,50
Loja: 2 - NEWSHOP COMERCIO LTDA  ( DEPOSITO);Local: 15 - GALPÃO;27688;"RB27003 LANCHEIRA TERMICA 8""";UN;42029200;7,00;0,00;0,00;21,65;87,50;151,55;612,50
Loja: 2 - NEWSHOP COMERCIO LTDA  ( DEPOSITO);Local: 15 - GALPÃO;27690;RB27004 ESTOJO SIMPLES 16X22X6;UN;42029200;9,00;0,00;0,00;17,71;71,50;159,39;643,50
Loja: 2 - NEWSHOP COMERCIO LTDA  ( DEPOSITO);Local: 15 - GALPÃO;27692;"RB27012 LANCHEIRA TERMICA 8""";UN;42029200;1,00;0,00;0,00;21,65;87,50;21,65;87,50
Loja: 2 - NEWSHOP COMERCIO LTDA  ( DEPOSITO);Local: 15 - GALPÃO;27698;RB27019 ESTOJO SIMPLES 16X22X6;UN;42029200;1,00;0,00;0,00;17,72;71,50;17,72;71,50
Loja: 2 - NEWSHOP COMERCIO LTDA  ( DEPOSITO);Local: 15 - GALPÃO;27701;RB27026 ESTOJO SIMPLES 16X22X6;UN;42029200;5,00;0,00;0,00;17,71;71,50;88,55;357,50
Loja: 2 - NEWSHOP COMERCIO LTDA  ( DEPOSITO);Local: 15 - GALPÃO;27703;XWS2956 GUIRLANDA RUSTICA   23CM X 9CM;UN;94055000;16,00;0,00;0,00;1,00;67,50;16,00;1080,00
Loja: 2 - NEWSHOP COMERCIO LTDA  ( DEPOSITO);Local: 15 - GALPÃO;27709;MF8227-18 MOCHILA JUVENIL FEMININA 44*31*19 CM;UN;42029200;10,00;0,00;0,00;19,99;112,00;199,90;1120,00
Loja: 2 - NEWSHOP COMERCIO LTDA  ( DEPOSITO);Local: 15 - GALPÃO;27710;MNF55716 F8223-L LANCHEIRA JUVENIL FEMININA 20*22*11CM;UN;42029200;4,00;0,00;0,00;8,86;0,00;35,44;0,00
Loja: 2 - NEWSHOP COMERCIO LTDA  ( DEPOSITO);Local: 15 - GALPÃO;27722;MF8228-EST - E ESTOJO BOX RAINBOW 22*15*5CM;UN;42029200;48,00;0,00;0,00;6,83;40,00;327,84;1920,00
Loja: 2 - NEWSHOP COMERCIO LTDA  ( DEPOSITO);Local: 15 - GALPÃO;27725;MF8224-EST ESTOJO JUVENIL FEMININO  22*15*5CM;UN;42029200;48,00;0,00;0,00;6,07;35,50;291,36;1704,00
Loja: 2 - NEWSHOP COMERCIO LTDA  ( DEPOSITO);Local: 15 - GALPÃO;27727;MF8230-EST ESTOJO JUVENIL FEMININO;UN;42029200;96,00;0,00;0,00;6,07;35,50;582,72;3408,00
Loja: 2 - NEWSHOP COMERCIO LTDA  ( DEPOSITO);Local: 15 - GALPÃO;27729;MF8225-EST ESTOJO JUVENIL FEMININO  22*15*5CM;UN;42029200;48,00;0,00;0,00;6,07;35,50;291,36;1704,00
Loja: 2 - NEWSHOP COMERCIO LTDA  ( DEPOSITO);Local: 15 - GALPÃO;27736;RB26226 ESTOJO SIMPLES 16X22X6;UN;42029200;1,00;0,00;0,00;17,71;71,50;17,71;71,50
Loja: 2 - NEWSHOP COMERCIO LTDA  ( DEPOSITO);Local: 15 - GALPÃO;27737;"RB26228 LANCHEIRA TERMICA 10""";UN;42029200;4,00;0,00;0,00;21,65;87,50;86,60;350,00
Loja: 2 - NEWSHOP COMERCIO LTDA  ( DEPOSITO);Local: 15 - GALPÃO;27740;MF8227-EST ESTOJO JUVENIL FEMININO  22*15*5CM;UN;42029200;48,00;0,00;0,00;8,86;37,00;425,28;1776,00
Loja: 2 - NEWSHOP COMERCIO LTDA  ( DEPOSITO);Local: 15 - GALPÃO;27744;RB26240 ESTOJO SIMPLES 16X22X6;UN;42029200;9,00;0,00;0,00;17,71;71,50;159,39;643,50
Loja: 2 - NEWSHOP COMERCIO LTDA  ( DEPOSITO);Local: 15 - GALPÃO;27746;"RB26241 LANCHEIRA TERMICA 10""";UN;42029200;1,00;0,00;0,00;21,65;87,50;21,65;87,50
Loja: 2 - NEWSHOP COMERCIO LTDA  ( DEPOSITO);Local: 15 - GALPÃO;27751;MF8224-18 MOCHILA JUVENIL FEMININA 45*32*15CM;UN;42029200;2,00;0,00;0,00;17,72;103,00;35,44;206,00
Loja: 2 - NEWSHOP COMERCIO LTDA  ( DEPOSITO);Local: 15 - GALPÃO;27755;MF8239 MOCHILA JUVENIL FEMININA;UN;42029200;72,00;0,00;0,00;17,72;103,00;1275,84;7416,00
Loja: 2 - NEWSHOP COMERCIO LTDA  ( DEPOSITO);Local: 15 - GALPÃO;27756;MF8226-18 MOCHILA JUVENIL FEMININA 20;UN;42029200;72,00;0,00;0,00;18,22;106,00;1311,84;7632,00
Loja: 2 - NEWSHOP COMERCIO LTDA  ( DEPOSITO);Local: 15 - GALPÃO;27768;MM9193-18 MOCHILA JUVENIL MASCULINA 50*33*18CM;UN;42029200;72,00;0,00;0,00;19,23;112,00;1384,56;8064,00
Loja: 2 - NEWSHOP COMERCIO LTDA  ( DEPOSITO);Local: 15 - GALPÃO;27772;MM9193-EST ESTOJO JUVENIL MASCULINA 22*15*5CM;UN;42029200;48,00;0,00;0,00;6,32;37,00;303,36;1776,00
Loja: 2 - NEWSHOP COMERCIO LTDA  ( DEPOSITO);Local: 15 - GALPÃO;27774;MN4182 MOCHILA NOTEBOOK ALCA DE ACO 185  - 47*33*19 CM;UN;42029200;36,00;0,00;0,00;13,91;81,50;500,76;2934,00
Loja: 2 - NEWSHOP COMERCIO LTDA  ( DEPOSITO);Local: 15 - GALPÃO;27775;MF8232 MOCHILA JUVENIL FEMININA;UN;42029200;6,00;0,00;0,00;18,98;111,00;113,88;666,00
Loja: 2 - NEWSHOP COMERCIO LTDA  ( DEPOSITO);Local: 15 - GALPÃO;27776;MF8234 MOCHILA JUVENIL FEMININA;UN;42029200;21,00;0,00;0,00;18,98;111,00;398,58;2331,00
Loja: 2 - NEWSHOP COMERCIO LTDA  ( DEPOSITO);Local: 15 - GALPÃO;27778;MF8235 MOCHILA JUVENIL FEMININA;UN;42029200;77,00;0,00;0,00;18,98;111,00;1461,46;8547,00
Loja: 2 - NEWSHOP COMERCIO LTDA  ( DEPOSITO);Local: 15 - GALPÃO;27782;MF8238 MOCHILA JUVENIL FEMININA;UN;42029200;72,00;0,00;0,00;18,98;111,00;1366,56;7992,00
Loja: 2 - NEWSHOP COMERCIO LTDA  ( DEPOSITO);Local: 15 - GALPÃO;27785;MF8240 MOCHILA JUVENIL FEMININA;UN;42029200;72,00;0,00;0,00;18,98;111,00;1366,56;7992,00
Loja: 2 - NEWSHOP COMERCIO LTDA  ( DEPOSITO);Local: 15 - GALPÃO;27786;MF8241 MOCHILA JUVENIL FEMININA;UN;42029200;77,00;0,00;0,00;19,75;115,00;1520,75;8855,00
Loja: 2 - NEWSHOP COMERCIO LTDA  ( DEPOSITO);Local: 15 - GALPÃO;27790;MM9179 MOCHILA JUVENIL MASCULINA 46*32*16CM;UN;42029200;24,00;0,00;0,00;13,67;80,00;328,08;1920,00
Loja: 2 - NEWSHOP COMERCIO LTDA  ( DEPOSITO);Local: 15 - GALPÃO;27792;MM9179-E ESTOJO JUVENIL MASCULINO 23*12*65CM;UN;42029200;24,00;0,00;0,00;4,56;26,50;109,44;636,00
Loja: 2 - NEWSHOP COMERCIO LTDA  ( DEPOSITO);Local: 15 - GALPÃO;27800;MN4195 MOCHILA DE NOTEBOOK EM EVA C/ ALCA DE ACO 45*31*18CM;UN;42029200;24,00;0,00;0,00;16,96;99,00;407,04;2376,00
Loja: 2 - NEWSHOP COMERCIO LTDA  ( DEPOSITO);Local: 15 - GALPÃO;28036;ND7556-1 ENFEITE NATAL;UN;95051000;4,00;0,00;0,00;0,74;8,00;2,96;32,00
Loja: 2 - NEWSHOP COMERCIO LTDA  ( DEPOSITO);Local: 15 - GALPÃO;28391;MALU002 MOCHILA INFANTIL 16  41*30*13CM;UN;42029200;72,00;0,00;0,00;11,90;69,50;856,80;5004,00
Loja: 2 - NEWSHOP COMERCIO LTDA  ( DEPOSITO);Local: 15 - GALPÃO;28409;MALU001 MOCHILA INFANTIL 16  41*30*13CM;UN;42029200;48,00;0,00;0,00;11,90;69,50;571,20;3336,00
Loja: 2 - NEWSHOP COMERCIO LTDA  ( DEPOSITO);Local: 15 - GALPÃO;28411;MALU003 MOCHILA INFANTIL 13  34*27*10.5CM;UN;42029200;36,00;0,00;0,00;9,36;55,00;336,96;1980,00
Loja: 2 - NEWSHOP COMERCIO LTDA  ( DEPOSITO);Local: 15 - GALPÃO;28413;MALU004 BOLSA PORTA GARRAFA 23*15.5*9.5CM;UN;42022220;144,00;0,00;0,00;5,06;29,50;728,64;4248,00
Loja: 2 - NEWSHOP COMERCIO LTDA  ( DEPOSITO);Local: 15 - GALPÃO;28427;JM2138-4 KIT DE ACESSÓRIOS PARA BANHEIRO 6 PEÇAS;UN;39249000;528,00;0,00;0,00;10,64;0,00;5617,92;0,00
Loja: 2 - NEWSHOP COMERCIO LTDA  ( DEPOSITO);Local: 15 - GALPÃO;28685;YH6010-3 - PORTA JOIAS;UN;42029200;2160,00;0,00;0,00;0,92;9,99;1987,20;21578,40
Loja: 2 - NEWSHOP COMERCIO LTDA  ( DEPOSITO);Local: 15 - GALPÃO;28906;KIT 3 PEÇAS MOCHILA;UN;42022100;688,00;0,00;0,00;9,30;0,00;6398,40;0,00
Loja: 2 - NEWSHOP COMERCIO LTDA  ( DEPOSITO);Local: 15 - GALPÃO;28979;MF8242-C MOCHILA JUVENIL FEMININA CARRINHO 2 RODAS 45*33*16.5CM;UN;42029200;1,00;0,00;0,00;32,91;279,00;32,91;279,00
Loja: 2 - NEWSHOP COMERCIO LTDA  ( DEPOSITO);Local: 15 - GALPÃO;28982;LA43366 LANCHEIRA TERMICA FEMININA;UN;42029200;5,00;0,00;0,00;14,59;87,50;72,95;437,50
Loja: 2 - NEWSHOP COMERCIO LTDA  ( DEPOSITO);Local: 15 - GALPÃO;28984;EST12088 ESTOJO JUVENIL FEMININO;UN;42029200;120,00;0,00;0,00;4,56;26,50;547,20;3180,00
Loja: 2 - NEWSHOP COMERCIO LTDA  ( DEPOSITO);Local: 15 - GALPÃO;28985;EST12089 ESTOJO JUVENIL FEMININO;UN;42029200;60,00;0,00;0,00;4,56;26,50;273,60;1590,00
Loja: 2 - NEWSHOP COMERCIO LTDA  ( DEPOSITO);Local: 15 - GALPÃO;28986;MF8207-18 MOCHILA JUVENIL FEMININA 44*32*14CM;UN;42029200;48,00;0,00;0,00;15,70;92,00;753,60;4416,00
Loja: 2 - NEWSHOP COMERCIO LTDA  ( DEPOSITO);Local: 15 - GALPÃO;28987;MF8242-E ESTOJO JUVENIL FEMININO 20*22*11CM;UN;42029200;10,00;0,00;0,00;6,33;279,00;63,30;2790,00
Loja: 2 - NEWSHOP COMERCIO LTDA  ( DEPOSITO);Local: 15 - GALPÃO;29076;16-1669 - KIT MOCHILA - 3 PECAS;UN;42022220;369,00;0,00;0,00;4,07;149,90;1501,83;55313,10
Loja: 2 - NEWSHOP COMERCIO LTDA  ( DEPOSITO);Local: 15 - GALPÃO;29093;16-15 - KIT MOCHILA - 3 PECAS;UN;42029200;99,00;0,00;0,00;16,60;149,90;1643,40;14840,10
Loja: 2 - NEWSHOP COMERCIO LTDA  ( DEPOSITO);Local: 15 - GALPÃO;29324;SUP-CAR CARRINHO PARA MOCHILA ESCOLAR;UN;42029200;2398,00;0,00;0,00;10,00;55,00;23980,00;131890,00
Loja: 2 - NEWSHOP COMERCIO LTDA  ( DEPOSITO);Local: 15 - GALPÃO;29526;MF8202 MOCHILA JUVENIL FEMININA 45*32*15CM;UN;42029200;24,00;0,00;0,00;15,70;92,00;376,80;2208,00
Loja: 2 - NEWSHOP COMERCIO LTDA  ( DEPOSITO);Local: 15 - GALPÃO;29529;MF8242-EST ESTOJO JUVENIL FEMININO 20*22*11CM;UN;42029200;16,00;0,00;0,00;6,32;37,00;101,12;592,00
Loja: 2 - NEWSHOP COMERCIO LTDA  ( DEPOSITO);Local: 15 - GALPÃO;31729;LJ2340 - PLACA EM MATERIAL PLÁSTICO AUTO ADESIVO;UN;39189000;2160,00;0,00;0,00;3,87;5,99;8359,20;12938,40
Loja: 2 - NEWSHOP COMERCIO LTDA  ( DEPOSITO);Local: 15 - GALPÃO;31730;HQ2143 - ESPELHO EMOLDURADO;UN;70099200;120,00;0,00;0,00;25,40;169,00;3048,00;20280,00
Loja: 2 - NEWSHOP COMERCIO LTDA  ( DEPOSITO);Local: 15 - GALPÃO;31731;HQ2144 - ESPELHO EMOLDURADO;UN;70099200;160,00;0,00;0,00;17,05;109,00;2728,00;17440,00
Loja: 2 - NEWSHOP COMERCIO LTDA  ( DEPOSITO);Local: 15 - GALPÃO;31732;HQ2156 - ESPELHO EMOLDURADO;UN;70099200;120,00;0,00;0,00;15,15;109,00;1818,00;13080,00
Loja: 2 - NEWSHOP COMERCIO LTDA  ( DEPOSITO);Local: 15 - GALPÃO;31733;HQ2157 - ESPELHO EMOLDURADO EM MATERIAL PLÁSTICO;UN;70099200;150,00;0,00;0,00;24,37;169,00;3655,50;25350,00
Loja: 3 - NEWSHOP COMERCIO LTDA ( CD );Local: 15 - GALPÃO;446;BM-781 MOUSE PAD GAMER COM LED RGB - TAMANHO: 250*350MM;UN;39269090;-30,00;0,00;0,00;0,07;21,50;-2,10;-645,00
Loja: 3 - NEWSHOP COMERCIO LTDA ( CD );Local: 15 - GALPÃO;472;BM-751 MOUSE PAD COM APOIO DE PULSO EM GEL;UN;39269090;-30,00;0,00;0,00;0,03;19,00;-0,90;-570,00
Loja: 3 - NEWSHOP COMERCIO LTDA ( CD );Local: 15 - GALPÃO;480;BM-606 SENSOR DE PRESENCA INFRAVERMELHO COM VOLUME AJUSTAVEL;UN;85318000;-20,00;0,00;0,00;1,00;13,50;-20,00;-270,00
Loja: 3 - NEWSHOP COMERCIO LTDA ( CD );Local: 15 - GALPÃO;520;BM8629 - CABO COM CONECTOR USB PARA IOS;UN;85444200;-30,00;0,00;0,00;0,97;6,50;-29,10;-195,00
Loja: 3 - NEWSHOP COMERCIO LTDA ( CD );Local: 15 - GALPÃO;540;BM-8687 EXTENSAO COM 5 TOMADAS 3 METROS;UN;85366990;-90,00;0,00;0,00;2,23;28,00;-200,70;-2520,00
Loja: 3 - NEWSHOP COMERCIO LTDA ( CD );Local: 15 - GALPÃO;542;BM-8686 EXTENSAO COM 5 TOMADAS 2 METROS;UN;85366990;-40,00;0,00;0,00;0,03;26,50;-1,20;-1060,00
Loja: 3 - NEWSHOP COMERCIO LTDA ( CD );Local: 15 - GALPÃO;1224;BM-F925 MASSAGEADOR PARA OS PES EM FORMATO DE TAPETE;UN;90191000;-3,00;0,00;0,00;1,00;7,50;-3,00;-22,50
Loja: 3 - NEWSHOP COMERCIO LTDA ( CD );Local: 15 - GALPÃO;4389;ZZB3-1290 - MINI LIQUIDIFICADOR PORTATIL;UN;42029200;-15,00;0,00;0,00;0,27;28,70;-4,05;-430,50
Loja: 3 - NEWSHOP COMERCIO LTDA ( CD );Local: 15 - GALPÃO;4470;BT-320 ESTILETE MULTIUSO COM TRAVA;UN;82119390;-30,00;0,00;0,00;0,34;5,00;-10,20;-150,00
Loja: 3 - NEWSHOP COMERCIO LTDA ( CD );Local: 15 - GALPÃO;4517;BM-F1073 MINI LAVADOR PORTATIL - PARA PEQUENAS PECAS DE ROUPA/ROUPA INTIMA -;UN;85098090;-10,00;10,00;200,00;3,22;12,90;-32,20;-129,00
Loja: 3 - NEWSHOP COMERCIO LTDA ( CD );Local: 15 - GALPÃO;4543;BM-8411 LANTERNA MANUAL COM LAMPADA LED E BATERIA RECARREGAVEL;UN;85131010;-40,00;0,00;0,00;1,82;18,50;-72,80;-740,00
Loja: 3 - NEWSHOP COMERCIO LTDA ( CD );Local: 15 - GALPÃO;4826;8264 CINTO FEMININO SLIM COM FIVELA CURVA CRAVEJADA E PASSADOR DE CORAÇÃO;UN;39262000;-30,00;0,00;0,00;2,50;9,00;-75,00;-270,00
Loja: 3 - NEWSHOP COMERCIO LTDA ( CD );Local: 15 - GALPÃO;4875;3303 - PICADOR MANUAL PARALEGUMES E FRUTAS;UN;82055100;227,00;0,00;0,00;2,79;7,00;633,33;1589,00
Loja: 3 - NEWSHOP COMERCIO LTDA ( CD );Local: 15 - GALPÃO;5744;GX-400014 BOLSINHA TERMICA;UN;42022220;-22,00;0,00;0,00;5,58;32,50;-122,76;-715,00
Loja: 3 - NEWSHOP COMERCIO LTDA ( CD );Local: 15 - GALPÃO;5746;GX10-49C MOCHILA DE VIAGEM INFANTIL EM POLIESTER;UN;42029200;-5,00;0,00;0,00;0,26;90,00;-1,30;-450,00
Loja: 3 - NEWSHOP COMERCIO LTDA ( CD );Local: 15 - GALPÃO;7161;2017 SUPORTE CARRINHO PARA MOCHILA FEITO EM PLASTICO HASTE DE ALUMINIO;UN;42029200;-30,00;0,00;0,00;11,92;350,00;-357,60;-10500,00
Loja: 3 - NEWSHOP COMERCIO LTDA ( CD );Local: 15 - GALPÃO;8372;BOM-2060/2010 TORNEIRA COLORIDA FLEXIVEL DE PAREDE;UN;84818019;-19,00;0,00;0,00;5,40;67,00;-102,60;-1273,00
Loja: 3 - NEWSHOP COMERCIO LTDA ( CD );Local: 15 - GALPÃO;8396;BOM-2009 TORNEIRA COLORIDA FLEXIVEL COZINHA;UN;84818019;-24,00;0,00;0,00;8,82;68,50;-211,68;-1644,00
Loja: 3 - NEWSHOP COMERCIO LTDA ( CD );Local: 15 - GALPÃO;8498;BOM-8809 BOMBA DE AR BICICLETA;UN;84142000;-20,00;0,00;0,00;2,57;16,50;-51,40;-330,00
Loja: 3 - NEWSHOP COMERCIO LTDA ( CD );Local: 15 - GALPÃO;8514;BOM-7601 CONJ FERRAMENTAS JARDINAGEM 3 PECAS PA ANCINHO E GARFO;UN;82059000;-32,00;0,00;0,00;3,11;14,00;-99,52;-448,00
Loja: 3 - NEWSHOP COMERCIO LTDA ( CD );Local: 15 - GALPÃO;8519;BOM-3205 CHAVE MULTIFUNCIONAL PARA MANUTEÇÃO DE PIA;UN;82041200;-30,00;0,00;0,00;3,62;15,00;-108,60;-450,00
Loja: 3 - NEWSHOP COMERCIO LTDA ( CD );Local: 15 - GALPÃO;8520;BOM-3601 CONJUNTO DE MINI SERRA;UN;82021000;-40,00;0,00;0,00;3,93;21,50;-157,20;-860,00
Loja: 3 - NEWSHOP COMERCIO LTDA ( CD );Local: 15 - GALPÃO;8534;BOM-8802 BOMBA DE AR MANUAL;UN;84142000;-30,00;0,00;0,00;2,86;16,50;-85,80;-495,00
Loja: 3 - NEWSHOP COMERCIO LTDA ( CD );Local: 15 - GALPÃO;8555;BOM-8805 BOMBA DE AR MANUAL COMPACTA PARA BICICLETA;UN;82055900;-30,00;0,00;0,00;3,36;16,50;-100,80;-495,00
Loja: 3 - NEWSHOP COMERCIO LTDA ( CD );Local: 15 - GALPÃO;8588;BOM-3703 CONJUNTO DE ALICATES COM 3 ALICATES;UN;82032010;-30,00;0,00;0,00;3,33;24,50;-99,90;-735,00
Loja: 3 - NEWSHOP COMERCIO LTDA ( CD );Local: 15 - GALPÃO;8603;BOM-3905 CONJUNTO DE CHAVE CATRACA PROFISSIONAL;UN;82059000;181,00;0,00;0,00;11,59;45,00;2097,79;8145,00
Loja: 3 - NEWSHOP COMERCIO LTDA ( CD );Local: 15 - GALPÃO;8735;GX10-3022 MOCHILA;UN;42022220;-2,00;0,00;0,00;1,00;90,00;-2,00;-180,00
Loja: 3 - NEWSHOP COMERCIO LTDA ( CD );Local: 15 - GALPÃO;8771;BP-21052 ESCOVA ELETRICA PARA LIMPEZA USB - TENSAO: 5V/1A - POTENCIA: 25W;UN;85098090;-20,00;0,00;0,00;9,76;86,00;-195,20;-1720,00
Loja: 3 - NEWSHOP COMERCIO LTDA ( CD );Local: 15 - GALPÃO;8987;BOM-3304 ESTILETE + 3 LAMINAS;UN;82119290;-40,00;0,00;0,00;1,66;6,50;-66,40;-260,00
Loja: 3 - NEWSHOP COMERCIO LTDA ( CD );Local: 15 - GALPÃO;9071;BM-F998 ESCOVA ELETRICA PARA LIMPEZA USB - TENSAO: 5V/1A - POTENCIA: 3W -;UN;85098090;-38,00;0,00;0,00;1,00;27,50;-38,00;-1045,00
Loja: 3 - NEWSHOP COMERCIO LTDA ( CD );Local: 15 - GALPÃO;9174;GX10-1170 -BOLSA TERMICA UNISSEX EM POLIESTER;UN;42022220;-10,00;0,00;0,00;1,00;32,00;-10,00;-320,00
Loja: 3 - NEWSHOP COMERCIO LTDA ( CD );Local: 15 - GALPÃO;9345;2205 BORRACHA;UN;95045000;-1,00;0,00;0,00;1,00;17,50;-1,00;-17,50
Loja: 3 - NEWSHOP COMERCIO LTDA ( CD );Local: 15 - GALPÃO;9461;BOM-7613 MANGUEIRA DE JARDIM FLEXIVEL;UN;39173900;-10,00;0,00;0,00;9,32;57,00;-93,20;-570,00
Loja: 3 - NEWSHOP COMERCIO LTDA ( CD );Local: 15 - GALPÃO;9472;BOM-1223 CHAVE SOQUETE NINJA 3 PONTAS 10-11-13;UN;82055900;-48,00;0,00;0,00;2,16;6,50;-103,68;-312,00
Loja: 3 - NEWSHOP COMERCIO LTDA ( CD );Local: 15 - GALPÃO;9528;BOM-7610 MANGUEIRA DE JARDIM FLEXIVEL;UN;39173900;-20,00;0,00;0,00;5,37;35,00;-107,40;-700,00
Loja: 3 - NEWSHOP COMERCIO LTDA ( CD );Local: 15 - GALPÃO;9891;BOM-1606 ALICATE  UNIVERSAL  6  POLEGADAS;UN;82032010;-30,00;0,00;0,00;2,57;15,00;-77,10;-450,00
Loja: 3 - NEWSHOP COMERCIO LTDA ( CD );Local: 15 - GALPÃO;9945;BOM-1604 ALICATE DE BICO;UN;82032010;-73,00;0,00;0,00;2,45;18,00;-178,85;-1314,00
Loja: 3 - NEWSHOP COMERCIO LTDA ( CD );Local: 15 - GALPÃO;9997;BM-F1167 BANDAGEM ELASTICA PARA ESPORTES E TERAPIA SEM LATEX;UN;59061000;-39,00;0,00;0,00;1,86;9,00;-72,54;-351,00
Loja: 3 - NEWSHOP COMERCIO LTDA ( CD );Local: 15 - GALPÃO;10405;BM-F1126 RAQUETE ELELTRICA;UN;85437099;-21,00;0,00;0,00;1,00;37,00;-21,00;-777,00
Loja: 3 - NEWSHOP COMERCIO LTDA ( CD );Local: 15 - GALPÃO;10415;KAP-305-TY CABO COM CONECTOR USB PARA TYPE-C - TAMANHO: 1M;UN;85444200;198,00;0,00;0,00;0,53;4,00;104,94;792,00
Loja: 3 - NEWSHOP COMERCIO LTDA ( CD );Local: 15 - GALPÃO;10422;GX10-1183 MOCHILA FEMININA DE POLIESTER;UN;42029200;-12,00;0,00;0,00;0,00;108,00;0,00;-1296,00
Loja: 3 - NEWSHOP COMERCIO LTDA ( CD );Local: 15 - GALPÃO;10451;CS001-072;UN;82159100;-30,00;0,00;0,00;1,00;13,99;-30,00;-419,70
Loja: 3 - NEWSHOP COMERCIO LTDA ( CD );Local: 15 - GALPÃO;10466;ZY123-066 KIT COLHERES;UN;82159100;-15,00;0,00;0,00;0,01;14,00;-0,15;-210,00
Loja: 3 - NEWSHOP COMERCIO LTDA ( CD );Local: 15 - GALPÃO;10594;CC1177 ARTIGO DE PLASTICO VARAL COM PREGADOR;UN;39241000;-13,00;0,00;0,00;0,00;25,00;0,00;-325,00
Loja: 3 - NEWSHOP COMERCIO LTDA ( CD );Local: 15 - GALPÃO;10634;AS2414 - 3 RECIPIENTES DE PLASTICO E ESCORREDORES;UN;39249000;228,00;0,00;0,00;18,10;49,00;4126,80;11172,00
Loja: 3 - NEWSHOP COMERCIO LTDA ( CD );Local: 15 - GALPÃO;10754;SNG-0425 ORGANIZADOR DE ROUPAS  R$1900;UN;39249000;-87,00;0,00;0,00;3,40;19,00;-295,80;-1653,00
Loja: 3 - NEWSHOP COMERCIO LTDA ( CD );Local: 15 - GALPÃO;10850;GX10-25911 - NECESSAIRE G  FEMININA EM PVC;UN;42029200;-20,00;0,00;0,00;1,00;15,00;-20,00;-300,00
Loja: 3 - NEWSHOP COMERCIO LTDA ( CD );Local: 15 - GALPÃO;10857;AS1536 ORGANIZADOR DE TALHERES M;UN;39249000;230,00;0,00;0,00;2,79;25,00;641,70;5750,00
Loja: 3 - NEWSHOP COMERCIO LTDA ( CD );Local: 15 - GALPÃO;11152;BOM-1601 ALICATE DE BICO;UN;82032010;-30,00;0,00;0,00;2,23;16,00;-66,90;-480,00
Loja: 3 - NEWSHOP COMERCIO LTDA ( CD );Local: 15 - GALPÃO;11153;MWB-090 MISTURADOR DE CAFE;UN;84798210;-20,00;0,00;0,00;6,50;22,50;-130,00;-450,00
Loja: 3 - NEWSHOP COMERCIO LTDA ( CD );Local: 15 - GALPÃO;11472;BOM-3614 CONJ DE ACESSORIOS PARA BOMBA DE AR;UN;84149010;-20,00;0,00;0,00;1,00;4,50;-20,00;-90,00
Loja: 3 - NEWSHOP COMERCIO LTDA ( CD );Local: 15 - GALPÃO;11480;BOM-3626 CONJ PARA REPARO DE PNEUS;UN;35069110;239,00;0,00;0,00;1,79;9,00;427,81;2151,00
Loja: 3 - NEWSHOP COMERCIO LTDA ( CD );Local: 15 - GALPÃO;11524;BOM-6401 APARELHO DETECTOR DE TENSAO;UN;90303390;-80,00;0,00;0,00;2,13;10,00;-170,40;-800,00
Loja: 3 - NEWSHOP COMERCIO LTDA ( CD );Local: 15 - GALPÃO;11685;3096 BORRACHA DE APAGAR;UN;40169200;-1,00;0,00;0,00;1,00;8,50;-1,00;-8,50
Loja: 3 - NEWSHOP COMERCIO LTDA ( CD );Local: 15 - GALPÃO;12097;BOM-5001 CONJUNTO DE 9 BROCAS PARA FURADEIRA;UN;82071910;-30,00;0,00;0,00;1,00;12,50;-30,00;-375,00
Loja: 3 - NEWSHOP COMERCIO LTDA ( CD );Local: 15 - GALPÃO;12220;YP2728-18 - ESPONJA DE PLASTICO PARA APLICACAO DE COSMETICOS;UN;96162000;233,00;0,00;0,00;9,20;8,50;2143,60;1980,50
Loja: 3 - NEWSHOP COMERCIO LTDA ( CD );Local: 15 - GALPÃO;12271;BOM-9518 FERRO DE SOLDA 220V-60W;UN;84678900;-30,00;0,00;0,00;1,87;21,50;-56,10;-645,00
Loja: 3 - NEWSHOP COMERCIO LTDA ( CD );Local: 15 - GALPÃO;12317;BM-F1018 LUMINARIA DE MESA LED - FREQUENCIA: 50/60HZ;UN;94052100;-25,00;0,00;0,00;1,00;28,50;-25,00;-712,50
Loja: 3 - NEWSHOP COMERCIO LTDA ( CD );Local: 15 - GALPÃO;12331;BM-F1094 APARELHO REMOVEDOR DE FIAPOS RECARREGAVEL VIA USB;UN;85098090;182,00;10,00;20,00;2,64;22,00;480,48;4004,00
Loja: 3 - NEWSHOP COMERCIO LTDA ( CD );Local: 15 - GALPÃO;12496;BOM-2761 CONJUNTO COM 4 RODIZIOS SENDO 2 GIRATORIOS E 2 FIXOS;UN;83022000;-30,00;0,00;0,00;2,47;15,00;-74,10;-450,00
Loja: 3 - NEWSHOP COMERCIO LTDA ( CD );Local: 15 - GALPÃO;12502;BOM-5308 CONJUNTO DE BUCHAS;UN;39269090;-30,00;0,00;0,00;1,00;7,00;-30,00;-210,00
Loja: 3 - NEWSHOP COMERCIO LTDA ( CD );Local: 15 - GALPÃO;12637;MY-7064 SUPORTE PARA CELULAR MOTO;UN;85177900;-30,00;0,00;0,00;2,42;21,00;-72,60;-630,00
Loja: 3 - NEWSHOP COMERCIO LTDA ( CD );Local: 15 - GALPÃO;12709;BOM-5003 JOGO DE BITS DUPLOS 65MM PARA PARAFUSADEIRA COM PONTAMAGNETICA;UN;82059000;-42,00;0,00;0,00;1,50;8,50;-63,00;-357,00
Loja: 3 - NEWSHOP COMERCIO LTDA ( CD );Local: 15 - GALPÃO;12876;ST-427 - SORTIDO CONSTITUIDO POR OITO CHAVES DE FENDA DE PRECISA;UN;82059000;-1,00;0,00;0,00;1,00;18,00;-1,00;-18,00
Loja: 3 - NEWSHOP COMERCIO LTDA ( CD );Local: 15 - GALPÃO;12981;BOM-5002 CONJUNTO PONTEIRA IMANTADA C LIMITADOR;UN;82059000;-20,00;0,00;0,00;2,48;31,50;-49,60;-630,00
Loja: 3 - NEWSHOP COMERCIO LTDA ( CD );Local: 15 - GALPÃO;12988;BOM-1505 MINI MAQUINA DE COSTURA;UN;84522990;-20,00;0,00;0,00;12,40;72,00;-248,00;-1440,00
Loja: 3 - NEWSHOP COMERCIO LTDA ( CD );Local: 15 - GALPÃO;13001;BOM-3600 CONJ DE SERROTES 2 PCAS;UN;82021000;-24,00;0,00;0,00;5,24;0,00;-125,76;0,00
Loja: 3 - NEWSHOP COMERCIO LTDA ( CD );Local: 15 - GALPÃO;13023;BOM-9517 FERRO DE SOLDA 40W;UN;84678900;-30,00;0,00;0,00;2,47;23,00;-74,10;-690,00
Loja: 3 - NEWSHOP COMERCIO LTDA ( CD );Local: 15 - GALPÃO;13028;BOM-9960 PARAFUSADEIRA BATERIA 12V;UN;84672992;-20,00;0,00;0,00;17,59;117,00;-351,80;-2340,00
Loja: 3 - NEWSHOP COMERCIO LTDA ( CD );Local: 15 - GALPÃO;13029;BOM-9961 PARAFUSADEIRA BATERIA 21V;UN;84672992;-20,00;0,00;0,00;17,05;122,00;-341,00;-2440,00
Loja: 3 - NEWSHOP COMERCIO LTDA ( CD );Local: 15 - GALPÃO;13327;HQ1943 ESPELHO EMOLDURADO EM MATERIAL PLASTICO;UN;70099200;-36,00;0,00;0,00;8,09;35,00;-291,24;-1260,00
Loja: 3 - NEWSHOP COMERCIO LTDA ( CD );Local: 15 - GALPÃO;13332;HQ1948 ESPELHO EMOLDURADO EM MATERIAL PLASTICO;UN;70099200;188,00;0,00;0,00;15,21;90,00;2859,48;16920,00
Loja: 3 - NEWSHOP COMERCIO LTDA ( CD );Local: 15 - GALPÃO;13334;CC2306 CONJ. COM PRATO EM MATERIAL PLASTICO;UN;39241000;187,00;0,00;0,00;2,79;3,50;521,73;654,50
Loja: 3 - NEWSHOP COMERCIO LTDA ( CD );Local: 15 - GALPÃO;13349;HQ1964 ESPELHO EMOLDURADO EM MATERIAL PLASTICO;UN;70099200;182,00;0,00;0,00;1,81;9,90;329,42;1801,80
Loja: 3 - NEWSHOP COMERCIO LTDA ( CD );Local: 15 - GALPÃO;13362;HQ1976 ESPELHO EMOLDURADO EM MATERIAL PLASTICO;UN;70099200;-8,00;0,00;0,00;1,00;215,00;-8,00;-1720,00
Loja: 3 - NEWSHOP COMERCIO LTDA ( CD );Local: 15 - GALPÃO;13427;LC1893 POTE DE VIDRO;UN;70134900;200,00;0,00;0,00;2,79;20,00;558,00;4000,00
Loja: 3 - NEWSHOP COMERCIO LTDA ( CD );Local: 15 - GALPÃO;13499;JL1475 PLACA EM MATERIAL PLASTICO AUTO ADESIVO;UN;39189000;240,00;0,00;0,00;1,81;13,00;434,40;3120,00
Loja: 3 - NEWSHOP COMERCIO LTDA ( CD );Local: 15 - GALPÃO;13500;JL1476 PLACA EM MATERIAL PLASTICO AUTO ADESIVO;UN;39189000;240,00;0,00;0,00;1,81;13,00;434,40;3120,00
Loja: 3 - NEWSHOP COMERCIO LTDA ( CD );Local: 15 - GALPÃO;13501;JL1477 PLACA EM MATERIAL PLASTICO AUTO ADESIVO;UN;39189000;240,00;0,00;0,00;1,81;13,00;434,40;3120,00
Loja: 3 - NEWSHOP COMERCIO LTDA ( CD );Local: 15 - GALPÃO;13502;JL1478 PLACA EM MATERIAL PLASTICO AUTO ADESIVO;UN;39189000;240,00;0,00;0,00;1,81;13,00;434,40;3120,00
Loja: 3 - NEWSHOP COMERCIO LTDA ( CD );Local: 15 - GALPÃO;13510;JL1487 PLACA EM MATERIAL PLASTICO AUTO ADESIVO;UN;39189000;200,00;0,00;0,00;4,26;30,50;852,00;6100,00
Loja: 3 - NEWSHOP COMERCIO LTDA ( CD );Local: 15 - GALPÃO;13511;JL1488 PLACA EM MATERIAL PLASTICO AUTO ADESIVO;UN;39189000;200,00;0,00;0,00;3,14;30,50;628,00;6100,00
Loja: 3 - NEWSHOP COMERCIO LTDA ( CD );Local: 15 - GALPÃO;13512;JL1496 PLACA EM MATERIAL PLASTICO AUTO ADESIVO;UN;39189000;240,00;0,00;0,00;1,89;13,50;453,60;3240,00
Loja: 3 - NEWSHOP COMERCIO LTDA ( CD );Local: 15 - GALPÃO;13513;JL1459 PROTETOR EM MATERIAL PLASTICO ANTIADERENTE;UN;39189000;240,00;0,00;0,00;2,37;17,00;568,80;4080,00
Loja: 3 - NEWSHOP COMERCIO LTDA ( CD );Local: 15 - GALPÃO;13514;JL1460 PROTETOR EM MATERIAL PLASTICO ANTIADERENTE;UN;39189000;240,00;0,00;0,00;2,37;17,00;568,80;4080,00
Loja: 3 - NEWSHOP COMERCIO LTDA ( CD );Local: 15 - GALPÃO;13515;JL1461 PROTETOR EM MATERIAL PLASTICO ANTIADERENTE;UN;39269090;240,00;0,00;0,00;2,65;19,00;636,00;4560,00
Loja: 3 - NEWSHOP COMERCIO LTDA ( CD );Local: 15 - GALPÃO;13516;JL1489 FITA AUTOADESIVA;UN;39191020;200,00;0,00;0,00;2,65;19,00;530,00;3800,00
Loja: 3 - NEWSHOP COMERCIO LTDA ( CD );Local: 15 - GALPÃO;13517;JL1490 FITA AUTOADESIVA;UN;39191020;200,00;0,00;0,00;1,81;13,00;362,00;2600,00
Loja: 3 - NEWSHOP COMERCIO LTDA ( CD );Local: 15 - GALPÃO;13518;JL1491 FITA AUTOADESIVA;UN;39191020;200,00;0,00;0,00;4,92;13,00;984,00;2600,00
Loja: 3 - NEWSHOP COMERCIO LTDA ( CD );Local: 15 - GALPÃO;13532;CC2304 CONJ. COM PRATO EM MATERIAL PLASTICO;UN;39241000;240,00;0,00;0,00;0,93;3,50;223,20;840,00
Loja: 3 - NEWSHOP COMERCIO LTDA ( CD );Local: 15 - GALPÃO;13533;CC2305 CONJ. COM PRATO EM MATERIAL PLASTICO;UN;39241000;230,00;0,00;0,00;1,20;3,50;276,00;805,00
Loja: 3 - NEWSHOP COMERCIO LTDA ( CD );Local: 15 - GALPÃO;13534;CC2307 CONJ. COM PRATO EM MATERIAL PLASTICO;UN;39241000;240,00;0,00;0,00;1,21;6,50;290,40;1560,00
Loja: 3 - NEWSHOP COMERCIO LTDA ( CD );Local: 15 - GALPÃO;13535;CC2308 CONJ. COM PRATO EM MATERIAL PLASTICO;UN;39241000;200,00;0,00;0,00;2,79;3,50;558,00;700,00
Loja: 3 - NEWSHOP COMERCIO LTDA ( CD );Local: 15 - GALPÃO;13536;CC2309 CONJ. COM PRATO EM MATERIAL PLASTICO;UN;39241000;230,00;0,00;0,00;1,20;3,50;276,00;805,00
Loja: 3 - NEWSHOP COMERCIO LTDA ( CD );Local: 15 - GALPÃO;13537;CC2310 CONJ. COM PRATO EM MATERIAL PLASTICO;UN;39241000;240,00;0,00;0,00;1,21;3,50;290,40;840,00
Loja: 3 - NEWSHOP COMERCIO LTDA ( CD );Local: 15 - GALPÃO;13564;CC1208 KIT VASILHA 6UN;UN;39241000;-30,00;0,00;0,00;1,72;18,50;-51,60;-555,00
Loja: 3 - NEWSHOP COMERCIO LTDA ( CD );Local: 15 - GALPÃO;13571;CC1233 SUPORTE EM MATERIAL PLASTICO;UN;39249000;-33,00;0,00;0,00;7,50;7,50;-247,50;-247,50
Loja: 3 - NEWSHOP COMERCIO LTDA ( CD );Local: 15 - GALPÃO;13586;HS2784 MINI MOVEL DE PRATELEIRAS VAZADAS;UN;94037000;200,00;0,00;0,00;3,53;8,99;706,00;1798,00
Loja: 3 - NEWSHOP COMERCIO LTDA ( CD );Local: 15 - GALPÃO;13594;HS2791 MINI MOVEL DE PRATELEIRAS VAZADAS;UN;94037000;198,00;0,00;0,00;2,36;11,50;467,28;2277,00
Loja: 3 - NEWSHOP COMERCIO LTDA ( CD );Local: 15 - GALPÃO;13598;HS2795 MINI MOVEL DE PRATELEIRAS VAZADAS;UN;94037000;200,00;0,00;0,00;5,02;27,00;1004,00;5400,00
Loja: 3 - NEWSHOP COMERCIO LTDA ( CD );Local: 15 - GALPÃO;13677;L801 - CROCS - ACOMPANHA ACESSORIOS;UN;64029990;-37,00;0,00;0,00;8,33;38,00;-308,21;-1406,00
Loja: 3 - NEWSHOP COMERCIO LTDA ( CD );Local: 15 - GALPÃO;13742;SD1073 COPO DE VIDRO USO DOMÉSTICO OURO 1500$;UN;70133700;233,00;0,00;0,00;0,87;8,00;202,71;1864,00
Loja: 3 - NEWSHOP COMERCIO LTDA ( CD );Local: 15 - GALPÃO;13751;SD1012 COPO DE VIDRO USO DOMÉSTICO;UN;70133700;186,00;0,00;0,00;2,02;5,00;375,72;930,00
Loja: 3 - NEWSHOP COMERCIO LTDA ( CD );Local: 15 - GALPÃO;14018;OIH-2451 MINI MIXER ELETRONICO PORTATIL;UN;85098090;-50,00;0,00;0,00;1,25;9,50;-62,50;-475,00
Loja: 3 - NEWSHOP COMERCIO LTDA ( CD );Local: 15 - GALPÃO;14019;2182-5 COZY AND FLUFFY GREEN - LIVRO DE COLORIR;UN;49030000;-5,00;0,00;0,00;1,00;29,90;-5,00;-149,50
Loja: 3 - NEWSHOP COMERCIO LTDA ( CD );Local: 15 - GALPÃO;14075;OIH-2701 SELADORA MANUAL:;UN;84224090;200,00;0,00;0,00;1,14;12,00;228,00;2400,00
Loja: 3 - NEWSHOP COMERCIO LTDA ( CD );Local: 15 - GALPÃO;14104;SM3006 CHAVEIRO;UN;71171900;180,00;0,00;0,00;2,79;26,00;502,20;4680,00
Loja: 3 - NEWSHOP COMERCIO LTDA ( CD );Local: 15 - GALPÃO;14125;OI-TO136 EXTENSAO 6 PORTAS COM 4 USB E 1 CONVERSOR;UN;85042100;-20,00;0,00;0,00;1,00;39,00;-20,00;-780,00
Loja: 3 - NEWSHOP COMERCIO LTDA ( CD );Local: 15 - GALPÃO;14134;OI-TO143-EXTENSAO COM 5 TOMADAS E 4 ENTRADAS USB;UN;85042100;-30,00;0,00;0,00;1,00;42,50;-30,00;-1275,00
Loja: 3 - NEWSHOP COMERCIO LTDA ( CD );Local: 15 - GALPÃO;14165;OI-0295 - SUPORTE ORGANIZADOR;UN;39249000;-1,00;0,00;0,00;1,00;54,00;-1,00;-54,00
Loja: 3 - NEWSHOP COMERCIO LTDA ( CD );Local: 15 - GALPÃO;14204;LU-DSJ-02 MINI GRAMPEADOR;UN;39269090;-1,00;0,00;0,00;1,00;18,00;-1,00;-18,00
Loja: 3 - NEWSHOP COMERCIO LTDA ( CD );Local: 15 - GALPÃO;14223;BOM-1323 FITA ADESIVA DE SINALIZACAO PVC;UN;39191020;-1,00;0,00;0,00;2,13;12,00;-2,13;-12,00
Loja: 3 - NEWSHOP COMERCIO LTDA ( CD );Local: 15 - GALPÃO;14359;LE-0204 FONE DE OUVIDO:;UN;85183000;185,00;0,00;0,00;1,48;8,00;273,80;1480,00
Loja: 3 - NEWSHOP COMERCIO LTDA ( CD );Local: 15 - GALPÃO;14363;LE-0261 FONE DE OUVIDO;UN;85183000;-30,00;0,00;0,00;0,84;11,00;-25,20;-330,00
Loja: 3 - NEWSHOP COMERCIO LTDA ( CD );Local: 15 - GALPÃO;14388;LE-883 CABO DE DADOS TIPO C;UN;85444200;-40,00;0,00;0,00;5,11;10,00;-204,40;-400,00
Loja: 3 - NEWSHOP COMERCIO LTDA ( CD );Local: 15 - GALPÃO;14476;TP8012 - TAPETE EM MATERIAL PLASTICO;UN;39269090;-19,00;0,00;0,00;1,00;33,00;-19,00;-627,00
Loja: 3 - NEWSHOP COMERCIO LTDA ( CD );Local: 15 - GALPÃO;14511;CC2337 - BANDEJA EM MATERIAL PLASTICO;UN;39189000;-29,00;0,00;0,00;1,00;55,00;-29,00;-1595,00
Loja: 3 - NEWSHOP COMERCIO LTDA ( CD );Local: 15 - GALPÃO;14691;SD13513 PLACA EM MATERIAL PLASTICO AUTO ADESIVO;UN;42029200;200,00;0,00;0,00;0,09;99,00;18,00;19800,00
Loja: 3 - NEWSHOP COMERCIO LTDA ( CD );Local: 15 - GALPÃO;15015;BOM-3303 ESTILETE MUITIUSO DOBRAVEL COM TRAVA;UN;82119390;-72,00;0,00;0,00;0,95;8,00;-68,40;-576,00
Loja: 3 - NEWSHOP COMERCIO LTDA ( CD );Local: 15 - GALPÃO;15052;ST-816 - LIXEIRA AUTOMATICA COM SENSOR DE APROXIMACAO;UN;85098090;-1,00;0,00;0,00;63,00;63,00;-63,00;-63,00
Loja: 3 - NEWSHOP COMERCIO LTDA ( CD );Local: 15 - GALPÃO;15085;OI-0134 - PORTA OVOS DE PLASTICO PARA COZINHA;UN;39241000;-6,00;0,00;0,00;10,11;39,00;-60,66;-234,00
Loja: 3 - NEWSHOP COMERCIO LTDA ( CD );Local: 15 - GALPÃO;15086;OI-0191 - PORTA SABONETE DE PLASTICO PARA USO DOMESTICO;UN;39249000;-20,00;0,00;0,00;2,91;13,00;-58,20;-260,00
Loja: 3 - NEWSHOP COMERCIO LTDA ( CD );Local: 15 - GALPÃO;15089;OI-0431 - CABIDE DE METAL COM MADEIRA COMUM PARA USO DOMESTICO;UN;73239900;-30,00;0,00;0,00;1,99;8,00;-59,70;-240,00
Loja: 3 - NEWSHOP COMERCIO LTDA ( CD );Local: 15 - GALPÃO;15428;BOM-1607 ALICATE DE BICO RETO;UN;82032010;-30,00;0,00;0,00;3,00;15,00;-90,00;-450,00
Loja: 3 - NEWSHOP COMERCIO LTDA ( CD );Local: 15 - GALPÃO;15431;BOM-2132 DUCHA HIGIENICA (BIDE) DE ACO INOX - TAMANHO: 120CM BOM-2171;UN;84818019;-1,00;0,00;0,00;2,13;26,00;-2,13;-26,00
Loja: 3 - NEWSHOP COMERCIO LTDA ( CD );Local: 15 - GALPÃO;15432;BOM-7423 MASCARA FACIAL TRANSPARENTE;UN;39269090;229,00;0,00;0,00;2,20;20,00;503,80;4580,00
Loja: 3 - NEWSHOP COMERCIO LTDA ( CD );Local: 15 - GALPÃO;15461;OIH-2025 FRIGIDEIRA ANTIADERENTE;UN;73239900;-12,00;0,00;0,00;1,00;95,00;-12,00;-1140,00
Loja: 3 - NEWSHOP COMERCIO LTDA ( CD );Local: 15 - GALPÃO;15496;2365-2 HELLO KITTY AND FRIENDS - COZY COLORING BOOK;UN;49030000;181,00;0,00;0,00;19,95;9,90;3610,95;1791,90
Loja: 3 - NEWSHOP COMERCIO LTDA ( CD );Local: 15 - GALPÃO;15500;OI-0234 - ESCORREDOR DE LOUCA DE METAL COMUM PARA COZINHA;UN;73239900;-10,00;0,00;0,00;24,36;109,00;-243,60;-1090,00
Loja: 3 - NEWSHOP COMERCIO LTDA ( CD );Local: 15 - GALPÃO;15506;83302 BOBBIE GOODS COLORING BOOK;UN;49030000;231,00;0,00;0,00;3,49;25,00;806,19;5775,00
Loja: 3 - NEWSHOP COMERCIO LTDA ( CD );Local: 15 - GALPÃO;15552;OI-0120 - ORGANIZADOR DE METAL COMUM PARA SAPATOS DE USO DOMESTICO;UN;73239900;-16,00;0,00;0,00;1,00;57,00;-16,00;-912,00
Loja: 3 - NEWSHOP COMERCIO LTDA ( CD );Local: 15 - GALPÃO;15617;W3016 BOLSA FEMININA G;UN;42022220;-20,00;0,00;0,00;0,00;38,00;0,00;-760,00
Loja: 3 - NEWSHOP COMERCIO LTDA ( CD );Local: 15 - GALPÃO;15622;W3017 BOLSA FEMININA G;UN;42022220;-30,00;0,00;0,00;0,00;38,00;0,00;-1140,00
Loja: 3 - NEWSHOP COMERCIO LTDA ( CD );Local: 15 - GALPÃO;15744;OI-0181 - ABRIDOR DE GARRAFAS;UN;82055100;-16,00;0,00;0,00;1,00;12,00;-16,00;-192,00
Loja: 3 - NEWSHOP COMERCIO LTDA ( CD );Local: 15 - GALPÃO;15788;BOM-9546 ESMERILHADEIRA ANGULAR;UN;84672999;-10,00;0,00;0,00;37,57;134,00;-375,70;-1340,00
Loja: 3 - NEWSHOP COMERCIO LTDA ( CD );Local: 15 - GALPÃO;15789;BOM-5536 KIT DE 10 BASTOES DE COLA QUENTE 10MM;UN;35069190;-25,00;0,00;0,00;1,52;6,00;-38,00;-150,00
Loja: 3 - NEWSHOP COMERCIO LTDA ( CD );Local: 15 - GALPÃO;15793;BOM-2861 VEICULO NAO AUTOPROPULSADO SENDO CARRINHO DOBRAVEL MANUAL;UN;87168000;-6,00;0,00;0,00;23,74;208,00;-142,44;-1248,00
Loja: 3 - NEWSHOP COMERCIO LTDA ( CD );Local: 15 - GALPÃO;15920;3829 COZY AND CUTE - LIVRO DE COLORIR;UN;49019900;-1,00;0,00;0,00;1,00;16,00;-1,00;-16,00
Loja: 3 - NEWSHOP COMERCIO LTDA ( CD );Local: 15 - GALPÃO;15996;OIH-4206 CAIXINHA ORGANIZADORA DE JOIAS;UN;42021210;-1,00;0,00;0,00;1,00;41,99;-1,00;-41,99
Loja: 3 - NEWSHOP COMERCIO LTDA ( CD );Local: 15 - GALPÃO;15997;TG-B3339 FITA CORRETIVO;UN;96082000;-1,00;0,00;0,00;1,00;8,00;-1,00;-8,00
Loja: 3 - NEWSHOP COMERCIO LTDA ( CD );Local: 15 - GALPÃO;16025;OIH-2650 PULVERIZADOR DE OLEO;UN;70134900;161,00;0,00;0,00;1,09;16,00;175,49;2576,00
Loja: 3 - NEWSHOP COMERCIO LTDA ( CD );Local: 15 - GALPÃO;16108;CY-BF CADERNO ADESIVO INFANTIL;UN;39019090;-1,00;0,00;0,00;1,00;8,00;-1,00;-8,00
Loja: 3 - NEWSHOP COMERCIO LTDA ( CD );Local: 15 - GALPÃO;16119;SZ-209 CADERNO ADESIVO INFANTIL;UN;39019090;-1,00;0,00;0,00;0,92;5,00;-0,92;-5,00
Loja: 3 - NEWSHOP COMERCIO LTDA ( CD );Local: 15 - GALPÃO;16150;YY008  BRINQUEDO DE PELUCIA -20CM;UN;95030031;229,00;0,00;0,00;3,60;36,00;824,40;8244,00
Loja: 3 - NEWSHOP COMERCIO LTDA ( CD );Local: 15 - GALPÃO;16298;FZ-140 MESA DE METAL;UN;94037000;-3,00;0,00;0,00;1,00;64,00;-3,00;-192,00
Loja: 3 - NEWSHOP COMERCIO LTDA ( CD );Local: 15 - GALPÃO;16306;BM-A08 BALANCA DIGITAL DE  MESAPARA USO DOMESTCO:;UN;84231000;-35,00;0,00;0,00;1,00;19,00;-35,00;-665,00
Loja: 3 - NEWSHOP COMERCIO LTDA ( CD );Local: 15 - GALPÃO;16316;BM-A06 BALANCO DIGITAL PARA MALA:;UN;84231000;-30,00;20,00;50,00;1,59;14,50;-47,70;-435,00
Loja: 3 - NEWSHOP COMERCIO LTDA ( CD );Local: 15 - GALPÃO;16417;LEY-238 - MINI GAME PORTATIL RETRO COM 400 JOGOS;UN;95049090;-50,00;0,00;0,00;0,00;29,90;0,00;-1495,00
Loja: 3 - NEWSHOP COMERCIO LTDA ( CD );Local: 15 - GALPÃO;16425;BM-F930 MINI PROCESSADOR/TRITURADOR DE ALIMENTOS;UN;85098090;-100,00;0,00;0,00;0,88;9,00;-88,00;-900,00
Loja: 3 - NEWSHOP COMERCIO LTDA ( CD );Local: 15 - GALPÃO;16431;LEY-1514 - MOUSE OPTICO COM FIO;UN;84716053;-30,00;0,00;0,00;1,90;10,00;-57,00;-300,00
Loja: 3 - NEWSHOP COMERCIO LTDA ( CD );Local: 15 - GALPÃO;16441;LEY-1506 - MOUSE OPTICO COM FIO;UN;84716053;-1,00;0,00;0,00;1,00;10,00;-1,00;-10,00
Loja: 3 - NEWSHOP COMERCIO LTDA ( CD );Local: 15 - GALPÃO;16445;MINI CAIXINHA DE SOM;UN;85271300;198,00;0,00;0,00;1,47;21,50;291,06;4257,00
Loja: 3 - NEWSHOP COMERCIO LTDA ( CD );Local: 15 - GALPÃO;16624;RIBBON;UN;96121000;180,00;0,00;0,00;15,00;0,00;2700,00;0,00
Loja: 3 - NEWSHOP COMERCIO LTDA ( CD );Local: 15 - GALPÃO;16724;OI-0122 ORGANIZADOR DE ROUPAS DE METAL;UN;73239900;-20,00;0,00;0,00;1,00;126,00;-20,00;-2520,00
Loja: 3 - NEWSHOP COMERCIO LTDA ( CD );Local: 15 - GALPÃO;16739;OI-0238 - DESCASCADOR DE ALIMENTOS;UN;82055100;-20,00;0,00;0,00;0,79;6,00;-15,80;-120,00
Loja: 3 - NEWSHOP COMERCIO LTDA ( CD );Local: 15 - GALPÃO;16811;LKJ-171 UMIDIFICADOR DE AR PURO AROMATIZADOR PORTATIL CARREGAMENTO VIA CABO USB;UN;85098090;-24,00;10,00;20,00;1,00;49,50;-24,00;-1188,00
Loja: 3 - NEWSHOP COMERCIO LTDA ( CD );Local: 15 - GALPÃO;16816;LLP-70160 SACOLA DE PRESENTE;UN;48194000;-20,00;0,00;0,00;1,00;7,50;-20,00;-150,00
Loja: 3 - NEWSHOP COMERCIO LTDA ( CD );Local: 15 - GALPÃO;16820;LLP-70151-L SACOLAS PARA PRESENTE DE PAPEL COM ESTAMPA DE URSOS;UN;48194000;-17,00;0,00;0,00;0,88;9,50;-14,96;-161,50
Loja: 3 - NEWSHOP COMERCIO LTDA ( CD );Local: 15 - GALPÃO;16841;LLP-70255 CAIXA DE PRESENTE DE DIVERSAS CORES E FORMAS;UN;48194000;-2,00;0,00;0,00;1,00;12,50;-2,00;-25,00
Loja: 3 - NEWSHOP COMERCIO LTDA ( CD );Local: 15 - GALPÃO;16847;SM022073 PIRANHA;UN;96151100;186,00;0,00;0,00;0,50;6,00;93,00;1116,00
Loja: 3 - NEWSHOP COMERCIO LTDA ( CD );Local: 15 - GALPÃO;16856;CXQ-9019 BOLSA PRA CHINELO;UN;42022210;-20,00;0,00;0,00;0,46;22,50;-9,20;-450,00
Loja: 3 - NEWSHOP COMERCIO LTDA ( CD );Local: 15 - GALPÃO;16877;OIH-6370 RELOGIO DE PAREDE;UN;91052100;-10,00;0,00;0,00;1,00;47,00;-10,00;-470,00
Loja: 3 - NEWSHOP COMERCIO LTDA ( CD );Local: 15 - GALPÃO;16923;001-PCT DE BANDEIRINHA N4;UN;61034300;200,00;0,00;0,00;1,20;5,00;240,00;1000,00
Loja: 3 - NEWSHOP COMERCIO LTDA ( CD );Local: 15 - GALPÃO;16945;MM-3 SUPORTE DE MAQUIAGEM;UN;39269090;-24,00;0,00;0,00;3,72;38,90;-89,28;-933,60
Loja: 3 - NEWSHOP COMERCIO LTDA ( CD );Local: 15 - GALPÃO;16966;SLK-D06 FACA PARA PESCA E CACA;UN;82119220;-1,00;0,00;0,00;1,00;20,00;-1,00;-20,00
Loja: 3 - NEWSHOP COMERCIO LTDA ( CD );Local: 15 - GALPÃO;17000;46050 RECIPIENTE DE UTENSILIOS;UN;39241000;-2,00;0,00;0,00;1,00;28,00;-2,00;-56,00
Loja: 3 - NEWSHOP COMERCIO LTDA ( CD );Local: 15 - GALPÃO;17055;SLK-K24 FACA PARA PESCA E CACA;UN;82119220;-12,00;0,00;0,00;9,85;61,50;-118,20;-738,00
Loja: 3 - NEWSHOP COMERCIO LTDA ( CD );Local: 15 - GALPÃO;17065;C801 - CROCS COM ACESSORIOS;UN;64029990;-37,00;0,00;0,00;8,08;38,00;-298,96;-1406,00
Loja: 3 - NEWSHOP COMERCIO LTDA ( CD );Local: 15 - GALPÃO;17102;SLK-A70 FACA PARA PESCA E CACA;UN;82119220;-24,00;0,00;0,00;3,40;27,50;-81,60;-660,00
Loja: 3 - NEWSHOP COMERCIO LTDA ( CD );Local: 15 - GALPÃO;17237;GX10-1122 BOLSINHA MASCULINA DE PVC;UN;42022210;-21,00;0,00;0,00;6,14;17,50;-128,94;-367,50
Loja: 3 - NEWSHOP COMERCIO LTDA ( CD );Local: 15 - GALPÃO;17308;NTD-161-FITA DE LED RGB COM CONTROLE REMOTO 5M;UN;94054200;-30,00;0,00;0,00;1,00;32,00;-30,00;-960,00
Loja: 3 - NEWSHOP COMERCIO LTDA ( CD );Local: 15 - GALPÃO;17316;NLB-001 PRANCHA ALISADORA ELETRICA DE CABELO;UN;85163200;-1,00;0,00;0,00;1,00;27,00;-1,00;-27,00
Loja: 3 - NEWSHOP COMERCIO LTDA ( CD );Local: 15 - GALPÃO;17348;LE-873V CABO DE DADOS USB PARA MICRO V8;UN;85444200;-1,00;0,00;0,00;1,00;6,50;-1,00;-6,50
Loja: 3 - NEWSHOP COMERCIO LTDA ( CD );Local: 15 - GALPÃO;17366;LM2261 MINI MAQUINA DE LAVADORA;UN;84501100;-8,00;0,00;0,00;2,14;20,50;-17,12;-164,00
Loja: 3 - NEWSHOP COMERCIO LTDA ( CD );Local: 15 - GALPÃO;17368;HT-0052 MINI SELADORA;UN;84223029;237,00;0,00;0,00;0,65;6,50;154,05;1540,50
Loja: 3 - NEWSHOP COMERCIO LTDA ( CD );Local: 15 - GALPÃO;17372;2014 HANSGROHE CHUVEIRO;UN;39222000;-21,00;0,00;0,00;0,56;5,50;-11,76;-115,50
Loja: 3 - NEWSHOP COMERCIO LTDA ( CD );Local: 15 - GALPÃO;17373;T5 MINI CAIXA DE SOM COM ENTRADA USB;UN;85271300;-30,00;0,00;0,00;1,95;25,00;-58,50;-750,00
Loja: 3 - NEWSHOP COMERCIO LTDA ( CD );Local: 15 - GALPÃO;17443;GX10-8848 - BOLSA;UN;42022220;229,00;0,00;0,00;0,87;13,50;199,23;3091,50
Loja: 3 - NEWSHOP COMERCIO LTDA ( CD );Local: 15 - GALPÃO;17468;AC-100 JOGO DE UTENSILIOS PARA COZINHA EM PLASTICO PP COM 5PCS;UN;39241000;-1,00;0,00;0,00;1,00;25,00;-1,00;-25,00
Loja: 3 - NEWSHOP COMERCIO LTDA ( CD );Local: 15 - GALPÃO;17469;GX10-25912 - NECESSAIRE PARA VIAGEM;UN;42029200;-11,00;0,00;0,00;4,21;15,50;-46,31;-170,50
Loja: 3 - NEWSHOP COMERCIO LTDA ( CD );Local: 15 - GALPÃO;17478;XL-HY-07 BOLSA;UN;42029200;-30,00;0,00;0,00;1,00;47,00;-30,00;-1410,00
Loja: 3 - NEWSHOP COMERCIO LTDA ( CD );Local: 15 - GALPÃO;17598;OIF-7401 MUNHEQUEIRA ESPORTIVA DE COMPRESSAO:;UN;95069900;-1,00;0,00;0,00;1,00;11,00;-1,00;-11,00
Loja: 3 - NEWSHOP COMERCIO LTDA ( CD );Local: 15 - GALPÃO;17620;TRC6950 BANDEJA PLAST QUAD 28X28CM- TOPCHEF;UN;39241000;184,00;0,00;0,00;2,13;15,00;391,92;2760,00
Loja: 3 - NEWSHOP COMERCIO LTDA ( CD );Local: 15 - GALPÃO;17667;TRC1050 CJ 4 SACOLAS POLIESTER REUITILIZAVEL;UN;42029200;-7,00;0,00;0,00;22,00;22,00;-154,00;-154,00
Loja: 3 - NEWSHOP COMERCIO LTDA ( CD );Local: 15 - GALPÃO;17679;YT2480 RACK MULTIFUNCIONAL 4 ANDARES 80*42*22CM;UN;94037000;-17,00;0,00;0,00;4,96;28,50;-84,32;-484,50
Loja: 3 - NEWSHOP COMERCIO LTDA ( CD );Local: 15 - GALPÃO;17704;YT2543 CONJUNTO DE 5 ORGANIZADORES RETANGULARES HERMETICOS;UN;39241000;182,00;0,00;0,00;9,35;52,00;1701,70;9464,00
Loja: 3 - NEWSHOP COMERCIO LTDA ( CD );Local: 15 - GALPÃO;17708;YT2409 PORTA UTENSILIOS PLASTICO;UN;39249000;238,00;0,00;0,00;2,63;14,50;625,94;3451,00
Loja: 3 - NEWSHOP COMERCIO LTDA ( CD );Local: 15 - GALPÃO;17721;YT2428 ESCORREDOR DE LOUCAS   34.5*28*9CM;UN;39241000;199,00;0,00;0,00;3,69;20,50;734,31;4079,50
Loja: 3 - NEWSHOP COMERCIO LTDA ( CD );Local: 15 - GALPÃO;17723;YT2136 SUPORTE PARA TV ARTICULADO 14 - 42;UN;73269090;-1,00;0,00;0,00;1,00;49,00;-1,00;-49,00
Loja: 3 - NEWSHOP COMERCIO LTDA ( CD );Local: 15 - GALPÃO;17726;YT2554 PRATELEIRA COM PORTA TOALHA DE ACRÍLICO;UN;39269090;-1,00;0,00;0,00;3,80;23,50;-3,80;-23,50
Loja: 3 - NEWSHOP COMERCIO LTDA ( CD );Local: 15 - GALPÃO;17736;YT2304 SUPORTE PARA ESCOVAS DE DENTE EM ACO INOX P;UN;73249000;-1,00;0,00;0,00;3,07;11,90;-3,07;-11,90
Loja: 3 - NEWSHOP COMERCIO LTDA ( CD );Local: 15 - GALPÃO;17738;YT2147 SUPORTE PARA TV INCLINAVEL 15 - 42;UN;73269090;-1,00;0,00;0,00;1,00;28,50;-1,00;-28,50
Loja: 3 - NEWSHOP COMERCIO LTDA ( CD );Local: 15 - GALPÃO;17741;YT2456 GARRAFA PLASTICA 200ML  6.8*11.8CM;UN;39249000;-26,00;0,00;0,00;2,21;13,00;-57,46;-338,00
Loja: 3 - NEWSHOP COMERCIO LTDA ( CD );Local: 15 - GALPÃO;17777;3420 ORGANIZADOR;UN;42029200;-15,00;0,00;0,00;0,00;14,50;0,00;-217,50
Loja: 3 - NEWSHOP COMERCIO LTDA ( CD );Local: 15 - GALPÃO;17785;RL137 PULSEIRA;UN;91139000;180,00;0,00;0,00;1,86;20,00;334,80;3600,00
Loja: 3 - NEWSHOP COMERCIO LTDA ( CD );Local: 15 - GALPÃO;17818;AA202 PORTA JOIAS;UN;42029900;-1,00;0,00;0,00;1,00;12,00;-1,00;-12,00
Loja: 3 - NEWSHOP COMERCIO LTDA ( CD );Local: 15 - GALPÃO;17879;C1138 NECESSAIRE EM POLIESTER;UN;42029200;-40,00;0,00;0,00;1,50;32,00;-60,00;-1280,00
Loja: 3 - NEWSHOP COMERCIO LTDA ( CD );Local: 15 - GALPÃO;17953;NFN-054 FONE DE OUVIDO COM FIO;UN;85183000;-30,00;0,00;0,00;0,00;9,00;0,00;-270,00
Loja: 3 - NEWSHOP COMERCIO LTDA ( CD );Local: 15 - GALPÃO;17958;REF:NTD-095 LUMINARIA DE LED DE PAREDE COM SENSOR DE PRESENCA;UN;94051190;-1,00;0,00;0,00;1,00;22,50;-1,00;-22,50
Loja: 3 - NEWSHOP COMERCIO LTDA ( CD );Local: 15 - GALPÃO;17988;LE-2432 FONE DE OUVIDO;UN;85183000;-1,00;0,00;0,00;1,00;30,00;-1,00;-30,00
Loja: 3 - NEWSHOP COMERCIO LTDA ( CD );Local: 15 - GALPÃO;17991;LE-0212 FONE DE OUVIDO;UN;85183000;-40,00;0,00;0,00;1,34;8,00;-53,60;-320,00
Loja: 3 - NEWSHOP COMERCIO LTDA ( CD );Local: 15 - GALPÃO;17996;LE-0203 FONE DE OUVIDO;UN;85183000;-40,00;0,00;0,00;1,00;7,00;-40,00;-280,00
Loja: 3 - NEWSHOP COMERCIO LTDA ( CD );Local: 15 - GALPÃO;17998;LE-0232 FONE DE OUVIDO;UN;85183000;-40,00;0,00;0,00;5,50;5,50;-220,00;-220,00
Loja: 3 - NEWSHOP COMERCIO LTDA ( CD );Local: 15 - GALPÃO;18010;0134 CHAPEU PROTETO DE SOL;UN;65040090;182,00;0,00;0,00;2,30;10,50;418,60;1911,00
Loja: 3 - NEWSHOP COMERCIO LTDA ( CD );Local: 15 - GALPÃO;18096;6712 MOCHILA;UN;42029200;-10,00;0,00;0,00;1,00;65,50;-10,00;-655,00
Loja: 3 - NEWSHOP COMERCIO LTDA ( CD );Local: 15 - GALPÃO;18127;TRC1017 PORTA JOIAS 20X11X20CM;UN;39269090;-60,00;0,00;0,00;1,00;18,50;-60,00;-1110,00
Loja: 3 - NEWSHOP COMERCIO LTDA ( CD );Local: 15 - GALPÃO;18217;GR2628 - COLHER  DE SILICONE;UN;39241000;-1,00;0,00;0,00;1,21;6,00;-1,21;-6,00
Loja: 3 - NEWSHOP COMERCIO LTDA ( CD );Local: 15 - GALPÃO;18406;NFN-304 - FONE DE OUVIDO BLUETOOTH;UN;85183000;-30,00;0,00;0,00;4,05;49,00;-121,50;-1470,00
Loja: 3 - NEWSHOP COMERCIO LTDA ( CD );Local: 15 - GALPÃO;18444;MM-2 CADERNO DE INFANTIL;UN;48202000;-6,00;0,00;0,00;1,50;7,90;-9,00;-47,40
Loja: 3 - NEWSHOP COMERCIO LTDA ( CD );Local: 15 - GALPÃO;18463;S-004-JOGO DE DOMINO COM 28 PECAS;UN;95049090;-1,00;0,00;0,00;1,50;18,00;-1,50;-18,00
Loja: 3 - NEWSHOP COMERCIO LTDA ( CD );Local: 15 - GALPÃO;18475;CPN-623 CAMPAINHA RESIDENCIAL SEM FIO A PILHA;UN;85318000;-30,00;0,00;0,00;1,00;24,00;-30,00;-720,00
Loja: 3 - NEWSHOP COMERCIO LTDA ( CD );Local: 15 - GALPÃO;18521;OI-0001 - ORGANIZADOR PARA USO DOMESTICO DOBRAVEL DE METAL COMUM;UN;73239900;-22,00;0,00;0,00;18,96;66,50;-417,12;-1463,00
Loja: 3 - NEWSHOP COMERCIO LTDA ( CD );Local: 15 - GALPÃO;18710;008262 CINTO;UN;83089090;198,00;0,00;0,00;2,80;17,00;554,40;3366,00
Loja: 3 - NEWSHOP COMERCIO LTDA ( CD );Local: 15 - GALPÃO;18734;AS2366 P - POTE HERMÉTICO 400ML;UN;39241000;-30,00;0,00;0,00;1,00;10,00;-30,00;-300,00
Loja: 3 - NEWSHOP COMERCIO LTDA ( CD );Local: 15 - GALPÃO;18742;AS2365 P - POTE HERMÉTICO 200ML;UN;39241000;-40,00;0,00;0,00;1,39;7,00;-55,60;-280,00
Loja: 3 - NEWSHOP COMERCIO LTDA ( CD );Local: 15 - GALPÃO;18765;AS2384 - BANDEJA ORGANIZADORA DE MANTIMENTOS;UN;39241000;-51,00;0,00;0,00;0,93;8,00;-47,43;-408,00
Loja: 3 - NEWSHOP COMERCIO LTDA ( CD );Local: 15 - GALPÃO;18766;GR2614  - BABADOR EM MATERIAL DE PLSTICO;UN;39241000;-1,00;0,00;0,00;0,54;7,00;-0,54;-7,00
Loja: 3 - NEWSHOP COMERCIO LTDA ( CD );Local: 15 - GALPÃO;18779;WH-ZH15 LIMPADOR PINCEL ESPONJA MAQUIAGEM ELÉTRICO;UN;85098090;-1,00;0,00;0,00;1,00;29,00;-1,00;-29,00
Loja: 3 - NEWSHOP COMERCIO LTDA ( CD );Local: 15 - GALPÃO;18795;TP8025 - TAPETE EMBORRACHADO PARA PISOS MEDINDO 80 X120 CM REFERNCIA TP8020;UN;40169990;181,00;0,00;0,00;2,79;9,99;504,99;1808,19
Loja: 3 - NEWSHOP COMERCIO LTDA ( CD );Local: 15 - GALPÃO;18820;CW2190 - RECIPIENTE EM MATERIAL PLSTICO PARA ACONDICIONAR;UN;39249000;-70,00;0,00;0,00;0,00;6,00;0,00;-420,00
Loja: 3 - NEWSHOP COMERCIO LTDA ( CD );Local: 15 - GALPÃO;18825;CW2234 - RECIPIENTE EM MATERIAL PLSTICO PARA ACONDICIONAR;UN;39249000;183,00;0,00;0,00;1,68;25,00;307,44;4575,00
Loja: 3 - NEWSHOP COMERCIO LTDA ( CD );Local: 15 - GALPÃO;18827;CW2235 - RECIPIENTE EM MATERIAL PLSTICO PARA ACONDICIONAR;UN;39249000;-25,00;0,00;0,00;2,70;29,00;-67,50;-725,00
Loja: 3 - NEWSHOP COMERCIO LTDA ( CD );Local: 15 - GALPÃO;18866;CW2229 - VESTURIO PARA ANIMAIS PETS DE PEQUENO PORTE;UN;42010090;-55,00;0,00;0,00;5,08;12,00;-279,40;-660,00
Loja: 3 - NEWSHOP COMERCIO LTDA ( CD );Local: 15 - GALPÃO;18879;CW2171 - ERVA DE GATO;UN;39269090;-50,00;0,00;0,00;0,59;6,50;-29,50;-325,00
Loja: 3 - NEWSHOP COMERCIO LTDA ( CD );Local: 15 - GALPÃO;18888;AS1538 - VASO PARA PLANTAS EM MATERIAL PLSTICO COM ABERTURA NA PARTE INFERIOR ME;UN;39269090;-36,00;0,00;0,00;1,95;1,50;-70,20;-54,00
Loja: 3 - NEWSHOP COMERCIO LTDA ( CD );Local: 15 - GALPÃO;18899;TP8030 - TAPETE EMBORRACHADO PARA PISOS MEDINDO 80 X120 CM REFERNCIA TP8020;UN;40169990;185,00;0,00;0,00;2,79;9,99;516,15;1848,15
Loja: 3 - NEWSHOP COMERCIO LTDA ( CD );Local: 15 - GALPÃO;18901;TP8052 - TAPETE EMBORRACHADO PARA PISOS MEDINDO 80 X120 CM REFERNCIA TP8020;UN;40169990;-1,00;0,00;0,00;1,00;9,99;-1,00;-9,99
Loja: 3 - NEWSHOP COMERCIO LTDA ( CD );Local: 15 - GALPÃO;18919;TP8042 - TAPETE EMBORRACHADO PARA PISOS 80 X120 CM;UN;40169990;-1,00;0,00;0,00;1,00;9,99;-1,00;-9,99
Loja: 3 - NEWSHOP COMERCIO LTDA ( CD );Local: 15 - GALPÃO;19023;XMQ-7 CORRETOR POSTURA COLETE CERVICAL CINTA ALINHA COLUNA UNISSEX;UN;90211010;182,00;0,00;0,00;2,47;22,00;449,54;4004,00
Loja: 3 - NEWSHOP COMERCIO LTDA ( CD );Local: 15 - GALPÃO;19377;MS5668 - PORTA JOIAS COM A SUPERFCIE;UN;42029200;-1,00;0,00;0,00;27,00;27,00;-27,00;-27,00
Loja: 3 - NEWSHOP COMERCIO LTDA ( CD );Local: 15 - GALPÃO;19492;JL1492 - PLACA EM MATERIAL PLSTICO AUTO ADESIVO;UN;39189000;-100,00;0,00;0,00;1,00;0,00;-100,00;0,00
Loja: 3 - NEWSHOP COMERCIO LTDA ( CD );Local: 15 - GALPÃO;19494;JL1493 - PLACA EM MATERIAL PLSTICO AUTO ADESIVO;UN;39189000;-100,00;0,00;0,00;1,00;19,00;-100,00;-1900,00
Loja: 3 - NEWSHOP COMERCIO LTDA ( CD );Local: 15 - GALPÃO;19499;QQ5279 - CAIXA ORGANIZADORA EM MATERIAL;UN;39249000;-100,00;0,00;0,00;0,00;11,00;0,00;-1100,00
Loja: 3 - NEWSHOP COMERCIO LTDA ( CD );Local: 15 - GALPÃO;19503;QQ5281 - CAIXA ORGANIZADORA EM MATERIAL;UN;39249000;-100,00;0,00;0,00;1,00;12,00;-100,00;-1200,00
Loja: 3 - NEWSHOP COMERCIO LTDA ( CD );Local: 15 - GALPÃO;19506;QQ5283 - CAIXA ORGANIZADORA EM MATERIAL;UN;39249000;-100,00;0,00;0,00;1,00;18,00;-100,00;-1800,00
Loja: 3 - NEWSHOP COMERCIO LTDA ( CD );Local: 15 - GALPÃO;19556;MAZ-112B MAQUINA DE WAFFLES - 220 V - 1.000 W - 60 HZ - IPX0 - CLASSE I;UN;85167990;-10,00;0,00;0,00;1,00;108,00;-10,00;-1080,00
Loja: 3 - NEWSHOP COMERCIO LTDA ( CD );Local: 15 - GALPÃO;19638;OI-0545 POTE DE PLASTICO PARA COZINHA 500ML;UN;39241000;186,00;0,00;0,00;1,13;8,50;210,18;1581,00
Loja: 3 - NEWSHOP COMERCIO LTDA ( CD );Local: 15 - GALPÃO;19718;TOP1376 FORMINHA SILICONE FLOR CORACAO 5X3X2CM - C 12 CX C 72;UN;39241000;-18,00;0,00;0,00;1,00;10,50;-18,00;-189,00
Loja: 3 - NEWSHOP COMERCIO LTDA ( CD );Local: 15 - GALPÃO;19759;TOP1931 POTE VIDRO C  TPA BAMBU REDONDO 8.5X15CM - 690ML CX C 36;UN;70134900;-1,00;0,00;0,00;3,02;16,00;-3,02;-16,00
Loja: 3 - NEWSHOP COMERCIO LTDA ( CD );Local: 15 - GALPÃO;19762;LE-853C CABO DE DADOS USB/TYPEC;UN;85444200;-40,00;0,00;0,00;0,52;5,50;-20,80;-220,00
Loja: 3 - NEWSHOP COMERCIO LTDA ( CD );Local: 15 - GALPÃO;19971;TRC8014 ESPREMEDOR DE LIMAO 20X6.5X2.7CM;UN;82055100;182,00;0,00;0,00;4,94;9,00;899,08;1638,00
Loja: 3 - NEWSHOP COMERCIO LTDA ( CD );Local: 15 - GALPÃO;20029;CC1180 PRENDEDOR UTILIZADOS PARA FIXAR ROUPAS EM VARAIS CO;UN;39249000;-100,00;0,00;0,00;1,06;9,50;-106,00;-950,00
Loja: 3 - NEWSHOP COMERCIO LTDA ( CD );Local: 15 - GALPÃO;20037;W130-2803 PULSEIRA DE PLASTICO;UN;71179000;184,00;0,00;0,00;6,60;6,50;1214,40;1196,00
Loja: 3 - NEWSHOP COMERCIO LTDA ( CD );Local: 15 - GALPÃO;20058;"CC1175 ""SUPORTE  MINI VARAL PARA PEAS NTIMAS COM 16 PREN";UN;39249000;-36,00;0,00;0,00;25,00;25,00;-900,00;-900,00
Loja: 3 - NEWSHOP COMERCIO LTDA ( CD );Local: 15 - GALPÃO;20059;"CC1176 ""SUPORTE MINI VARAL PARA PEAS NTIMAS COM 24 PREN";UN;39249000;-24,00;0,00;0,00;3,34;49,00;-80,16;-1176,00
Loja: 3 - NEWSHOP COMERCIO LTDA ( CD );Local: 15 - GALPÃO;20063;CC1181 PRENDEDOR  UTILIZADOS PARA FIXAR ROUPAS EM VARAIS CONT;UN;39249000;-35,00;0,00;0,00;0,50;6,00;-17,50;-210,00
Loja: 3 - NEWSHOP COMERCIO LTDA ( CD );Local: 15 - GALPÃO;20095;TRC5301 FORMA DESCARTAVEL 195 CM- TOPCHEF;UN;48116090;-50,00;0,00;0,00;11,00;11,00;-550,00;-550,00
Loja: 3 - NEWSHOP COMERCIO LTDA ( CD );Local: 15 - GALPÃO;20103;WM2561 SUPORTE SABONETEIRA;UN;39249000;-30,00;0,00;0,00;0,39;6,00;-11,70;-180,00
Loja: 3 - NEWSHOP COMERCIO LTDA ( CD );Local: 15 - GALPÃO;20240;MN4179 MOCHILA NOTEBOOK ALCA DE ACO 19  - 48*33*22CM;UN;42029200;-5,00;0,00;0,00;16,70;99,00;-83,50;-495,00
Loja: 3 - NEWSHOP COMERCIO LTDA ( CD );Local: 15 - GALPÃO;20253;MN4131 MOCHILA DE NOTEBOOK 19 - 48*36*13CM;UN;42029200;-5,00;0,00;0,00;14,67;86,00;-73,35;-430,00
Loja: 3 - NEWSHOP COMERCIO LTDA ( CD );Local: 15 - GALPÃO;20332;TRC0317 PAPEL DE PAREDE PVC 45CMX5M;UN;39199020;240,00;0,00;0,00;2,46;17,50;590,40;4200,00
Loja: 3 - NEWSHOP COMERCIO LTDA ( CD );Local: 15 - GALPÃO;20472;SWXY-002 REVESTIMENTO DE PAREDE;UN;39181000;-48,00;0,00;0,00;13,20;50,00;-633,60;-2400,00
Loja: 3 - NEWSHOP COMERCIO LTDA ( CD );Local: 15 - GALPÃO;20578;UTL-3112 - VARAL DE PAREDE;UN;39249000;-14,00;0,00;0,00;1,00;48,50;-14,00;-679,00
Loja: 3 - NEWSHOP COMERCIO LTDA ( CD );Local: 15 - GALPÃO;20580;YT2541 J 6 ORGANIZADORES QUADRADOS C/ TAMPA HERMÉTICA;UN;39241000;-20,00;0,00;0,00;9,35;52,00;-187,00;-1040,00
Loja: 3 - NEWSHOP COMERCIO LTDA ( CD );Local: 15 - GALPÃO;20590;SOM-10 CAIXA DE SOM;UN;85271300;-20,00;0,00;0,00;1,00;48,50;-20,00;-970,00
Loja: 3 - NEWSHOP COMERCIO LTDA ( CD );Local: 15 - GALPÃO;20625;TRC1224 PORTA GARRAFAS 20.5X11X10.5CM;UN;39249000;-30,00;0,00;0,00;2,84;15,50;-85,20;-465,00
Loja: 3 - NEWSHOP COMERCIO LTDA ( CD );Local: 15 - GALPÃO;20681;ETB-XB2580 BOLSA FEMININA COM SUPERFICIE EXTERIOR DE FOLHA DE PLASTICO PVC;UN;42022210;-1,00;0,00;0,00;2,69;18,00;-2,69;-18,00
Loja: 3 - NEWSHOP COMERCIO LTDA ( CD );Local: 15 - GALPÃO;20713;XD18-2 NECESSAIRE ESTOJOS DE TECIDO DE POLIESTER;UN;42029200;181,00;0,00;0,00;1,17;24,50;211,77;4434,50
Loja: 3 - NEWSHOP COMERCIO LTDA ( CD );Local: 15 - GALPÃO;20715;SND207-13 NECESSAIRE COM SUPERFICIE EXTERIOR EM FOLHAS DE PLASTICO;UN;42029200;-50,00;0,00;0,00;1,00;14,50;-50,00;-725,00
Loja: 3 - NEWSHOP COMERCIO LTDA ( CD );Local: 15 - GALPÃO;20741;MY-7412 ESCOVA DENTAL ELETRICA 2PC CX-100;UN;85163200;-15,00;0,00;0,00;1,00;48,50;-15,00;-727,50
Loja: 3 - NEWSHOP COMERCIO LTDA ( CD );Local: 15 - GALPÃO;20878;SM-505 MAQUINA DE COSTURA;UN;85102000;-6,00;0,00;0,00;1,00;234,00;-6,00;-1404,00
Loja: 3 - NEWSHOP COMERCIO LTDA ( CD );Local: 15 - GALPÃO;20879;BOM-1248 CHAVE INGLESA AJUSTAVEL -7;UN;82041200;-10,00;0,00;0,00;1,46;18,50;-14,60;-185,00
Loja: 3 - NEWSHOP COMERCIO LTDA ( CD );Local: 15 - GALPÃO;20941;LK-8138 GARRAFA SENDO PORTA AZEITE COM CABO;UN;39233090;-10,00;0,00;0,00;1,00;20,00;-10,00;-200,00
Loja: 3 - NEWSHOP COMERCIO LTDA ( CD );Local: 15 - GALPÃO;21153;IS9120 NECESSAIRE MAKEUP 26X16X8CM;UN;42021210;-36,00;0,00;0,00;3,57;19,50;-128,52;-702,00
Loja: 3 - NEWSHOP COMERCIO LTDA ( CD );Local: 15 - GALPÃO;21154;DS13457 QUEBRA SOL P CARRO;UN;66011000;-29,00;0,00;0,00;0,24;2,00;-6,96;-58,00
Loja: 3 - NEWSHOP COMERCIO LTDA ( CD );Local: 15 - GALPÃO;21163;NFB-1080 CABO DE DADOS USB 4 EM 1;UN;85444200;-36,00;0,00;0,00;0,74;9,50;-26,64;-342,00
Loja: 3 - NEWSHOP COMERCIO LTDA ( CD );Local: 15 - GALPÃO;21170;DS13704 MINI VARAL DE BANHEIRO;UN;39249000;-10,00;0,00;0,00;1,00;23,50;-10,00;-235,00
Loja: 3 - NEWSHOP COMERCIO LTDA ( CD );Local: 15 - GALPÃO;21186;LUM-756-LUMINARIA SOLAR DE LED RECARREGAVEL;UN;94051190;-30,00;0,00;0,00;1,00;30,50;-30,00;-915,00
Loja: 3 - NEWSHOP COMERCIO LTDA ( CD );Local: 15 - GALPÃO;21264;IS9145 TRAVESSA DE VIDRO 22X9CM;UN;70134900;-5,00;0,00;0,00;5,52;30,00;-27,60;-150,00
Loja: 3 - NEWSHOP COMERCIO LTDA ( CD );Local: 15 - GALPÃO;21331;GDR1495 CARRINHO D CONTROLE REMOTO 131X222X9C;UN;95030097;-16,00;0,00;0,00;1,00;69,00;-16,00;-1104,00
Loja: 3 - NEWSHOP COMERCIO LTDA ( CD );Local: 15 - GALPÃO;21353;GDR1520 MALA KIT DE COZINHA 3 EM 1 65X50X21CM;UN;95030080;-8,00;0,00;0,00;25,95;149,90;-207,60;-1199,20
Loja: 3 - NEWSHOP COMERCIO LTDA ( CD );Local: 15 - GALPÃO;21502;GDR1526 MINI MERCADINHO COM ACESSORIOS 50X35X9CM;UN;95030080;-12,00;0,00;0,00;1,00;52,00;-12,00;-624,00
Loja: 3 - NEWSHOP COMERCIO LTDA ( CD );Local: 15 - GALPÃO;21505;GDR1527 MINI FEST FOOD COM ACESSORIOS 50X35X9CM;UN;95030080;-12,00;0,00;0,00;1,00;52,00;-12,00;-624,00
Loja: 3 - NEWSHOP COMERCIO LTDA ( CD );Local: 15 - GALPÃO;21525;SRQ-003 MINI MIXER MISTURADOR DE BEBIDAS;UN;85098090;-15,00;0,00;0,00;2,13;28,50;-31,95;-427,50
Loja: 3 - NEWSHOP COMERCIO LTDA ( CD );Local: 15 - GALPÃO;21534;GDR1707 MINI MAQUINA DE REFRIGERANTE 19X27CM;UN;95030080;-18,00;0,00;0,00;1,00;47,00;-18,00;-846,00
Loja: 3 - NEWSHOP COMERCIO LTDA ( CD );Local: 15 - GALPÃO;21556;OIH-2452 MIXER PORTATIL BATEDEIRA;UN;85098090;-23,00;0,00;0,00;0,00;42,00;0,00;-966,00
Loja: 3 - NEWSHOP COMERCIO LTDA ( CD );Local: 15 - GALPÃO;21564;GDR1521 MALA KIT BELEZA 3 EM 1 40X395X31CM;UN;95030080;-8,00;0,00;0,00;25,95;149,90;-207,60;-1199,20
Loja: 3 - NEWSHOP COMERCIO LTDA ( CD );Local: 15 - GALPÃO;21588;W505 CHINELO PLATAFORMA EVA;UN;64029990;-13,00;0,00;0,00;11,71;56,00;-152,23;-728,00
Loja: 3 - NEWSHOP COMERCIO LTDA ( CD );Local: 15 - GALPÃO;21611;GDR1487 GUITARRA MUSICAL DE BRINQUEDO;UN;95030091;-24,00;0,00;0,00;1,00;43,50;-24,00;-1044,00
Loja: 3 - NEWSHOP COMERCIO LTDA ( CD );Local: 15 - GALPÃO;21615;GDR1350 PIAO DE METAL COM LANCADOR;UN;95030099;-20,00;0,00;0,00;1,00;26,50;-20,00;-530,00
Loja: 3 - NEWSHOP COMERCIO LTDA ( CD );Local: 15 - GALPÃO;21639;GDR1329 MOCHILA PENTEADEIRA 2 EM 1 40X395X31CM;UN;95030080;-12,00;0,00;0,00;12,28;119,00;-147,36;-1428,00
Loja: 3 - NEWSHOP COMERCIO LTDA ( CD );Local: 15 - GALPÃO;21654;BM-F1230 SPRAY BORRIFADOR PARA OLEOS DE COZINHA - CAPACIDADE: 470ML;UN;70134900;-60,00;0,00;0,00;3,30;21,00;-198,00;-1260,00
Loja: 3 - NEWSHOP COMERCIO LTDA ( CD );Local: 15 - GALPÃO;21657;BMG-49 SUPORTE UNIVERSAL PARA A TV FIXO;UN;39269090;-30,00;10,00;200,00;4,81;14,50;-144,30;-435,00
Loja: 3 - NEWSHOP COMERCIO LTDA ( CD );Local: 15 - GALPÃO;21670;W817 CHINELO PLATAFORMA EVA;UN;64029990;-37,00;0,00;0,00;10,73;44,00;-397,01;-1628,00
Loja: 3 - NEWSHOP COMERCIO LTDA ( CD );Local: 15 - GALPÃO;21677;W822 CHINELO NUVEM EVA;UN;64029990;-37,00;0,00;0,00;25,00;50,00;-925,00;-1850,00
Loja: 3 - NEWSHOP COMERCIO LTDA ( CD );Local: 15 - GALPÃO;21682;W825 CHINELO PLATAFORMA EVA;UN;64029990;-37,00;0,00;0,00;11,71;50,00;-433,27;-1850,00
Loja: 3 - NEWSHOP COMERCIO LTDA ( CD );Local: 15 - GALPÃO;21750;BM-F1283 CONJUNTO DE POTE HERMETICOS DE VIDRO COM TAMPA;UN;70139900;-36,00;0,00;0,00;11,00;36,00;-396,00;-1296,00
Loja: 3 - NEWSHOP COMERCIO LTDA ( CD );Local: 15 - GALPÃO;21751;BM-F1284 POTE HERMETICOS DE VIDRO COM TAMPA;UN;70139900;-25,00;0,00;0,00;9,42;38,00;-235,50;-950,00
Loja: 3 - NEWSHOP COMERCIO LTDA ( CD );Local: 15 - GALPÃO;21773;BM-F1338 ARARA MULTIFUNCIONAL DE CANTO COM CABIDEIRO;UN;94032090;-20,00;0,00;0,00;11,87;52,00;-237,40;-1040,00
Loja: 3 - NEWSHOP COMERCIO LTDA ( CD );Local: 15 - GALPÃO;21777;BM-F1344 CONJUNTO COM 3 CAPSULAS DE PLASTICO (VAZIAS);UN;39235000;-9,00;0,00;0,00;1,00;11,50;-9,00;-103,50
Loja: 3 - NEWSHOP COMERCIO LTDA ( CD );Local: 15 - GALPÃO;21794;LT-006 CAFETEIRA 300ML;UN;85167100;-10,00;0,00;0,00;1,00;49,90;-10,00;-499,00
Loja: 3 - NEWSHOP COMERCIO LTDA ( CD );Local: 15 - GALPÃO;21801;BM-S207 CAIXA SOM MULTIMIDIA DIGITAL;UN;85185000;-10,00;0,00;0,00;1,00;34,00;-10,00;-340,00
Loja: 3 - NEWSHOP COMERCIO LTDA ( CD );Local: 15 - GALPÃO;21808;LEF-1217 - FONE DE OUVIDO COM FIO CABO DE 12M TIPO FLAT DURAFLEX;UN;85183000;-1,00;0,00;0,00;1,00;3,50;-1,00;-3,50
Loja: 3 - NEWSHOP COMERCIO LTDA ( CD );Local: 15 - GALPÃO;21831;BMG-01  SUPORTE PARA GPS/CELULAR DE PLASTICO;UN;39269090;-30,00;10,00;200,00;1,53;24,50;-45,90;-735,00
Loja: 3 - NEWSHOP COMERCIO LTDA ( CD );Local: 15 - GALPÃO;21853;BMG-54 SUPORTE DE PLASTICO PARA CELULAR;UN;39269090;-30,00;0,00;0,00;2,69;16,50;-80,70;-495,00
Loja: 3 - NEWSHOP COMERCIO LTDA ( CD );Local: 15 - GALPÃO;21900;46183 ACENDEDOR ELETRICO;UN;73170090;-1,00;0,00;0,00;0,93;14,00;-0,93;-14,00
Loja: 3 - NEWSHOP COMERCIO LTDA ( CD );Local: 15 - GALPÃO;21951;111004 FERVEDOR REVEST + CERAMICA PREMIUM 14CM;UN;76151000;-12,00;0,00;0,00;16,10;61,50;-193,20;-738,00
Loja: 3 - NEWSHOP COMERCIO LTDA ( CD );Local: 15 - GALPÃO;22043;TOP1254 TABUA PLASTICA P  CORTE 36.8X22.5CM CX C 24;UN;39241000;-24,00;0,00;0,00;3,29;17,00;-78,96;-408,00
Loja: 3 - NEWSHOP COMERCIO LTDA ( CD );Local: 15 - GALPÃO;22069;TOP1647 FORMA PAPEL PARA AIR FRYER 20CM CX C 60;UN;48239099;-30,00;0,00;0,00;1,00;15,50;-30,00;-465,00
Loja: 3 - NEWSHOP COMERCIO LTDA ( CD );Local: 15 - GALPÃO;22153;BOM-9670 FURADEIRA/PARAFUSADEIRA ELETRICA - 220V;UN;84672992;-10,00;0,00;0,00;15,48;133,00;-154,80;-1330,00
Loja: 3 - NEWSHOP COMERCIO LTDA ( CD );Local: 15 - GALPÃO;22427;XL24147 - RALADOR 4 FACES - 247 CM;UN;82055100;-1,00;0,00;0,00;3,45;20,00;-3,45;-20,00
Loja: 3 - NEWSHOP COMERCIO LTDA ( CD );Local: 15 - GALPÃO;22522;XL24082 ESCUMADEIRA - 35CM;UN;82159910;-48,00;0,00;0,00;1,21;7,00;-58,08;-336,00
Loja: 3 - NEWSHOP COMERCIO LTDA ( CD );Local: 15 - GALPÃO;22538;XL24114 PENEIRA 12CM;UN;96040000;-40,00;0,00;0,00;1,00;5,00;-40,00;-200,00
Loja: 3 - NEWSHOP COMERCIO LTDA ( CD );Local: 15 - GALPÃO;22580;XL24032 GARFO DE MESA - DELTA WOOD;UN;82159910;226,00;0,00;0,00;0,53;3,00;119,78;678,00
Loja: 3 - NEWSHOP COMERCIO LTDA ( CD );Local: 15 - GALPÃO;22585;XL24031 FACA DE CHURRASCO- DELTA WOOD;UN;82119100;186,00;0,00;0,00;0,56;3,50;104,16;651,00
Loja: 3 - NEWSHOP COMERCIO LTDA ( CD );Local: 15 - GALPÃO;22722;ZH2067 ORGANIZADOR MULTIUSO;UN;39249000;182,00;0,00;0,00;5,36;32,00;975,52;5824,00
Loja: 3 - NEWSHOP COMERCIO LTDA ( CD );Local: 15 - GALPÃO;22763;ZH2100 POTE PARA COZINHA CO;UN;39241000;182,00;0,00;0,00;6,83;58,00;1243,06;10556,00
Loja: 3 - NEWSHOP COMERCIO LTDA ( CD );Local: 15 - GALPÃO;22765;ZH2102 POTE PARA COZINHA CO;UN;39241000;182,00;0,00;0,00;4,65;45,00;846,30;8190,00
Loja: 3 - NEWSHOP COMERCIO LTDA ( CD );Local: 15 - GALPÃO;22951;CM4001 BANDEJA EM PLASTICO;UN;39241000;-12,00;0,00;0,00;1,00;32,00;-12,00;-384,00
Loja: 3 - NEWSHOP COMERCIO LTDA ( CD );Local: 15 - GALPÃO;23177;TRC1159 PORTA PAPEL HIGIENICO 13.5X13CM;UN;39249000;-15,00;0,00;0,00;2,73;17,50;-40,95;-262,50
Loja: 3 - NEWSHOP COMERCIO LTDA ( CD );Local: 15 - GALPÃO;23400;CO4590 COLA BRANCA LÍQUIDA - 90G;UN;35061090;-1,00;0,00;0,00;25,50;5,50;-25,50;-5,50
Loja: 3 - NEWSHOP COMERCIO LTDA ( CD );Local: 15 - GALPÃO;23404;CA2051 MARCA TEXTO LIP MARKER;UN;96082000;-60,00;0,00;0,00;36,86;7,00;-2211,60;-420,00
Loja: 3 - NEWSHOP COMERCIO LTDA ( CD );Local: 15 - GALPÃO;23457;CR0712 CORRETIVO CANETA 7 ML;UN;38249989;-24,00;0,00;0,00;12,23;3,00;-293,52;-72,00
Loja: 3 - NEWSHOP COMERCIO LTDA ( CD );Local: 15 - GALPÃO;23510;CYC-9066771 BOLSA PARA GARRAFA TÉRMICA;UN;42029200;-10,00;0,00;0,00;0,00;28,00;0,00;-280,00
Loja: 3 - NEWSHOP COMERCIO LTDA ( CD );Local: 15 - GALPÃO;23601;LP7216 LÁPIS HB RESINA REDONDO;UN;96091000;-24,00;0,00;0,00;1,00;4,00;-24,00;-96,00
Loja: 3 - NEWSHOP COMERCIO LTDA ( CD );Local: 15 - GALPÃO;23688;LE-7381 CONTROLE REMOTO PARA TV;UN;85269200;-40,00;0,00;0,00;1,30;8,00;-52,00;-320,00
Loja: 3 - NEWSHOP COMERCIO LTDA ( CD );Local: 15 - GALPÃO;23698;C1208 NECESSAIRE EM POLIESTER;UN;42029200;-16,00;0,00;0,00;1,00;22,50;-16,00;-360,00
Loja: 3 - NEWSHOP COMERCIO LTDA ( CD );Local: 15 - GALPÃO;23701;C1219 NECESSAIRE EM POLIESTER;UN;42029200;-15,00;0,00;0,00;1,00;21,00;-15,00;-315,00
Loja: 3 - NEWSHOP COMERCIO LTDA ( CD );Local: 15 - GALPÃO;23702;C1221 NECESSAIRE EM POLIESTER;UN;42029200;-10,00;0,00;0,00;1,00;51,00;-10,00;-510,00
Loja: 3 - NEWSHOP COMERCIO LTDA ( CD );Local: 15 - GALPÃO;23781;LWJ-2258 COLETE DE SEGURANCA REFLETIVO;UN;61149090;-1,00;0,00;0,00;1,00;11,00;-1,00;-11,00
Loja: 3 - NEWSHOP COMERCIO LTDA ( CD );Local: 15 - GALPÃO;23882;DV80452 BANDEJA DECORATIVA;UN;70139900;-28,00;0,00;0,00;1,00;34,00;-28,00;-952,00
Loja: 3 - NEWSHOP COMERCIO LTDA ( CD );Local: 15 - GALPÃO;23885;DV80506 BANDEJA DECORATIVA;UN;70139900;-1,00;0,00;0,00;1,00;34,00;-1,00;-34,00
Loja: 3 - NEWSHOP COMERCIO LTDA ( CD );Local: 15 - GALPÃO;23968;073160000 MASSINHA SOFT CONJ.C/6CORES;UN;34070010;-36,00;0,00;0,00;1,84;4,00;-66,24;-144,00
Loja: 3 - NEWSHOP COMERCIO LTDA ( CD );Local: 15 - GALPÃO;23978;BM-F1520 PALMILHA GEL ORTOPEDICA MODELO CALCANHEIRA EM SILICONE;UN;39269090;-1,00;0,00;0,00;1,54;6,50;-1,54;-6,50
Loja: 3 - NEWSHOP COMERCIO LTDA ( CD );Local: 15 - GALPÃO;23985;114260000 CARIMBO;UN;95030080;185,00;0,00;0,00;28,22;2,50;5220,70;462,50
Loja: 3 - NEWSHOP COMERCIO LTDA ( CD );Local: 15 - GALPÃO;24037;BM-F979 LUMINARIA ARTICULADA DE MESA - LED;UN;94052100;-38,00;0,00;0,00;1,00;27,50;-38,00;-1045,00
Loja: 3 - NEWSHOP COMERCIO LTDA ( CD );Local: 15 - GALPÃO;24051;FJ91269 PORTA RETRATO 10CMX15CM CX96;UN;39264000;-26,00;0,00;0,00;1,00;10,00;-26,00;-260,00
Loja: 3 - NEWSHOP COMERCIO LTDA ( CD );Local: 15 - GALPÃO;24058;FJ90611 BANDEJA DE PLASTICO CX36;UN;39241000;-10,00;0,00;0,00;1,00;32,50;-10,00;-325,00
Loja: 3 - NEWSHOP COMERCIO LTDA ( CD );Local: 15 - GALPÃO;24067;FJ90515 APARADOR DE LOUCAS 60 POLIESTER 40 ESPONJA CX96;UN;63071000;-24,00;0,00;0,00;1,00;9,50;-24,00;-228,00
Loja: 3 - NEWSHOP COMERCIO LTDA ( CD );Local: 15 - GALPÃO;24079;MAD-054A BOLSA TERMICA BOLSA ISOLANTE;UN;42029200;-15,00;0,00;0,00;1,00;53,50;-15,00;-802,50
Loja: 3 - NEWSHOP COMERCIO LTDA ( CD );Local: 15 - GALPÃO;24100;PULSEIRAS- NCM: 71171900 - MATRIZ;UN;71171900;-74,00;0,00;0,00;0,80;0,00;-59,20;0,00
Loja: 3 - NEWSHOP COMERCIO LTDA ( CD );Local: 15 - GALPÃO;24257;GDR1623 CAMINHAO D PLASTICO C FRI GDR1248;UN;95030099;-32,00;0,00;0,00;2,89;39,50;-92,48;-1264,00
Loja: 3 - NEWSHOP COMERCIO LTDA ( CD );Local: 15 - GALPÃO;24457;PD0396 ESPELHO PAREDE CAPELA 1000X360MM COBRE;UN;70139110;-1,00;0,00;0,00;79,00;142,00;-79,00;-142,00
Loja: 3 - NEWSHOP COMERCIO LTDA ( CD );Local: 15 - GALPÃO;24577;RMT5763 AGENDA EXECUTIVA 2026 C/ 168 PAGINAS;UN;48201000;-36,00;0,00;0,00;1,00;29,00;-36,00;-1044,00
Loja: 3 - NEWSHOP COMERCIO LTDA ( CD );Local: 15 - GALPÃO;24588;RD1516 DESCASCADOR E RALADOR;UN;82055100;-45,00;0,00;0,00;1,00;5,50;-45,00;-247,50
Loja: 3 - NEWSHOP COMERCIO LTDA ( CD );Local: 15 - GALPÃO;24724;XL-GY-133 BOLSAS;UN;42022900;-20,00;0,00;0,00;0,93;14,00;-18,60;-280,00
Loja: 3 - NEWSHOP COMERCIO LTDA ( CD );Local: 15 - GALPÃO;24776;5290-2 BOLSA;UN;42029200;-13,00;0,00;0,00;2,79;77,00;-36,27;-1001,00
Loja: 3 - NEWSHOP COMERCIO LTDA ( CD );Local: 15 - GALPÃO;24854;SLK-K08 FACA PARA PESCA E CACA;UN;82119220;-25,00;0,00;0,00;29,70;59,00;-742,50;-1475,00
Loja: 3 - NEWSHOP COMERCIO LTDA ( CD );Local: 15 - GALPÃO;24949;LWJ-H1802 KIT CHAVES COM 6 PECAS;UN;82059000;-16,00;0,00;0,00;1,00;31,00;-16,00;-496,00
Loja: 3 - NEWSHOP COMERCIO LTDA ( CD );Local: 15 - GALPÃO;24984;AD2313 PLACA EM MATERIAL PLSTICO AUTO ADESIVO PARA REVESTIMENTOS EM PAREDES COM;UN;39189000;-24,00;0,00;0,00;1,00;150,00;-24,00;-3600,00
Loja: 3 - NEWSHOP COMERCIO LTDA ( CD );Local: 15 - GALPÃO;24988;"AD2311 ""PLACA EM MATERIAL PLSTICO AUTO ADESIVO PARA REVESTIMENTOS EM PAREDES COM";UN;39189000;-24,00;0,00;0,00;1,00;150,00;-24,00;-3600,00
Loja: 3 - NEWSHOP COMERCIO LTDA ( CD );Local: 15 - GALPÃO;24991;AD2307 PLACA EM MATERIAL PLSTICO AUTO ADESIVO PARA REVESTIMENTOS EM PAREDES COM;UN;39189000;-24,00;0,00;0,00;1,00;0,00;-24,00;0,00
Loja: 3 - NEWSHOP COMERCIO LTDA ( CD );Local: 15 - GALPÃO;24993;AD2305 PLACA EM MATERIAL PLSTICO AUTO ADESIVO PARA REVESTIMENTOS EM PAREDES COM;UN;39189000;-12,00;0,00;0,00;1,00;99,90;-12,00;-1198,80
Loja: 3 - NEWSHOP COMERCIO LTDA ( CD );Local: 15 - GALPÃO;25008;CC1115 SUPORTE TIPO CABIDE EM MATERIAL PLSTICO EM FORMA DE GANCHO PARA SER FIXAD;UN;39269090;-70,00;0,00;0,00;1,57;0,00;-109,90;0,00
Loja: 3 - NEWSHOP COMERCIO LTDA ( CD );Local: 15 - GALPÃO;25022;YU2163  KIT 2 TAPETES ENBORRACHADO;UN;39249000;-30,00;0,00;0,00;1,00;34,90;-30,00;-1047,00
Loja: 3 - NEWSHOP COMERCIO LTDA ( CD );Local: 15 - GALPÃO;25072;AD1022 PLACA EM MATERIAL PLSTICO AUTO ADESIVO PARA REVESTIMENTOS EM PAREDES COM;UN;39189000;-360,00;0,00;0,00;1,17;0,00;-421,20;0,00
Loja: 3 - NEWSHOP COMERCIO LTDA ( CD );Local: 15 - GALPÃO;25162;28-F PA PUM MATA MOSCA;UN;39249000;-48,00;0,00;0,00;2,40;2,00;-115,20;-96,00
Loja: 3 - NEWSHOP COMERCIO LTDA ( CD );Local: 15 - GALPÃO;25227;C1094 BOLSA FESTA;UN;42022210;-20,00;0,00;0,00;1,00;0,00;-20,00;0,00
Loja: 3 - NEWSHOP COMERCIO LTDA ( CD );Local: 15 - GALPÃO;25228;C1095 BOLSA FESTA;UN;42022210;-30,00;0,00;0,00;1,00;0,00;-30,00;0,00
Loja: 3 - NEWSHOP COMERCIO LTDA ( CD );Local: 15 - GALPÃO;25238;C1261 BOLSA FEMININA EM POLIESTER;UN;42022220;-26,00;0,00;0,00;1,00;56,00;-26,00;-1456,00
Loja: 3 - NEWSHOP COMERCIO LTDA ( CD );Local: 15 - GALPÃO;25304;HU66564 ESPATULA DE PP E SILICONE;UN;39241000;-41,00;0,00;0,00;1,00;8,50;-41,00;-348,50
Loja: 3 - NEWSHOP COMERCIO LTDA ( CD );Local: 15 - GALPÃO;25313;HU66567 ESPATULA DE PP E SILICONE;UN;39241000;-48,00;0,00;0,00;1,00;6,00;-48,00;-288,00
Loja: 3 - NEWSHOP COMERCIO LTDA ( CD );Local: 15 - GALPÃO;25371;HU66566 PINCEL DE PP E SILICONE;UN;39241000;-20,00;0,00;0,00;1,00;8,00;-20,00;-160,00
Loja: 3 - NEWSHOP COMERCIO LTDA ( CD );Local: 15 - GALPÃO;25381;HU89194 RALADOR MULTIUSO MANUAL DE USO DOMESTICO DE PLASTICO PP E ACO;UN;82055100;-12,00;0,00;0,00;1,00;14,00;-12,00;-168,00
Loja: 3 - NEWSHOP COMERCIO LTDA ( CD );Local: 15 - GALPÃO;25428;BOM-1591 COLA ADESIVA INSTANTANEA 2G;UN;35061010;-48,00;0,00;0,00;0,08;1,50;-3,84;-72,00
Loja: 3 - NEWSHOP COMERCIO LTDA ( CD );Local: 15 - GALPÃO;25511;BOM-3307 ESTILETE BISTURI DE PRECISAO ALUMINIO C/6 LAMINAS;UN;82119390;-30,00;0,00;0,00;0,34;7,50;-10,20;-225,00
Loja: 3 - NEWSHOP COMERCIO LTDA ( CD );Local: 15 - GALPÃO;25596;LCW-BW82 BRINQUEDO CORDINHA COM BOLINHA DE BORRACHA PARA PET;UN;56075090;-24,00;0,00;0,00;1,31;8,50;-31,44;-204,00
Loja: 3 - NEWSHOP COMERCIO LTDA ( CD );Local: 15 - GALPÃO;25762;XL24197 AMASSADOR DE BATATAS - 215CM ALPHA PREMIUM;UN;82152000;-24,00;0,00;0,00;2,15;11,50;-51,60;-276,00
Loja: 3 - NEWSHOP COMERCIO LTDA ( CD );Local: 15 - GALPÃO;25926;BM-F1653 ADESIVO DE PAREDE COM DESENHO - REGUA DE CRESCIMENTO - TAMANHO- 50*70CM;UN;39181000;230,00;0,00;0,00;1,46;8,00;335,80;1840,00
Loja: 3 - NEWSHOP COMERCIO LTDA ( CD );Local: 15 - GALPÃO;25952;BM-F1536 - CONJUNTO 4 POTES  CAPACIDADE 60ML MEDIDAS: 65X55X4CM;UN;39239090;-16,00;0,00;0,00;1,81;11,50;-28,96;-184,00
Loja: 3 - NEWSHOP COMERCIO LTDA ( CD );Local: 15 - GALPÃO;25953;BM-F1551 DISPENSER DE SABONETE LIQUIDO - CAPACIDADE 350ML;UN;39233090;-29,00;0,00;0,00;2,09;22,00;-60,61;-638,00
Loja: 3 - NEWSHOP COMERCIO LTDA ( CD );Local: 15 - GALPÃO;25977;BM-F1491 KIT DE LIMPEZA DOMESTICA CONTENDO 1 ESCOVA DE LIMPEZA;UN;96039000;-20,00;0,00;0,00;0,89;3,00;-17,80;-60,00
Loja: 3 - NEWSHOP COMERCIO LTDA ( CD );Local: 15 - GALPÃO;26266;FJ90949 BANDEJA DE PLASTICO CX48;UN;39241000;-21,00;0,00;0,00;1,00;24,50;-21,00;-514,50
Loja: 3 - NEWSHOP COMERCIO LTDA ( CD );Local: 15 - GALPÃO;26274;YT2641 ESTANTE ORGANIZADORA DE CANTO 4 ANDARES 22*21*118CM;UN;94038900;-5,00;0,00;0,00;1,00;71,00;-5,00;-355,00
Loja: 3 - NEWSHOP COMERCIO LTDA ( CD );Local: 15 - GALPÃO;26277;CLB03039 ESPONJA DE LIMPEZA;UN;73231000;-24,00;0,00;0,00;1,00;4,50;-24,00;-108,00
Loja: 3 - NEWSHOP COMERCIO LTDA ( CD );Local: 15 - GALPÃO;26312;CLB0124 LUVA DE LIMPEZA;UN;96039000;-11,00;0,00;0,00;1,00;10,50;-11,00;-115,50
Loja: 3 - NEWSHOP COMERCIO LTDA ( CD );Local: 15 - GALPÃO;26318;CLB02025 KIT PRENDEDOR 10 PSC;UN;39249000;-16,00;0,00;0,00;1,00;9,00;-16,00;-144,00
Loja: 3 - NEWSHOP COMERCIO LTDA ( CD );Local: 15 - GALPÃO;26323;CLB03067 LUVA OX MICROFIBRA 22X1 - 1 CX;UN;63071000;-8,00;0,00;0,00;1,00;9,00;-8,00;-72,00
Loja: 3 - NEWSHOP COMERCIO LTDA ( CD );Local: 15 - GALPÃO;26330;CLB03116 REFIL P/ ESFREGAO FLAT;UN;96039000;-16,00;0,00;0,00;1,00;14,50;-16,00;-232,00
Loja: 3 - NEWSHOP COMERCIO LTDA ( CD );Local: 15 - GALPÃO;26354;IXB03300 - ESCORREDOR DE FRUTAS;UN;73239300;-7,00;0,00;0,00;1,00;28,00;-7,00;-196,00
Loja: 3 - NEWSHOP COMERCIO LTDA ( CD );Local: 15 - GALPÃO;26476;UY3043 - FORMA DE SILICONE;UN;39241000;-30,00;0,00;0,00;1,00;13,00;-30,00;-390,00
Loja: 3 - NEWSHOP COMERCIO LTDA ( CD );Local: 15 - GALPÃO;26484;UY3050-2 - FORMA DE SILICONE;UN;39241000;-40,00;0,00;0,00;1,00;10,00;-40,00;-400,00
Loja: 3 - NEWSHOP COMERCIO LTDA ( CD );Local: 15 - GALPÃO;26497;UY3062 - FORMA DE SILICONE;UN;39241000;238,00;0,00;0,00;1,00;13,00;238,00;3094,00
Loja: 3 - NEWSHOP COMERCIO LTDA ( CD );Local: 15 - GALPÃO;26501;UY3066 - FORMA DE SILICONE COM 6 CAVIDADES;UN;39241000;-30,00;0,00;0,00;1,00;13,00;-30,00;-390,00
Loja: 3 - NEWSHOP COMERCIO LTDA ( CD );Local: 15 - GALPÃO;26533;LWJ-PC1906 ABRAÇADEIRA EM NYLON - EMBALAGEM COM 100 PCS. 3.6MM X 250MM;UN;39269090;-350,00;0,00;0,00;0,44;5,50;-154,00;-1925,00
Loja: 3 - NEWSHOP COMERCIO LTDA ( CD );Local: 15 - GALPÃO;26552;CA08102 - TABUA DE CORTE 33*20*0.8CM;UN;39241000;-26,00;0,00;0,00;4,06;16,00;-105,56;-416,00
Loja: 3 - NEWSHOP COMERCIO LTDA ( CD );Local: 15 - GALPÃO;26553;CA08104 - TABUA P/CORTE 35X24X0.7CM;UN;39241000;-38,00;0,00;0,00;5,77;22,00;-219,26;-836,00
Loja: 3 - NEWSHOP COMERCIO LTDA ( CD );Local: 15 - GALPÃO;26554;CA08106 -TABUA DE CORTE 39*26*0.7CM;UN;39241000;-30,00;0,00;0,00;1,00;25,00;-30,00;-750,00
Loja: 3 - NEWSHOP COMERCIO LTDA ( CD );Local: 15 - GALPÃO;26558;"CA08314 - TABUA DE CORTE; MATERIAL: PP; TAMANHO: 30X38X11CM";UN;39241000;-24,00;0,00;0,00;7,72;29,50;-185,28;-708,00
Loja: 3 - NEWSHOP COMERCIO LTDA ( CD );Local: 15 - GALPÃO;26596;CX080 BANDEJA RETANGULAR 33.5*22*3CM;UN;44199000;24,00;0,00;0,00;7,86;31,00;188,64;744,00
Loja: 3 - NEWSHOP COMERCIO LTDA ( CD );Local: 15 - GALPÃO;26597;CX084 BANDEJA DOBRAVEL COM PES 50*30*22.5CM;UN;44191900;20,00;0,00;0,00;32,76;62,00;655,20;1240,00
Loja: 3 - NEWSHOP COMERCIO LTDA ( CD );Local: 15 - GALPÃO;26598;CX099 PETISQUEIRA DE BAMBU COM 5 DIVISORIAS 30X30X17CM;UN;44191900;12,00;0,00;0,00;1,00;35,50;12,00;426,00
Loja: 3 - NEWSHOP COMERCIO LTDA ( CD );Local: 15 - GALPÃO;26617;"CX190 CONJUNTO DE PETISQUEIRAS CONTENDO 4 PECAS EM  MDF; 12X33CM";UN;44199000;186,00;0,00;0,00;4,42;17,50;822,12;3255,00
Loja: 3 - NEWSHOP COMERCIO LTDA ( CD );Local: 15 - GALPÃO;26855;FJ91266 PORTA RETRATO 10CMX15CM CX96;UN;39264000;-45,00;0,00;0,00;1,00;10,00;-45,00;-450,00
Loja: 3 - NEWSHOP COMERCIO LTDA ( CD );Local: 15 - GALPÃO;26866;LEY-1642 - SUPORTE DE PAREDE FIXO P/ TV DE 13 A 70POL;UN;73269090;-30,00;0,00;0,00;2,73;13,00;-81,90;-390,00
Loja: 3 - NEWSHOP COMERCIO LTDA ( CD );Local: 15 - GALPÃO;26873;LT-442 LANTERNA MANUAL;UN;85131010;-48,00;0,00;0,00;7,02;12,50;-336,96;-600,00
Loja: 3 - NEWSHOP COMERCIO LTDA ( CD );Local: 15 - GALPÃO;26893;BL21148 - BOLSA DE FESTA;UN;42022220;-10,00;0,00;0,00;1,00;16,00;-10,00;-160,00
Loja: 3 - NEWSHOP COMERCIO LTDA ( CD );Local: 15 - GALPÃO;26896;KH30225 - BOLSA FEMININA;UN;42022220;-10,00;0,00;0,00;1,00;29,00;-10,00;-290,00
Loja: 3 - NEWSHOP COMERCIO LTDA ( CD );Local: 15 - GALPÃO;26925;DV81079 - PORTA RETRATO C/ 10CM X 15CM;UN;39264000;-22,00;0,00;0,00;1,00;12,00;-22,00;-264,00
Loja: 3 - NEWSHOP COMERCIO LTDA ( CD );Local: 15 - GALPÃO;26946;DV80980 - PORTA RETRATO DE PS C/ 15CM X 20CM;UN;39264000;-10,00;0,00;0,00;1,00;20,00;-10,00;-200,00
Loja: 3 - NEWSHOP COMERCIO LTDA ( CD );Local: 15 - GALPÃO;26949;DV80981 - PORTA RETRATO DE PS C/ 10CM X 15CM;UN;39264000;-12,00;0,00;0,00;1,00;14,00;-12,00;-168,00
Loja: 3 - NEWSHOP COMERCIO LTDA ( CD );Local: 15 - GALPÃO;26984;UY3019-2 FORMAS PEQUENAS DE SILICONE;UN;39241000;-28,00;0,00;0,00;0,76;8,50;-21,28;-238,00
Loja: 3 - NEWSHOP COMERCIO LTDA ( CD );Local: 15 - GALPÃO;26985;UY3020-2  FORMA DE SILICONE;UN;39241000;230,00;0,00;0,00;0,87;15,00;200,10;3450,00
Loja: 3 - NEWSHOP COMERCIO LTDA ( CD );Local: 15 - GALPÃO;26986;UY3020-1 FORMA DE SILICONE;UN;39241000;240,00;0,00;0,00;0,87;15,00;208,80;3600,00
Loja: 3 - NEWSHOP COMERCIO LTDA ( CD );Local: 15 - GALPÃO;26989;UY3021 FORMA DE SILICONE;UN;39241000;230,00;0,00;0,00;1,03;15,00;236,90;3450,00
Loja: 3 - NEWSHOP COMERCIO LTDA ( CD );Local: 15 - GALPÃO;26990;UY3022 FORMA DE SILICONE;UN;39241000;-29,00;0,00;0,00;0,98;15,00;-28,42;-435,00
Loja: 3 - NEWSHOP COMERCIO LTDA ( CD );Local: 15 - GALPÃO;26994;UY3026 FORMA DE SILICONE;UN;39241000;240,00;0,00;0,00;0,92;15,00;220,80;3600,00
Loja: 3 - NEWSHOP COMERCIO LTDA ( CD );Local: 15 - GALPÃO;26996;UY3028 FORMA DE SILICONE;UN;39241000;-30,00;0,00;0,00;15,00;15,00;-450,00;-450,00
Loja: 3 - NEWSHOP COMERCIO LTDA ( CD );Local: 15 - GALPÃO;26997;UY3029 FORMA  DE SILICONE;UN;39241000;230,00;0,00;0,00;0,87;15,00;200,10;3450,00
Loja: 3 - NEWSHOP COMERCIO LTDA ( CD );Local: 15 - GALPÃO;27017;S-0353 CHAPEU;UN;65040090;-20,00;0,00;0,00;1,00;12,00;-20,00;-240,00
Loja: 3 - NEWSHOP COMERCIO LTDA ( CD );Local: 15 - GALPÃO;27021;MS3011 CESTO ORGANIZADOR MULTIUSO 48 X 12 X 36 CM;UN;39249000;-12,00;0,00;0,00;2,06;149,00;-24,72;-1788,00
Loja: 3 - NEWSHOP COMERCIO LTDA ( CD );Local: 15 - GALPÃO;27028;D1915 GARRAFA TERMICA PRETA SOTTO 1 LITRO 25X18X135CM;UN;96170010;-12,00;0,00;0,00;7,37;55,50;-88,44;-666,00
Loja: 3 - NEWSHOP COMERCIO LTDA ( CD );Local: 15 - GALPÃO;27031;D1918 GARRAFA TERMICA NUDE SOTTO 1 LITRO 25X18X135CM;UN;96170010;-6,00;0,00;0,00;7,37;55,50;-44,22;-333,00
Loja: 3 - NEWSHOP COMERCIO LTDA ( CD );Local: 15 - GALPÃO;27041;S9055 MANTA DE FOLHAGEM ARTIFICIAL VERDE;UN;39269090;-600,00;0,00;0,00;3,01;14,00;-1806,00;-8400,00
Loja: 3 - NEWSHOP COMERCIO LTDA ( CD );Local: 15 - GALPÃO;27074;GYDZ2449 SUPORTE DE LAMPADA COM SENSOR;UN;85365090;-40,00;0,00;0,00;0,93;21,50;-37,20;-860,00
Loja: 3 - NEWSHOP COMERCIO LTDA ( CD );Local: 15 - GALPÃO;27109;BM-F1366 CONJUNTO DE PRATOS DE PLASTICO MARCA B-MAX;UN;39241000;-15,00;0,00;0,00;1,00;11,50;-15,00;-172,50
Loja: 3 - NEWSHOP COMERCIO LTDA ( CD );Local: 15 - GALPÃO;27120;BM-F1630 - PORTA TALHERES FEITO EM METAL PARA PIA - TAMANHO: 255*8*7CM;UN;73239300;-20,00;0,00;0,00;2,30;12,00;-46,00;-240,00
Loja: 3 - NEWSHOP COMERCIO LTDA ( CD );Local: 15 - GALPÃO;27137;BM-F1502 GUARDA ROUPA ARARA DOBRAVEL;UN;94032090;-14,00;0,00;0,00;15,08;58,50;-211,12;-819,00
Loja: 3 - NEWSHOP COMERCIO LTDA ( CD );Local: 15 - GALPÃO;27163;BM-F1678 CORTINA PARA BOX DE CHUVEIRO;UN;39269090;-15,00;0,00;0,00;2,51;15,50;-37,65;-232,50
Loja: 3 - NEWSHOP COMERCIO LTDA ( CD );Local: 15 - GALPÃO;27199;NFB-004 - FONE OUVIDO SEM FIO;UN;85183000;-30,00;0,00;0,00;4,65;61,00;-139,50;-1830,00
Loja: 3 - NEWSHOP COMERCIO LTDA ( CD );Local: 15 - GALPÃO;27225;LWJ-H1801 KIT CHAVES COM 7 PECAS;UN;82055900;-22,00;0,00;0,00;1,00;24,50;-22,00;-539,00
Loja: 3 - NEWSHOP COMERCIO LTDA ( CD );Local: 15 - GALPÃO;27270;AD1018 PLACA EM MATERIAL PLSTICO AUTO ADESIVO PARA REVESTIMENTOS EM PAREDES COM;UN;39189000;-360,00;0,00;0,00;1,00;0,00;-360,00;0,00
Loja: 3 - NEWSHOP COMERCIO LTDA ( CD );Local: 15 - GALPÃO;27374;W820 CHINELO NUVEM EVA - FEM;UN;64029990;-37,00;0,00;0,00;9,26;36,00;-342,62;-1332,00
Loja: 3 - NEWSHOP COMERCIO LTDA ( CD );Local: 15 - GALPÃO;27377;W821 CHINELO PLATAFORMA EVA - FEM;UN;64029990;-13,00;0,00;0,00;25,00;50,00;-325,00;-650,00
Loja: 3 - NEWSHOP COMERCIO LTDA ( CD );Local: 15 - GALPÃO;27393;M0110-4-10 CHINELO CROCS;UN;64022000;-1,00;0,00;0,00;1,00;81,00;-1,00;-81,00
Loja: 3 - NEWSHOP COMERCIO LTDA ( CD );Local: 15 - GALPÃO;27404;TOP1895 TABUA P ALIMENTOS 37X23X06CM;UN;39241000;-24,00;0,00;0,00;2,82;14,00;-67,68;-336,00
Loja: 3 - NEWSHOP COMERCIO LTDA ( CD );Local: 15 - GALPÃO;27488;LWJ-PC1907-4.8*200 ABRACADEIRA EM NYLON - EMBALAGEM COM 100 PCS;UN;39269090;-200,00;0,00;0,00;0,86;6,00;-172,00;-1200,00
Loja: 3 - NEWSHOP COMERCIO LTDA ( CD );Local: 15 - GALPÃO;27489;LWJ-PC1907-4.8*300 ABRACADEIRA EM NYLON - EMBALAGEM COM 100 PCS;UN;39269090;-200,00;0,00;0,00;1,34;9,50;-268,00;-1900,00
Loja: 3 - NEWSHOP COMERCIO LTDA ( CD );Local: 15 - GALPÃO;27769;BM059 UMIDIFICADOR DE AR COM LÂMPADA LED;UN;85098090;-24,00;10,00;300,00;8,18;28,00;-196,32;-672,00
Loja: 3 - NEWSHOP COMERCIO LTDA ( CD );Local: 15 - GALPÃO;27779;BM-F1325 ALICATE PARA APARAR UNHA DE PET - MATERIAL: ACO INOX;UN;82142000;-20,00;0,00;0,00;0,70;7,00;-14,00;-140,00
Loja: 3 - NEWSHOP COMERCIO LTDA ( CD );Local: 15 - GALPÃO;27780;MN4198 MOCHILA DE NOTEBOOK C/ ALCA DE ACO 45*31*18CM;UN;42029200;-24,00;0,00;0,00;1,00;77,00;-24,00;-1848,00
Loja: 3 - NEWSHOP COMERCIO LTDA ( CD );Local: 15 - GALPÃO;27799;MN4193 MOCHILA DE NOTEBOOK EM EVA C/ ALCA DE ACO 45*31*18CM;UN;42029200;-15,00;0,00;0,00;1,00;99,00;-15,00;-1485,00
Loja: 3 - NEWSHOP COMERCIO LTDA ( CD );Local: 15 - GALPÃO;27873;NB2146 BOLSA;UN;42022210;-10,00;0,00;0,00;1,00;47,00;-10,00;-470,00
Loja: 3 - NEWSHOP COMERCIO LTDA ( CD );Local: 15 - GALPÃO;28028;A3786 - MINI PROTETOR DE PLASTICO PVC PARA CABOS;UN;39269090;-50,00;0,00;0,00;0,20;3,00;-10,00;-150,00
Loja: 3 - NEWSHOP COMERCIO LTDA ( CD );Local: 15 - GALPÃO;28098;BOM-9761 KIT FERRAMENTAS MULTIFUNCOES ACOMPANHA 6 FERRAMENTAS;UN;84672999;-2,00;0,00;0,00;154,47;1324,00;-308,94;-2648,00
Loja: 3 - NEWSHOP COMERCIO LTDA ( CD );Local: 15 - GALPÃO;28221;LCW-WWJ27 BRINQUEDOS PARA PET TAMANHO 18CM;UN;40169990;-15,00;0,00;0,00;1,68;11,50;-25,20;-172,50
Loja: 3 - NEWSHOP COMERCIO LTDA ( CD );Local: 15 - GALPÃO;28222;LCW-WWJ26 FRISBEE EM BORRACHA VULCANIZADA;UN;40169990;-11,00;0,00;0,00;1,00;16,00;-11,00;-176,00
Loja: 3 - NEWSHOP COMERCIO LTDA ( CD );Local: 15 - GALPÃO;28300;LE-849V CABO DE DADOS COM CONECTOR MICRO USB/V8;UN;85444200;-41,00;0,00;0,00;0,48;4,50;-19,68;-184,50
Loja: 3 - NEWSHOP COMERCIO LTDA ( CD );Local: 15 - GALPÃO;28301;LE-871C CABO COM CONECTOR USB-A: V;UN;85444200;-50,00;0,00;0,00;0,43;4,50;-21,50;-225,00
Loja: 3 - NEWSHOP COMERCIO LTDA ( CD );Local: 15 - GALPÃO;28471;LE-357 TYPE-C - CARREGADOR UNIVERSAL DE CELULAR COM 1 ENTRADA USB E CABO USB-C;UN;85044010;230,00;0,00;0,00;1,66;23,00;381,80;5290,00
Loja: 3 - NEWSHOP COMERCIO LTDA ( CD );Local: 15 - GALPÃO;28643;CINTO 25CM;UN;39262000;180,00;0,00;0,00;2,80;12,00;504,00;2160,00
Loja: 3 - NEWSHOP COMERCIO LTDA ( CD );Local: 15 - GALPÃO;28649;D1542 - PIPOQUEIRA PARA MICROONDAS 185X185X12CM;UN;39241000;-8,00;0,00;0,00;1,00;37,50;-8,00;-300,00
Loja: 3 - NEWSHOP COMERCIO LTDA ( CD );Local: 15 - GALPÃO;28801;NCA-004S - CARREGADOR DE CELULAR IOS;UN;85044010;-30,00;0,00;0,00;1,35;16,00;-40,50;-480,00
Loja: 3 - NEWSHOP COMERCIO LTDA ( CD );Local: 15 - GALPÃO;28840;BM-F1677 - SUPORTE PORTA PAPEL TOALHA;UN;73239900;-5,00;0,00;0,00;2,38;12,00;-11,90;-60,00
Loja: 3 - NEWSHOP COMERCIO LTDA ( CD );Local: 15 - GALPÃO;28889;LE-627 FUNTE - CARREGADOR UNIVERSAL DE CELULAR COM 1 ENTRADA USB;UN;85044010;-30,00;0,00;0,00;2,20;25,50;-66,00;-765,00
Loja: 3 - NEWSHOP COMERCIO LTDA ( CD );Local: 15 - GALPÃO;28894;LEF-1220 - PROTETOR AURICULAR DO TIPO CONCHA DE PLASTICO;UN;39269090;-20,00;0,00;0,00;1,00;43,00;-20,00;-860,00
Loja: 3 - NEWSHOP COMERCIO LTDA ( CD );Local: 15 - GALPÃO;29038;TRC0398 VEDA PORTA 85X13CM 2 CORES PRETO/MARROM;UN;63079090;-60,00;0,00;0,00;1,90;10,50;-114,00;-630,00
Loja: 3 - NEWSHOP COMERCIO LTDA ( CD );Local: 15 - GALPÃO;29046;OIH-4642 MESA DE CENTRO COM RODINHAS:;UN;94032090;-2,00;0,00;0,00;7,08;114,00;-14,16;-228,00
Loja: 3 - NEWSHOP COMERCIO LTDA ( CD );Local: 15 - GALPÃO;29106;MDF23162 PLACA DECORATIVA DE MADEIRA - MDF;UN;44201900;-24,00;0,00;0,00;1,00;19,50;-24,00;-468,00
Loja: 3 - NEWSHOP COMERCIO LTDA ( CD );Local: 15 - GALPÃO;29163;NEW-205 MASSAGEADOR CORPORAL RECARREGAVEL USB 12V;UN;90191000;-20,00;0,00;0,00;4,05;48,50;-81,00;-970,00
Loja: 3 - NEWSHOP COMERCIO LTDA ( CD );Local: 15 - GALPÃO;29177;DS13327 BOTA IMPERMEAVEL;UN;39262000;-20,00;0,00;0,00;1,00;19,00;-20,00;-380,00
Loja: 3 - NEWSHOP COMERCIO LTDA ( CD );Local: 15 - GALPÃO;29178;DS13904B BOLSA PARA LAVAGEM DE SAPATOS;UN;42022220;-20,00;0,00;0,00;3,36;25,00;-67,20;-500,00
Loja: 3 - NEWSHOP COMERCIO LTDA ( CD );Local: 15 - GALPÃO;29187;BJ001 ESCOVA DE DENTES ELETRICA PARA CRIANCAS - CORES VARIADAS;UN;96032900;-53,00;0,00;0,00;1,00;21,50;-53,00;-1139,50
Loja: 3 - NEWSHOP COMERCIO LTDA ( CD );Local: 15 - GALPÃO;29199;D1882 SUPORTE DE SABONETE VENTOSA 2 CORES 14.5X8.5CM;UN;39249000;-20,00;0,00;0,00;0,51;4,00;-10,20;-80,00
Loja: 3 - NEWSHOP COMERCIO LTDA ( CD );Local: 15 - GALPÃO;29331;TRC0301 ESCOVA ANTI-PO FLEXIVEL 8X124CM;UN;96039000;-42,00;0,00;0,00;1,00;16,50;-42,00;-693,00
Loja: 3 - NEWSHOP COMERCIO LTDA ( CD );Local: 15 - GALPÃO;29336;BIJUTERIA MATRIZ 71179000;UN;71179000;-50,00;0,00;0,00;1,44;0,00;-72,00;0,00
Loja: 3 - NEWSHOP COMERCIO LTDA ( CD );Local: 15 - GALPÃO;29344;TRC0791 RECIPIENTE PARA SABONETE COM VÁLVULA PUMP 11X5X 145 300ML;UN;39249000;-40,00;0,00;0,00;1,70;9,00;-68,00;-360,00
Loja: 3 - NEWSHOP COMERCIO LTDA ( CD );Local: 15 - GALPÃO;29428;BT-548 CHAVE TESTE TIPO CANETA 100V~500V COM 130MM MARCA B-TEK REFERENCIA B;UN;90303319;-30,00;0,00;0,00;0,46;3,00;-13,80;-90,00
Loja: 3 - NEWSHOP COMERCIO LTDA ( CD );Local: 15 - GALPÃO;29430;BT-549 CHAVE DETECTORA DE TENSAO DETECTA TENSAO DE 12 A 220V MARCA B-TEK RE;UN;90303319;-40,00;0,00;0,00;0,75;6,00;-30,00;-240,00
Loja: 3 - NEWSHOP COMERCIO LTDA ( CD );Local: 15 - GALPÃO;29431;BT-588 JOGO DE BROCAS 5 PECAS PARA MADEIRA ACO CARBONO DIAMETROS 4MM 5MM;UN;82071910;-30,00;0,00;0,00;1,65;8,00;-49,50;-240,00
Loja: 3 - NEWSHOP COMERCIO LTDA ( CD );Local: 15 - GALPÃO;29433;BT-590 JOGO DE BROCAS 5 PECAS DE ACO RAPIDO DIAMETROS 4MM 5MM 6MM 8MM 10M;UN;82071910;-32,00;0,00;0,00;1,91;10,50;-61,12;-336,00
Loja: 3 - NEWSHOP COMERCIO LTDA ( CD );Local: 15 - GALPÃO;29449;BM-F1655 TAPETE PARA BANHEIRO - MATERIAL: PVC - TAMANHO: 33*63CM - FORMATO: RETA;UN;39269090;-20,00;0,00;0,00;4,86;15,50;-97,20;-310,00
Loja: 3 - NEWSHOP COMERCIO LTDA ( CD );Local: 15 - GALPÃO;29519;OIH-3250 BALANCA DIGITAL INTELIGENTE 180KG;UN;84231000;-20,00;0,00;0,00;0,00;45,00;0,00;-900,00
Loja: 3 - NEWSHOP COMERCIO LTDA ( CD );Local: 15 - GALPÃO;29521;OIH-3251 BALANCA DIGITAL INTELIGENTE 180KG;UN;84231000;-20,00;0,00;0,00;0,00;47,00;0,00;-940,00
Loja: 3 - NEWSHOP COMERCIO LTDA ( CD );Local: 15 - GALPÃO;29545;BOM-5678 TORNO DE BANCADA 50MM;UN;82057000;-30,00;0,00;0,00;5,20;43,50;-156,00;-1305,00
Loja: 3 - NEWSHOP COMERCIO LTDA ( CD );Local: 15 - GALPÃO;29566;LE-7709 - CONTROLE REMOTO PARA TV;UN;85269200;-50,00;0,00;0,00;0,96;10,00;-48,00;-500,00
Loja: 3 - NEWSHOP COMERCIO LTDA ( CD );Local: 15 - GALPÃO;29567;LE-7700-1 - CONTROLE REMOTO PARA TV;UN;85269200;-20,00;0,00;0,00;0,99;26,50;-19,80;-530,00
Loja: 3 - NEWSHOP COMERCIO LTDA ( CD );Local: 15 - GALPÃO;29633;LCW-YYF20-L - ROUPA PARA CAES CONFECCIONADA EM POLIESTER;UN;42010090;-51,00;0,00;0,00;1,29;21,50;-65,79;-1096,50
Loja: 3 - NEWSHOP COMERCIO LTDA ( CD );Local: 15 - GALPÃO;29764;C2121 - CHINELO NUVEM EVA CRI;UN;64029990;-13,00;0,00;0,00;6,81;36,00;-88,53;-468,00
Loja: 3 - NEWSHOP COMERCIO LTDA ( CD );Local: 15 - GALPÃO;29771;L2121 CHINELO NUVEM EVA INF - ACOMPANHA ADEREÇO;UN;64029990;-37,00;0,00;0,00;6,81;36,00;-251,97;-1332,00
Loja: 3 - NEWSHOP COMERCIO LTDA ( CD );Local: 15 - GALPÃO;29803;TOP0966 - SACO PARA LAVAGEM 50X60CM;UN;63079090;-33,00;0,00;0,00;1,00;7,50;-33,00;-247,50
Loja: 3 - NEWSHOP COMERCIO LTDA ( CD );Local: 15 - GALPÃO;29805;TOP1890 - ROLO DE MASSA MADEIRA 42X4.5CM;UN;44191900;-7,00;0,00;0,00;2,33;11,00;-16,31;-77,00
Loja: 3 - NEWSHOP COMERCIO LTDA ( CD );Local: 15 - GALPÃO;29807;TOP1894 - TABUA P  ALIMENTOS 33X20X055CM;UN;39241000;-48,00;0,00;0,00;1,00;10,50;-48,00;-504,00
Loja: 3 - NEWSHOP COMERCIO LTDA ( CD );Local: 15 - GALPÃO;29814;TOP2683 - AMPULHETA DECORATIVA DE BAMBU 3 MINUTOS;UN;39264000;-30,00;0,00;0,00;2,54;13,50;-76,20;-405,00
Loja: 3 - NEWSHOP COMERCIO LTDA ( CD );Local: 15 - GALPÃO;29846;ION-1010 - PISTOLA MASSAGEADORA CORPORAL RECARREGAVEL;UN;90191000;-30,00;0,00;0,00;5,10;61,00;-153,00;-1830,00
Loja: 3 - NEWSHOP COMERCIO LTDA ( CD );Local: 15 - GALPÃO;29858;M-123 FONTE CARREGADOR;UN;70091000;-50,00;0,00;0,00;8,00;8,00;-400,00;-400,00
Loja: 3 - NEWSHOP COMERCIO LTDA ( CD );Local: 15 - GALPÃO;29859;ION-1080 - MASSAGEADOR FACIAL RECARREGAVEL;UN;90191000;-40,00;0,00;0,00;2,84;38,00;-113,60;-1520,00
Loja: 3 - NEWSHOP COMERCIO LTDA ( CD );Local: 15 - GALPÃO;29870;DIS012 DISPENSER PARA SABONETE LIQUIDO;UN;69120000;-13,00;0,00;0,00;1,00;28,50;-13,00;-370,50
Loja: 3 - NEWSHOP COMERCIO LTDA ( CD );Local: 15 - GALPÃO;29941;GDR1290 CALENDARIO D PLAST/BASE D MADE 13X155CM;UN;44201900;-22,00;0,00;0,00;3,04;16,50;-66,88;-363,00
Loja: 3 - NEWSHOP COMERCIO LTDA ( CD );Local: 15 - GALPÃO;29970;CA09986 - AMOLADOR DE FACA MANUAL DE USO DOMESTICO;UN;82055100;-11,00;0,00;0,00;1,00;13,00;-11,00;-143,00
Loja: 3 - NEWSHOP COMERCIO LTDA ( CD );Local: 15 - GALPÃO;29973;CA12430 - KIT ROLO ADESIVO TIRA PELOS CONTENDO 2 UNIDADES;UN;39249000;-24,00;0,00;0,00;1,72;7,00;-41,28;-168,00
Loja: 3 - NEWSHOP COMERCIO LTDA ( CD );Local: 15 - GALPÃO;29978;"CA15293 - PANO DE PRATO; TAMANHO: 38X65CM";UN;63071000;-12,00;0,00;0,00;1,00;10,00;-12,00;-120,00
Loja: 3 - NEWSHOP COMERCIO LTDA ( CD );Local: 15 - GALPÃO;29982;CA17013 - CONJUNTO DE CABIDES CONTENDO 5 PECAS;UN;39249000;-57,00;0,00;0,00;3,51;13,50;-200,07;-769,50
Loja: 3 - NEWSHOP COMERCIO LTDA ( CD );Local: 15 - GALPÃO;29983;CA17014 - CONJUNTO DE CABIDES;UN;44211000;-10,00;0,00;0,00;4,13;17,00;-41,30;-170,00
Loja: 3 - NEWSHOP COMERCIO LTDA ( CD );Local: 15 - GALPÃO;29987;CA17075 - CONJUNTO DE CABIDES COM PRESILHAS;UN;83025000;-16,00;0,00;0,00;1,00;14,00;-16,00;-224,00
Loja: 3 - NEWSHOP COMERCIO LTDA ( CD );Local: 15 - GALPÃO;29992;CX248 - QUEIJEIRA COM TAMPA;UN;44191900;-17,00;0,00;0,00;1,00;16,00;-17,00;-272,00
Loja: 3 - NEWSHOP COMERCIO LTDA ( CD );Local: 15 - GALPÃO;29993;CX260 - BANDEJA  295X295X12CM;UN;44199000;-31,00;0,00;0,00;1,00;14,50;-31,00;-449,50
Loja: 3 - NEWSHOP COMERCIO LTDA ( CD );Local: 15 - GALPÃO;29998;LWJ-H1803 KIT CHAVES COM 6 PECAS;UN;82059000;-15,00;0,00;0,00;1,00;31,00;-15,00;-465,00
Loja: 3 - NEWSHOP COMERCIO LTDA ( CD );Local: 15 - GALPÃO;30036;NSP-2054 SUPORTE DE PLASTICO EMPVC PARA CELULAR;UN;39269090;-30,00;0,00;0,00;0,00;14,50;0,00;-435,00
Loja: 3 - NEWSHOP COMERCIO LTDA ( CD );Local: 15 - GALPÃO;30038;NFB-139- FONE DE OUVIDO BLUETOOTH;UN;85183000;-30,00;0,00;0,00;1,00;45,00;-30,00;-1350,00
Loja: 3 - NEWSHOP COMERCIO LTDA ( CD );Local: 15 - GALPÃO;30039;BOM-5642 - FERRAMENTA INTEGRADA DE ROSQUEAMENTO;UN;82074010;-50,00;0,00;0,00;0,00;11,50;0,00;-575,00
Loja: 3 - NEWSHOP COMERCIO LTDA ( CD );Local: 15 - GALPÃO;30044;BOM-5641 - FERRAMENTA INTEGRADA DE ROSQUEAMENTO;UN;82074010;-40,00;0,00;0,00;0,00;8,00;0,00;-320,00
Loja: 3 - NEWSHOP COMERCIO LTDA ( CD );Local: 15 - GALPÃO;30051;BM-F1464 -  CINTA POSTURA ELASTICA;UN;95069900;-23,00;0,00;0,00;3,63;26,50;-83,49;-609,50
Loja: 3 - NEWSHOP COMERCIO LTDA ( CD );Local: 15 - GALPÃO;30057;BM-F1749 - PORTA-COPOS DE FERRO FORJADO;UN;73239300;-30,00;0,00;0,00;2,97;15,00;-89,10;-450,00
Loja: 3 - NEWSHOP COMERCIO LTDA ( CD );Local: 15 - GALPÃO;30068;KL-1542 - LUMINARIA DE MESA EM PLASTICO 3D PARA ESCREVER;UN;94052100;-15,00;0,00;0,00;1,00;13,00;-15,00;-195,00
Loja: 3 - NEWSHOP COMERCIO LTDA ( CD );Local: 15 - GALPÃO;30085;LCW-YYF23-XL - ROUPA DE PET;UN;62019000;-50,00;0,00;0,00;1,86;24,50;-93,00;-1225,00
Loja: 3 - NEWSHOP COMERCIO LTDA ( CD );Local: 15 - GALPÃO;30093;LEY-2177 - SUPORTE DE PLASTICO PARA CELULAR DOBRAVEL DE MESA;UN;39269090;-20,00;0,00;0,00;2,24;13,00;-44,80;-260,00
Loja: 3 - NEWSHOP COMERCIO LTDA ( CD );Local: 15 - GALPÃO;30123;W3016 BOLSA FEMININA P (18 00);UN;42022220;-20,00;0,00;0,00;5,00;18,00;-100,00;-360,00
Loja: 3 - NEWSHOP COMERCIO LTDA ( CD );Local: 15 - GALPÃO;30125;W3017 BOLSA FEMININA P (1800);UN;42022220;-30,00;0,00;0,00;0,00;18,00;0,00;-540,00
Loja: 3 - NEWSHOP COMERCIO LTDA ( CD );Local: 15 - GALPÃO;30151;MCH088 CAIXA DE RELOGIO;UN;91061000;-100,00;0,00;0,00;1,00;55,00;-100,00;-5500,00
Loja: 3 - NEWSHOP COMERCIO LTDA ( CD );Local: 15 - GALPÃO;30181;073600000 MASSA SOFT GLITTER 90G SEM COR;UN;34070010;198,00;0,00;0,00;1,84;5,50;364,32;1089,00
Loja: 3 - NEWSHOP COMERCIO LTDA ( CD );Local: 15 - GALPÃO;30313;TT-1202UC CARREGADOR PARA CELULAR - ENTRADA: AC 100V-240V 05A;UN;85044010;-30,00;0,00;0,00;1,47;23,50;-44,10;-705,00
Loja: 3 - NEWSHOP COMERCIO LTDA ( CD );Local: 15 - GALPÃO;30326;TT-2007L - CARREGADOR PARA CELULAR - TENSAO (ENTRADA): 100-240V;UN;85044010;-40,00;0,00;0,00;4,03;41,00;-161,20;-1640,00
Loja: 3 - NEWSHOP COMERCIO LTDA ( CD );Local: 15 - GALPÃO;30334;MIP-006A - CANETA TOUCH UNIVERSAL - TAMANHO: 165*9MM - PONTA DE 1.5MM;UN;84716053;-39,00;0,00;0,00;2,84;34,00;-110,76;-1326,00
Loja: 3 - NEWSHOP COMERCIO LTDA ( CD );Local: 15 - GALPÃO;30336;MTG-261 - TRIPÉ PARA CELULAR FIXAÇÃO MAGNETICA;UN;39269090;-80,00;0,00;0,00;2,90;22,00;-232,00;-1760,00
Loja: 3 - NEWSHOP COMERCIO LTDA ( CD );Local: 15 - GALPÃO;30339;MTG-035A SUPORTE DE PLASTICO PARA CELULAR/GPS;UN;39269090;-20,00;0,00;0,00;2,76;25,50;-55,20;-510,00
Loja: 3 - NEWSHOP COMERCIO LTDA ( CD );Local: 15 - GALPÃO;30341;TC-212L SC - CABO TIPO USB COM CONECTOR TIPO LIGHTNING;UN;85444200;-40,00;0,00;0,00;1,38;11,00;-55,20;-440,00
Loja: 3 - NEWSHOP COMERCIO LTDA ( CD );Local: 15 - GALPÃO;30350;LCW-WWJ22 COXA DE FRANGO BRINQUEDO MORDEDOR DE BORRACHA;UN;40169990;-30,00;0,00;0,00;1,38;10,50;-41,40;-315,00
Loja: 3 - NEWSHOP COMERCIO LTDA ( CD );Local: 15 - GALPÃO;30355;LCW-YYF24-S ROUPA PARA CAES CONFECCIONADA EM POLIESTER COMPLETO;UN;42010090;-11,00;0,00;0,00;1,00;22,00;-11,00;-242,00
Loja: 3 - NEWSHOP COMERCIO LTDA ( CD );Local: 15 - GALPÃO;30589;LE-527 CARREGADOR VEICULAR:;UN;85044010;-40,00;0,00;0,00;1,31;12,00;-52,40;-480,00
Loja: 3 - NEWSHOP COMERCIO LTDA ( CD );Local: 15 - GALPÃO;30618;LCW-SSE10 - PENTE DE REMOCAO DE PELOS DE CAES E GATOS;UN;96039000;-20,00;0,00;0,00;1,32;22,50;-26,40;-450,00
Loja: 3 - NEWSHOP COMERCIO LTDA ( CD );Local: 15 - GALPÃO;30634;GX10-6737-  MOCHILA DE VIAGEM EM POLIESTER;UN;42029200;-10,00;0,00;0,00;1,00;102,00;-10,00;-1020,00
Loja: 3 - NEWSHOP COMERCIO LTDA ( CD );Local: 15 - GALPÃO;30850;GX80-A8847-BOLSINHA FEMININA COM ALCA DE OMBRO PARA CELULAR;UN;42022210;-6,00;0,00;0,00;1,00;25,00;-6,00;-150,00
Loja: 3 - NEWSHOP COMERCIO LTDA ( CD );Local: 15 - GALPÃO;30853;GX80-A8845-BOLSINHA TRANSVERSAL PARA CELULAR EM PVC;UN;42022210;-12,00;0,00;0,00;2,00;25,00;-24,00;-300,00
Loja: 3 - NEWSHOP COMERCIO LTDA ( CD );Local: 15 - GALPÃO;30882;AB-016 CARREGADOR DE CELULAR PARA MOTO:;UN;85044010;-50,00;0,00;0,00;2,18;22,00;-109,00;-1100,00
Loja: 3 - NEWSHOP COMERCIO LTDA ( CD );Local: 15 - GALPÃO;30955;LEF-1216 - FONE DE OUVIDO COM FIO CABO DE 12M  ENTRADA P2 35MMMICROFONE EMB;UN;85183000;-30,00;0,00;0,00;1,30;4,00;-39,00;-120,00
Loja: 3 - NEWSHOP COMERCIO LTDA ( CD );Local: 15 - GALPÃO;30967;LEF-1215 - FONE DE OUVIDO  CABO DE 12M  P2 35MMMICROFONE EMB;UN;85183000;-40,00;0,00;0,00;1,50;4,50;-60,00;-180,00
Loja: 3 - NEWSHOP COMERCIO LTDA ( CD );Local: 15 - GALPÃO;30992;BOM-5645 - SUPORTE DE AFIAR BROCAS E LAMINAS;UN;82079000;-20,00;0,00;0,00;1,00;14,00;-20,00;-280,00
Loja: 3 - NEWSHOP COMERCIO LTDA ( CD );Local: 15 - GALPÃO;31005;BOM-2614 - CADEADO FLEXIVEL PARA BICICLETA;UN;83011000;-30,00;0,00;0,00;1,28;10,50;-38,40;-315,00
Loja: 3 - NEWSHOP COMERCIO LTDA ( CD );Local: 15 - GALPÃO;31007;GDR1233 CUBO MAGICO 5X5X5CM;UN;95030070;-170,00;0,00;0,00;0,84;4,00;-142,80;-680,00
Loja: 3 - NEWSHOP COMERCIO LTDA ( CD );Local: 15 - GALPÃO;31057;W-13 ESTILETE COMPOSICAO METAL (FERRO);UN;82119390;-36,00;0,00;0,00;0,81;10,50;-29,16;-378,00
Loja: 3 - NEWSHOP COMERCIO LTDA ( CD );Local: 15 - GALPÃO;31064;ION-0978 MINI LIQUIDIFICADOR PORTATIL;UN;39241000;-40,00;0,00;0,00;1,00;30,50;-40,00;-1220,00
Loja: 3 - NEWSHOP COMERCIO LTDA ( CD );Local: 15 - GALPÃO;31187;NFB-136-FONE DE OUVIDO SEM FIO;UN;85183000;-30,00;0,00;0,00;1,00;51,50;-30,00;-1545,00
Loja: 3 - NEWSHOP COMERCIO LTDA ( CD );Local: 15 - GALPÃO;31188;LEY-2102 - FITA DE LED COM CONTROLE REMOTO - NTD-2517;UN;94054200;-30,00;0,00;0,00;2,16;28,50;-64,80;-855,00
Loja: 3 - NEWSHOP COMERCIO LTDA ( CD );Local: 15 - GALPÃO;31193;UTL-6039 -SPRAY BORRIFADOR CULINARIO EM VIDRO;UN;70134290;-50,00;0,00;0,00;0,00;8,50;0,00;-425,00
Loja: 3 - NEWSHOP COMERCIO LTDA ( CD );Local: 15 - GALPÃO;31288;8740 VELA DECORATIVA CORES SORTIDAS 8 PECAS;UN;34060000;200,00;0,00;0,00;0,77;4,50;154,00;900,00
Loja: 3 - NEWSHOP COMERCIO LTDA ( CD );Local: 15 - GALPÃO;31291;8739 VELA DECORATIVA BRANCA 10 PECAS;UN;34060000;200,00;0,00;0,00;0,89;5,50;178,00;1100,00
Loja: 3 - NEWSHOP COMERCIO LTDA ( CD );Local: 15 - GALPÃO;31381;PET-458 - ARTIGO PARA ANIMAIS DE ESTIMACAO EM PP - BRINQUEDOS;UN;42010090;-78,00;0,00;0,00;0,95;13,00;-74,10;-1014,00
Loja: 3 - NEWSHOP COMERCIO LTDA ( CD );Local: 15 - GALPÃO;31387;JD-06 FITA ADESIVA DE PLASTICOS DE DIVERSAS CORES;UN;39199090;-200,00;0,00;0,00;0,76;6,00;-152,00;-1200,00
Loja: 3 - NEWSHOP COMERCIO LTDA ( CD );Local: 15 - GALPÃO;31389;LE-8315 MINI CHAVEIRO LUZ PORTATIL;UN;85131090;-30,00;0,00;0,00;0,89;9,50;-26,70;-285,00
Loja: 3 - NEWSHOP COMERCIO LTDA ( CD );Local: 15 - GALPÃO;31391;JD-09 FITA ADESIVA DE PLASTICOS DE DIVERSAS CORES;UN;39199090;-86,00;0,00;0,00;2,00;18,00;-172,00;-1548,00
Loja: 3 - NEWSHOP COMERCIO LTDA ( CD );Local: 15 - GALPÃO;31464;FZ5386 CARTEIRA;UN;42022100;30,00;0,00;0,00;5,52;22,00;165,60;660,00
Loja: 3 - NEWSHOP COMERCIO LTDA ( CD );Local: 15 - GALPÃO;31465;BC5743 CARTEIRA FEMININA;UN;42023200;30,00;0,00;0,00;5,92;23,50;177,60;705,00
Loja: 3 - NEWSHOP COMERCIO LTDA ( CD );Local: 15 - GALPÃO;31466;FZ-5385 CARTEIRA;UN;42022100;30,00;0,00;0,00;5,52;22,00;165,60;660,00
Loja: 3 - NEWSHOP COMERCIO LTDA ( CD );Local: 15 - GALPÃO;31467;FZ5383 CARTEIRA FEMININA;UN;42023200;30,00;0,00;0,00;4,72;19,00;141,60;570,00
Loja: 3 - NEWSHOP COMERCIO LTDA ( CD );Local: 15 - GALPÃO;31469;FZ-5382 CARTEIRA FEMININA;UN;42023200;30,00;0,00;0,00;4,72;19,00;141,60;570,00
Loja: 3 - NEWSHOP COMERCIO LTDA ( CD );Local: 15 - GALPÃO;31470;FZ-5381 CARTEIRA FEMININA;UN;42023200;30,00;0,00;0,00;4,72;19,00;141,60;570,00
Loja: 3 - NEWSHOP COMERCIO LTDA ( CD );Local: 15 - GALPÃO;31471;BC5560 CARTEIRA FEMININA;UN;42023200;30,00;0,00;0,00;5,52;22,00;165,60;660,00
Loja: 3 - NEWSHOP COMERCIO LTDA ( CD );Local: 15 - GALPÃO;31472;FZ5332 CARTEIRA FEMININA;UN;42023200;30,00;0,00;0,00;3,52;14,00;105,60;420,00
Loja: 3 - NEWSHOP COMERCIO LTDA ( CD );Local: 15 - GALPÃO;31473;FZ-3215 UNISSEX;UN;42023200;30,00;0,00;0,00;4,32;17,50;129,60;525,00
Loja: 3 - NEWSHOP COMERCIO LTDA ( CD );Local: 15 - GALPÃO;31474;FZ5314 CARTEIRA UNISSEX;UN;42023200;30,00;0,00;0,00;5,12;20,50;153,60;615,00
Loja: 3 - NEWSHOP COMERCIO LTDA ( CD );Local: 15 - GALPÃO;31475;FZ3948 CARTEIRA FEMININA;UN;42023200;30,00;0,00;0,00;2,32;9,90;69,60;297,00
Loja: 3 - NEWSHOP COMERCIO LTDA ( CD );Local: 15 - GALPÃO;31476;BC-5574 CARTEIRA FEMININA;UN;42023200;30,00;0,00;0,00;4,32;17,50;129,60;525,00
Loja: 3 - NEWSHOP COMERCIO LTDA ( CD );Local: 15 - GALPÃO;31477;FZ3947 CARTEIRA FEMININA;UN;42023200;30,00;0,00;0,00;2,72;11,00;81,60;330,00
Loja: 3 - NEWSHOP COMERCIO LTDA ( CD );Local: 15 - GALPÃO;31478;FZ3945 CARTEIRA FEMININA;UN;42023200;30,00;0,00;0,00;4,32;17,50;129,60;525,00
Loja: 3 - NEWSHOP COMERCIO LTDA ( CD );Local: 15 - GALPÃO;31492;TRC6937 SUPORTE ADESIVO P/ FRASCOS 7X4.8X5CM;UN;39249000;200,00;0,00;0,00;0,52;3,00;104,00;600,00
Loja: 3 - NEWSHOP COMERCIO LTDA ( CD );Local: 15 - GALPÃO;31510;COPO TRANSP PP 200ML 100UN TOTALPLAST;UN;39241000;1,00;0,00;0,00;5,95;0,00;5,95;0,00
Loja: 3 - NEWSHOP COMERCIO LTDA ( CD );Local: 15 - GALPÃO;31527;Bateria;UN;85076000;12,00;0,00;0,00;67,20;0,00;806,40;0,00
Loja: 3 - NEWSHOP COMERCIO LTDA ( CD );Local: 15 - GALPÃO;31658;OIH-2712 CONJUNTO DE COZINHA CONTEM: UM AMOLADOR UM RALADOR E UMA FACA;UN;82055100;20,00;0,00;0,00;3,51;20,00;70,20;400,00
Loja: 3 - NEWSHOP COMERCIO LTDA ( CD );Local: 15 - GALPÃO;31659;OIH-2928 VASSOURA;UN;96031000;20,00;0,00;0,00;4,01;16,00;80,20;320,00
Loja: 3 - NEWSHOP COMERCIO LTDA ( CD );Local: 15 - GALPÃO;31660;OIH-2929 RODO;UN;96039000;20,00;0,00;0,00;3,11;16,00;62,20;320,00
Loja: 3 - NEWSHOP COMERCIO LTDA ( CD );Local: 15 - GALPÃO;31661;OIH-2934 ESCOVA MULTIFUNCIONAL;UN;96039000;29,00;0,00;0,00;1,71;10,00;49,59;290,00
Loja: 3 - NEWSHOP COMERCIO LTDA ( CD );Local: 15 - GALPÃO;31662;OIH-2935 ESCOVA DE PANELA;UN;96039000;29,00;0,00;0,00;1,04;9,00;30,16;261,00
Loja: 3 - NEWSHOP COMERCIO LTDA ( CD );Local: 15 - GALPÃO;31663;OIH-2936 ESCOVA DE FRUTAS;UN;96039000;29,00;0,00;0,00;1,04;9,00;30,16;261,00
Loja: 3 - NEWSHOP COMERCIO LTDA ( CD );Local: 15 - GALPÃO;31664;OIH-2937 ESCOVAS DE FRUTAS;UN;96039000;29,00;0,00;0,00;0,92;9,00;26,68;261,00
Loja: 3 - NEWSHOP COMERCIO LTDA ( CD );Local: 15 - GALPÃO;31665;OIH-2938 RODO DE MAO;UN;96039000;29,00;0,00;0,00;0,86;9,00;24,94;261,00
Loja: 3 - NEWSHOP COMERCIO LTDA ( CD );Local: 15 - GALPÃO;31666;OIH-2939 ESCOVA DE ROUPAS;UN;94018000;29,00;0,00;0,00;1,19;10,50;34,51;304,50
Loja: 3 - NEWSHOP COMERCIO LTDA ( CD );Local: 15 - GALPÃO;31750;TOP2636 - ESPELHO DE MESA LACO 19X20.5CM;UN;70099200;72,00;0,00;0,00;2,85;14,00;205,20;1008,00
Loja: 3 - NEWSHOP COMERCIO LTDA ( CD );Local: 15 - GALPÃO;31752;TOP2637 - ESPELHO DE MESA 16X18CM;UN;70099200;72,00;0,00;0,00;2,92;14,00;210,24;1008,00
Loja: 3 - NEWSHOP COMERCIO LTDA ( CD );Local: 15 - GALPÃO;31753;Kit de Pintura Animais da Selva - Pintar Criar e Sonhar!;UN;49030000;60,00;0,00;0,00;9,50;18,00;570,00;1080,00
Loja: 3 - NEWSHOP COMERCIO LTDA ( CD );Local: 15 - GALPÃO;31755;SURPRESA NA FLORESTA;UN;49030000;50,00;0,00;0,00;3,80;7,50;190,00;375,00
Loja: 3 - NEWSHOP COMERCIO LTDA ( CD );Local: 15 - GALPÃO;31756;Patrulha Canina - com 100 adesivos;UN;49030000;40,00;0,00;0,00;4,75;10,50;190,00;420,00
Loja: 3 - NEWSHOP COMERCIO LTDA ( CD );Local: 15 - GALPÃO;31757;Enaldinho - com 100 adesivos;UN;49030000;40,00;0,00;0,00;4,75;10,50;190,00;420,00
Loja: 3 - NEWSHOP COMERCIO LTDA ( CD );Local: 15 - GALPÃO;31758;Carros - Colorir e Brincar com 5 Miniaturas;UN;49030000;50,00;0,00;0,00;7,12;13,00;356,00;650,00
Loja: 3 - NEWSHOP COMERCIO LTDA ( CD );Local: 15 - GALPÃO;31759;Harry Potter - com 100 adesivos;UN;49030000;40,00;0,00;0,00;4,75;10,50;190,00;420,00
Loja: 3 - NEWSHOP COMERCIO LTDA ( CD );Local: 15 - GALPÃO;31760;Brincadeiras no Quintal;UN;49030000;50,00;0,00;0,00;3,80;7,50;190,00;375,00
Loja: 3 - NEWSHOP COMERCIO LTDA ( CD );Local: 15 - GALPÃO;31761;Hot Wheels - com 100 adesivos;UN;49030000;40,00;0,00;0,00;4,75;10,50;190,00;420,00
Loja: 3 - NEWSHOP COMERCIO LTDA ( CD );Local: 15 - GALPÃO;31763;Animais da Fazenda - Colorir e Brincar com 5 Miniaturas;UN;49030000;50,00;0,00;0,00;7,12;13,00;356,00;650,00
Loja: 3 - NEWSHOP COMERCIO LTDA ( CD );Local: 15 - GALPÃO;31861;O Nascimento de Jesus;UN;49030000;50,00;0,00;0,00;3,80;7,50;190,00;375,00
Loja: 3 - NEWSHOP COMERCIO LTDA ( CD );Local: 15 - GALPÃO;31862;Hello Kitty - com 100 adesivos;UN;49030000;40,00;0,00;0,00;4,75;10,50;190,00;420,00
Loja: 3 - NEWSHOP COMERCIO LTDA ( CD );Local: 15 - GALPÃO;31863;Descobertas na Fazenda;UN;49030000;50,00;0,00;0,00;3,80;7,50;190,00;375,00
Loja: 3 - NEWSHOP COMERCIO LTDA ( CD );Local: 15 - GALPÃO;31864;Patrulha Canina - Passatempo para Colorir;UN;49030000;16,00;0,00;0,00;11,40;20,50;182,40;328,00
Loja: 3 - NEWSHOP COMERCIO LTDA ( CD );Local: 15 - GALPÃO;31865;LIVRO DE GAMES;UN;49030000;16,00;0,00;0,00;14,25;26,00;228,00;416,00
Loja: 3 - NEWSHOP COMERCIO LTDA ( CD );Local: 15 - GALPÃO;31866;Kit de Pintura Princesas - Pintar Criar e Sonhar!;UN;49030000;60,00;0,00;0,00;9,50;18,00;570,00;1080,00
Loja: 3 - NEWSHOP COMERCIO LTDA ( CD );Local: 15 - GALPÃO;31867;Unicornios - Colorir e Brincar com 5 Miniaturas;UN;49030000;50,00;0,00;0,00;7,12;13,00;356,00;650,00
Loja: 3 - NEWSHOP COMERCIO LTDA ( CD );Local: 15 - GALPÃO;31868;Maria Clara e JP - Passatempo para Colorir;UN;49030000;16,00;0,00;0,00;11,40;20,50;182,40;328,00
Loja: 3 - NEWSHOP COMERCIO LTDA ( CD );Local: 15 - GALPÃO;31869;Dinossauros - Colorir e Brincar com 5 Miniaturas;UN;49030000;50,00;0,00;0,00;7,12;13,00;356,00;650,00
Loja: 3 - NEWSHOP COMERCIO LTDA ( CD );Local: 15 - GALPÃO;31870;Kit de Pintura Biblicos - Pintar Criar e Sonhar;UN;49030000;60,00;0,00;0,00;9,50;18,00;570,00;1080,00
Loja: 3 - NEWSHOP COMERCIO LTDA ( CD );Local: 15 - GALPÃO;31871;Barbie - Passatempo para Colorir;UN;49030000;16,00;0,00;0,00;11,40;20,50;182,40;328,00
Loja: 3 - NEWSHOP COMERCIO LTDA ( CD );Local: 15 - GALPÃO;31873;LIVRO DE UNICORNIOS;UN;49030000;16,00;0,00;0,00;14,25;26,00;228,00;416,00
Loja: 3 - NEWSHOP COMERCIO LTDA ( CD );Local: 15 - GALPÃO;31886;WG14972 PRATO RASO CERAMICA BLOOMING CINZA 28CM;UN;69120000;12,00;0,00;0,00;7,65;30,00;91,80;360,00
Loja: 3 - NEWSHOP COMERCIO LTDA ( CD );Local: 15 - GALPÃO;31888;WG14982 PRATO SOBREMESA CERAMICA BLISSFUL BIRTH CINZA 225CM;UN;69120000;12,00;0,00;0,00;6,31;24,50;75,72;294,00
Loja: 3 - NEWSHOP COMERCIO LTDA ( CD );Local: 15 - GALPÃO;31890;WG14926 PRATO RASO CERAMICA BLISSFUL BIRTH AZUL ESCURO;UN;69120000;12,00;0,00;0,00;6,86;27,00;82,32;324,00
Loja: 3 - NEWSHOP COMERCIO LTDA ( CD );Local: 15 - GALPÃO;31891;WG14984 BOWL CERAMICA BLISSFUL BIRTH AZUL ESCURO 16CM;UN;69120000;12,00;0,00;0,00;7,19;28,00;86,28;336,00
Loja: 3 - NEWSHOP COMERCIO LTDA ( CD );Local: 15 - GALPÃO;31892;WG14988 BOWL CERAMICA BLISSFUL BIRTH CINZA 16CM;UN;69120000;12,00;0,00;0,00;7,19;28,00;86,28;336,00
Loja: 3 - NEWSHOP COMERCIO LTDA ( CD );Local: 15 - GALPÃO;31893;WG14952 PRATO RASO CERAMICA BLOOMING ROSA 28CM;UN;69120000;12,00;0,00;0,00;7,65;30,00;91,80;360,00
Loja: 3 - NEWSHOP COMERCIO LTDA ( CD );Local: 15 - GALPÃO;31894;WG14989 BOWL CERAMICA BLISSFUL BIRTH AZUL ESCURO 13CM;UN;69120000;12,00;0,00;0,00;6,81;26,50;81,72;318,00
Loja: 3 - NEWSHOP COMERCIO LTDA ( CD );Local: 15 - GALPÃO;31895;CG3700 PANELA DE CERAMICA 700ML;UN;69139000;12,00;0,00;0,00;11,95;43,00;143,40;516,00
Loja: 3 - NEWSHOP COMERCIO LTDA ( CD );Local: 15 - GALPÃO;31896;CG3439 PRATO DE CERAMICA 29CM;UN;69139000;24,00;0,00;0,00;11,40;41,00;273,60;984,00
Loja: 3 - NEWSHOP COMERCIO LTDA ( CD );Local: 15 - GALPÃO;31897;WG14991 BOWL CERAMICA BLISSFUL BIRTH ROSA 13CM;UN;69120000;12,00;0,00;0,00;6,81;26,50;81,72;318,00
Loja: 3 - NEWSHOP COMERCIO LTDA ( CD );Local: 15 - GALPÃO;31898;WG14954 PRATO RASO CERAMICA BLISSFUL BIRTH ROSA 28CM;UN;69120000;12,00;0,00;0,00;10,55;41,00;126,60;492,00
Loja: 3 - NEWSHOP COMERCIO LTDA ( CD );Local: 15 - GALPÃO;31899;CG6627 JOGO DE SALEIRO PIMENTEIRO E PALITEIRO DE CERAMICA;UN;69139000;20,00;0,00;0,00;7,30;26,50;146,00;530,00
Loja: 3 - NEWSHOP COMERCIO LTDA ( CD );Local: 15 - GALPÃO;31900;WH-48 PRATO DE JANTAR;UN;69139000;20,00;0,00;0,00;9,30;33,50;186,00;670,00
Loja: 3 - NEWSHOP COMERCIO LTDA ( CD );Local: 15 - GALPÃO;31901;WH-51 TRAVESSA DE CERAMICA;UN;69139000;15,00;0,00;0,00;6,90;25,00;103,50;375,00
Loja: 3 - NEWSHOP COMERCIO LTDA ( CD );Local: 15 - GALPÃO;31902;WH-56 PRATO DE CERAMICA 27CM;UN;69139000;15,00;0,00;0,00;10,90;39,00;163,50;585,00
Loja: 3 - NEWSHOP COMERCIO LTDA ( CD );Local: 15 - GALPÃO;31903;WH-57 PRATO DE CERAMICA 22CM;UN;69139000;15,00;0,00;0,00;7,30;26,50;109,50;397,50
Loja: 3 - NEWSHOP COMERCIO LTDA ( CD );Local: 15 - GALPÃO;31904;CG7551 POTE DE AÇUCAR DE CERAMICA;UN;69139000;15,00;0,00;0,00;4,80;17,50;72,00;262,50
Loja: 3 - NEWSHOP COMERCIO LTDA ( CD );Local: 15 - GALPÃO;31905;WG14992 BOWL CERAMICA BLISSFUL BIRTH BORDO 13CM;UN;69120000;12,00;0,00;0,00;6,81;26,50;81,72;318,00
Loja: 3 - NEWSHOP COMERCIO LTDA ( CD );Local: 15 - GALPÃO;31906;WG14994 BOWL CERAMICA BLISSFUL BIRTH CINZA 13CM;UN;69120000;12,00;0,00;0,00;6,81;26,50;81,72;318,00
Loja: 3 - NEWSHOP COMERCIO LTDA ( CD );Local: 15 - GALPÃO;31907;WG14961 PRATO RASO CERAMICA BLISSFUL BIRTH BORDO 28CM;UN;69120000;12,00;0,00;0,00;10,55;41,00;126,60;492,00
Loja: 3 - NEWSHOP COMERCIO LTDA ( CD );Local: 15 - GALPÃO;31908;WG14966 PRATO RASO CERAMICA BLISSFUL BIRTH CINZA 28CM;UN;69120000;12,00;0,00;0,00;10,55;41,00;126,60;492,00
Loja: 3 - NEWSHOP COMERCIO LTDA ( CD );Local: 15 - GALPÃO;31909;WG14976 PRATO SOBREMESA CERAMICA BLISSFUL BIRTH AZUL ESCURO 225CM;UN;69120000;12,00;0,00;0,00;6,31;24,50;75,72;294,00
Loja: 3 - NEWSHOP COMERCIO LTDA ( CD );Local: 15 - GALPÃO;31910;WG14978 PRATO SOBREMESA CERAMICA BLISSFUL BIRTH ROSA 225CM;UN;69120000;12,00;0,00;0,00;6,30;24,50;75,60;294,00
Loja: 3 - NEWSHOP COMERCIO LTDA ( CD );Local: 15 - GALPÃO;31911;WG14996 PRATO SOBREMESA CERAMICA BLOOMING ROSA 22CM;UN;69120000;18,00;0,00;0,00;5,13;20,00;92,34;360,00
Loja: 3 - NEWSHOP COMERCIO LTDA ( CD );Local: 15 - GALPÃO;31912;WG14981 PRATO SOBREMESA CERAMICA BLISSFUL BIRTH BORDO 225CM;UN;69120000;12,00;0,00;0,00;6,31;24,50;75,72;294,00
Loja: 3 - NEWSHOP COMERCIO LTDA ( CD );Local: 15 - GALPÃO;31913;WG14983 PRATO SOBREMESA CERAMICA BLOOMING CINZA 22CM;UN;69120000;18,00;0,00;0,00;5,13;20,00;92,34;360,00
Loja: 3 - NEWSHOP COMERCIO LTDA ( CD );Local: 15 - GALPÃO;31914;WG14985 BOWL CERAMICA BLISSFUL BIRTH ROSA 16CM;UN;69120000;15,00;0,00;0,00;7,19;28,00;107,85;420,00
Loja: 3 - NEWSHOP COMERCIO LTDA ( CD );Local: 15 - GALPÃO;31921;CG7286 PRATO FUNDO DE CERAMICA;UN;69139000;15,00;0,00;0,00;6,30;22,50;94,50;337,50
Loja: 3 - NEWSHOP COMERCIO LTDA ( CD );Local: 15 - GALPÃO;31922;WG14997 BOWL CERAMICA BLISSFUL BIRTH CINZA 21CM;UN;69120000;12,00;0,00;0,00;7,86;30,50;94,32;366,00
Loja: 3 - NEWSHOP COMERCIO LTDA ( CD );Local: 15 - GALPÃO;31923;WG14998 BOWL CERAMICA BLISSFUL BIRTH AZUL ESCURO 21CM;UN;69120000;12,00;0,00;0,00;7,86;30,50;94,32;366,00
Loja: 3 - NEWSHOP COMERCIO LTDA ( CD );Local: 15 - GALPÃO;31924;WG15001 SALADEIRA CERAMICA BLISSFUL BIRTH ROSA 225CM;UN;69120000;12,00;0,00;0,00;10,24;40,00;122,88;480,00
Loja: 3 - NEWSHOP COMERCIO LTDA ( CD );Local: 15 - GALPÃO;31925;WG15003 BOWL CERAMICA BLISSFUL BIRTH BORDO 21CM;UN;69120000;12,00;0,00;0,00;7,86;30,50;94,32;366,00
Loja: 3 - NEWSHOP COMERCIO LTDA ( CD );Local: 15 - GALPÃO;31926;WG15013 BOWL CERAMICA BLOOMING CINZA 15CM;UN;69120000;18,00;0,00;0,00;5,19;20,50;93,42;369,00
Loja: 3 - NEWSHOP COMERCIO LTDA ( CD );Local: 15 - GALPÃO;31927;WG15024 BOWL CERAMICA BLOOMING ROSA 15CM;UN;69120000;18,00;0,00;0,00;5,19;20,50;93,42;369,00
Loja: 3 - NEWSHOP COMERCIO LTDA ( CD );Local: 15 - GALPÃO;31928;WG15025 PRATO RASO CERAMICA MIRA BEGE 27CM;UN;69120000;12,00;0,00;0,00;8,38;32,50;100,56;390,00
Loja: 3 - NEWSHOP COMERCIO LTDA ( CD );Local: 15 - GALPÃO;31929;WG15027 PRATO RASO CERAMICA MIRA SALMAO 27CM;UN;69120000;12,00;0,00;0,00;8,38;32,50;100,56;390,00
Loja: 3 - NEWSHOP COMERCIO LTDA ( CD );Local: 15 - GALPÃO;31930;WG15028 PRATO SOBREMESA CERAMICA MIRA BEGE 20CM;UN;69120000;18,00;0,00;0,00;4,24;16,50;76,32;297,00
Loja: 3 - NEWSHOP COMERCIO LTDA ( CD );Local: 15 - GALPÃO;31931;WG15033 PRATO FUNDO CERAMICA BLOOMING CINZA 20CM;UN;69120000;18,00;0,00;0,00;5,08;20,00;91,44;360,00
Loja: 3 - NEWSHOP COMERCIO LTDA ( CD );Local: 15 - GALPÃO;31932;WG15034 PRATO SOBREMESA CERAMICA MIRA SALMAO 20CM;UN;69120000;18,00;0,00;0,00;4,24;16,50;76,32;297,00
Loja: 3 - NEWSHOP COMERCIO LTDA ( CD );Local: 15 - GALPÃO;31933;WG15038 BOWL CERAMICA MIRA BEGE 145CM;UN;69120000;18,00;0,00;0,00;5,40;21,00;97,20;378,00
Loja: 3 - NEWSHOP COMERCIO LTDA ( CD );Local: 15 - GALPÃO;31935;WG15040 BOWL CERAMICA MIRA SALMAO 145CM;UN;69120000;18,00;0,00;0,00;5,40;21,00;97,20;378,00
Loja: 3 - NEWSHOP COMERCIO LTDA ( CD );Local: 15 - GALPÃO;31937;WG15042 BOWL CERAMICA MIRA SALMAO 19CM;UN;69120000;18,00;0,00;0,00;5,54;21,50;99,72;387,00
Loja: 3 - NEWSHOP COMERCIO LTDA ( CD );Local: 15 - GALPÃO;31938;WG15047 BOWL CERAMICA MIRA BEGE 19CM;UN;69120000;18,00;0,00;0,00;5,54;21,50;99,72;387,00
Loja: 3 - NEWSHOP COMERCIO LTDA ( CD );Local: 15 - GALPÃO;31939;WG15053 PRATO FUNDO CERAMICA BLOOMING ROSA 20CM;UN;69120000;18,00;0,00;0,00;5,08;20,00;91,44;360,00
Loja: 3 - NEWSHOP COMERCIO LTDA ( CD );Local: 15 - GALPÃO;31941;WG15152 PRATO RASO CERAMICA ARISO BRANCO 28CM;UN;69120000;12,00;0,00;0,00;7,62;30,50;91,44;366,00
Loja: 3 - NEWSHOP COMERCIO LTDA ( CD );Local: 15 - GALPÃO;31942;WG15172 PRATO SOBREMESA CERAMICA ARISO BRANCO 195CM;UN;69120000;24,00;0,00;0,00;4,48;17,50;107,52;420,00
Loja: 3 - NEWSHOP COMERCIO LTDA ( CD );Local: 15 - GALPÃO;31943;WG15235 PRATO SOBREMESA CERAMICA YONI MARROM 22CM;UN;69120000;18,00;0,00;0,00;6,40;25,00;115,20;450,00
Loja: 3 - NEWSHOP COMERCIO LTDA ( CD );Local: 15 - GALPÃO;31992;GX10-3023 MOCHILA;UN;42022220;-7,00;0,00;0,00;0,00;90,00;0,00;-630,00
Loja: 3 - NEWSHOP COMERCIO LTDA ( CD );Local: 15 - GALPÃO;32013;C9902 CHINELO NUVEM EVA - ACOMPANHA ADEREÇO;UN;64029990;-37,00;0,00;0,00;6,81;34,00;-251,97;-1258,00
Loja: 3 - NEWSHOP COMERCIO LTDA ( CD );Local: 15 - GALPÃO;32014;W808 CAIXA CHINELO TK - FEM;UN;64029990;-25,00;0,00;0,00;1,00;58,00;-25,00;-1450,00
Loja: 3 - NEWSHOP COMERCIO LTDA ( CD );Local: 15 - GALPÃO;32017;19902/L9902 CHINELO NUVEM EVA - ACOMPANHA ADEREÇO;UN;64029990;-13,00;0,00;0,00;81,73;34,00;-1062,49;-442,00
Loja: 3 - NEWSHOP COMERCIO LTDA ( CD );Local: 15 - GALPÃO;32019;W23107 CAIXA CHINELO NUVEM EVA- FEM;UN;64029990;-25,00;0,00;0,00;20,00;40,00;-500,00;-1000,00
Loja: 3 - NEWSHOP COMERCIO LTDA ( CD );Local: 15 - GALPÃO;32021;W826 CHINELO PLATAFORMA EVA - FEM;UN;64029990;-13,00;0,00;0,00;11,73;42,00;-152,49;-546,00
Loja: 3 - NEWSHOP COMERCIO LTDA ( CD );Local: 15 - GALPÃO;32023;DM-032-CALCULADORA;UN;84701000;-30,00;0,00;0,00;1,00;59,00;-30,00;-1770,00
Loja: 3 - NEWSHOP COMERCIO LTDA ( CD );Local: 15 - GALPÃO;32025;BOM-2767 CONJUNTO COM 4 RODIZIOS SENDO 2 GIRATORIOS;UN;83022000;-24,00;0,00;0,00;1,00;35,00;-24,00;-840,00
Loja: 3 - NEWSHOP COMERCIO LTDA ( CD );Local: 15 - GALPÃO;32026;BOM-1485 CHAVE DE BIELA L 12MM;UN;82041200;-40,00;0,00;0,00;4,03;17,50;-161,20;-700,00
Loja: 3 - NEWSHOP COMERCIO LTDA ( CD );Local: 15 - GALPÃO;32027;BOM-1486 SP - CHAVE DE BIELA L 13MM;UN;82041200;-40,00;0,00;0,00;2,71;19,50;-108,40;-780,00
Loja: 3 - NEWSHOP COMERCIO LTDA ( CD );Local: 15 - GALPÃO;32028;BOM-1487 CHAVE DE BIELA L 14MM;UN;82041200;-40,00;0,00;0,00;1,00;21,00;-40,00;-840,00
Loja: 3 - NEWSHOP COMERCIO LTDA ( CD );Local: 15 - GALPÃO;32029;BOM-1488 CHAVE DE BIELA L 15MM;UN;82041200;-50,00;0,00;0,00;1,00;23,00;-50,00;-1150,00
Loja: 3 - NEWSHOP COMERCIO LTDA ( CD );Local: 15 - GALPÃO;32030;BOM-1489 CHAVE DE BIELA L 17MM;UN;82041200;-50,00;0,00;0,00;1,00;24,50;-50,00;-1225,00
Loja: 3 - NEWSHOP COMERCIO LTDA ( CD );Local: 15 - GALPÃO;32032;CPN-303 - CAMPAINHA SEM FIO COM PILHA INCLUSA;UN;85318000;-30,00;0,00;0,00;1,00;22,00;-30,00;-660,00
Loja: 3 - NEWSHOP COMERCIO LTDA ( CD );Local: 15 - GALPÃO;32034;NSP-1084 SUPORTE MAGNETICO DE PESCOCO;UN;39269090;-30,00;0,00;0,00;1,00;38,00;-30,00;-1140,00
Loja: 3 - NEWSHOP COMERCIO LTDA ( CD );Local: 15 - GALPÃO;32035;NTD-156-LUMINARIA DE EMERGENCIA DE LED RECARREGAVEL;UN;94051190;-40,00;0,00;0,00;1,00;21,00;-40,00;-840,00
Loja: 3 - NEWSHOP COMERCIO LTDA ( CD );Local: 15 - GALPÃO;32036;1201C BRINQUEDOS PARA ATIVIDADES CRIATIVAS;UN;95030099;-30,00;0,00;0,00;1,00;15,00;-30,00;-450,00
Loja: 3 - NEWSHOP COMERCIO LTDA ( CD );Local: 15 - GALPÃO;32038;NTD-704-FITA DE LED;UN;94054200;-40,00;0,00;0,00;4,65;59,00;-186,00;-2360,00
Loja: 3 - NEWSHOP COMERCIO LTDA ( CD );Local: 15 - GALPÃO;32040;LUM-491-LUMINARIA DE LED DE PAREDE;UN;94051190;-50,00;0,00;0,00;2,85;36,00;-142,50;-1800,00
Loja: 3 - NEWSHOP COMERCIO LTDA ( CD );Local: 15 - GALPÃO;32041;NEW-215 - MODELADOR CORPORAL FEMININO EM POLIESTER E ELASTANO;UN;62123000;-20,00;0,00;0,00;6,30;80,00;-126,00;-1600,00
Loja: 3 - NEWSHOP COMERCIO LTDA ( CD );Local: 15 - GALPÃO;32043;8501C LOUSA DIGITAL TABLET MAGICO 8.5;UN;85121000;-30,00;0,00;0,00;1,00;8,50;-30,00;-255,00
Loja: 3 - NEWSHOP COMERCIO LTDA ( CD );Local: 15 - GALPÃO;32048;DS14912 TORRE DE CHOP;UN;39241000;-16,00;0,00;0,00;1,00;229,00;-16,00;-3664,00
Loja: 3 - NEWSHOP COMERCIO LTDA ( CD );Local: 15 - GALPÃO;32049;DS14917 WALKIE TALKIE ILFANTIL;UN;85171439;-20,00;0,00;0,00;1,00;152,00;-20,00;-3040,00
Loja: 3 - NEWSHOP COMERCIO LTDA ( CD );Local: 15 - GALPÃO;32050;DS14918 ACESS FITNESS;UN;95069100;-20,00;0,00;0,00;1,00;66,50;-20,00;-1330,00
Loja: 3 - NEWSHOP COMERCIO LTDA ( CD );Local: 15 - GALPÃO;32100;GDR1257 CARRINHO DE PLASTICO COM;UN;95030099;-18,00;0,00;0,00;2,30;17,50;-41,40;-315,00
Loja: 3 - NEWSHOP COMERCIO LTDA ( CD );Local: 15 - GALPÃO;32101;GDR1620 CARRO SOBE PAREDE D CONTR;UN;95030097;-12,00;0,00;0,00;48,01;101,00;-576,12;-1212,00
Loja: 3 - NEWSHOP COMERCIO LTDA ( CD );Local: 15 - GALPÃO;32102;GDR1621 CARRINHO D CONTROLE REMOT;UN;95030097;-10,00;0,00;0,00;6,37;82,50;-63,70;-825,00
Loja: 3 - NEWSHOP COMERCIO LTDA ( CD );Local: 15 - GALPÃO;32103;GDR1624 CAMINHAO D PLASTICO C FRI;UN;95030099;-32,00;0,00;0,00;2,85;39,50;-91,20;-1264,00
Loja: 3 - NEWSHOP COMERCIO LTDA ( CD );Local: 15 - GALPÃO;32104;GDR1657 PISTA C CARRINHO E DUAS C;UN;95030097;-8,00;0,00;0,00;16,56;139,99;-132,48;-1119,92
Loja: 3 - NEWSHOP COMERCIO LTDA ( CD );Local: 15 - GALPÃO;32105;GDR1658 PISTA ASTRONAUTA C CARRO;UN;95030097;-12,00;0,00;0,00;1,00;55,00;-12,00;-660,00
Loja: 3 - NEWSHOP COMERCIO LTDA ( CD );Local: 15 - GALPÃO;32106;GDR1664 CARRINHO D PLASTICO COM F;UN;95030099;-12,00;0,00;0,00;3,31;20,50;-39,72;-246,00
Loja: 3 - NEWSHOP COMERCIO LTDA ( CD );Local: 15 - GALPÃO;32107;GDR1669 LANCADOR COM DARDOS 18X16;UN;95030099;-40,00;0,00;0,00;3,88;27,00;-155,20;-1080,00
Loja: 3 - NEWSHOP COMERCIO LTDA ( CD );Local: 15 - GALPÃO;32108;GDR1678 QUADRO D DESENHO C BOLA M;UN;95030099;-48,00;0,00;0,00;8,88;18,50;-426,24;-888,00
Loja: 3 - NEWSHOP COMERCIO LTDA ( CD );Local: 15 - GALPÃO;32109;GDR1701 CARRINHO C FRICCAO ASTRON;UN;95030099;-16,00;0,00;0,00;2,55;13,50;-40,80;-216,00
Loja: 3 - NEWSHOP COMERCIO LTDA ( CD );Local: 15 - GALPÃO;32110;GDR1706 KIT 2 CARRINHO FRICCAO SO;UN;95030099;-10,00;0,00;0,00;12,10;57,50;-121,00;-575,00
Loja: 3 - NEWSHOP COMERCIO LTDA ( CD );Local: 15 - GALPÃO;32111;GDR1720 CARRO CORRIDA D CONTROLE;UN;95030097;-6,00;0,00;0,00;16,20;149,00;-97,20;-894,00
Loja: 3 - NEWSHOP COMERCIO LTDA ( CD );Local: 15 - GALPÃO;32112;GDR1724 PIANO MUSICAL 24X10CM;UN;95030091;-48,00;0,00;0,00;1,00;33,50;-48,00;-1608,00
Loja: 3 - NEWSHOP COMERCIO LTDA ( CD );Local: 15 - GALPÃO;32113;GDR1738 KIT BONECA C BALANCO COLE;UN;95030022;-18,00;0,00;0,00;4,45;38,00;-80,10;-684,00
Loja: 3 - NEWSHOP COMERCIO LTDA ( CD );Local: 15 - GALPÃO;32114;GDR1739 KIT BONECA C MOTO E BALAO;UN;95030022;-18,00;0,00;0,00;1,00;38,00;-18,00;-684,00
Loja: 3 - NEWSHOP COMERCIO LTDA ( CD );Local: 15 - GALPÃO;32115;GDR1741 LANCADOR COM PISTA E CARR;UN;95030099;-12,00;0,00;0,00;1,00;69,99;-12,00;-839,88
Loja: 3 - NEWSHOP COMERCIO LTDA ( CD );Local: 15 - GALPÃO;32116;GDR1755 LANCADOR COM ALVO ARANHA;UN;95030099;-18,00;0,00;0,00;9,13;41,00;-164,34;-738,00
Loja: 3 - NEWSHOP COMERCIO LTDA ( CD );Local: 15 - GALPÃO;32117;GDR1814 CRIADOR DE BRACELETES 13X;UN;95030080;-24,00;0,00;0,00;1,00;21,00;-24,00;-504,00
Loja: 3 - NEWSHOP COMERCIO LTDA ( CD );Local: 15 - GALPÃO;32118;GDR1817 CRIADOR DE BRACELETES 13X;UN;95030080;-24,00;0,00;0,00;1,00;22,00;-24,00;-528,00
Loja: 3 - NEWSHOP COMERCIO LTDA ( CD );Local: 15 - GALPÃO;32119;GDR1819 BONECA DORMINHOCA C/MALA;UN;95030022;-18,00;0,00;0,00;3,44;32,00;-61,92;-576,00
Loja: 3 - NEWSHOP COMERCIO LTDA ( CD );Local: 15 - GALPÃO;32121;GDR1891 MAQUINA REALISTA DE CONST;UN;95030099;-48,00;0,00;0,00;1,00;21,50;-48,00;-1032,00
Loja: 3 - NEWSHOP COMERCIO LTDA ( CD );Local: 15 - GALPÃO;32122;GDR1949 MINI CASINHA PARA MONTAR;UN;95030060;-24,00;0,00;0,00;2,71;23,00;-65,04;-552,00
Loja: 3 - NEWSHOP COMERCIO LTDA ( CD );Local: 15 - GALPÃO;32123;GDR1958 BRINQUEDO DE MONTAR;UN;95030060;-10,00;0,00;0,00;17,82;119,90;-178,20;-1199,00
Loja: 3 - NEWSHOP COMERCIO LTDA ( CD );Local: 15 - GALPÃO;32124;GDR1963 BRINQUEDO DE MONTAR;UN;95030060;-10,00;0,00;0,00;17,78;119,90;-177,80;-1199,00
Loja: 3 - NEWSHOP COMERCIO LTDA ( CD );Local: 15 - GALPÃO;32125;GDR1973 BRINQUEDO DE MONTAR;UN;95030060;-10,00;0,00;0,00;15,15;124,00;-151,50;-1240,00
Loja: 3 - NEWSHOP COMERCIO LTDA ( CD );Local: 15 - GALPÃO;32126;GDR1982 KIT MEU PRIMEIRO CONSULTO;UN;95030080;-12,00;0,00;0,00;1,00;76,00;-12,00;-912,00
Loja: 3 - NEWSHOP COMERCIO LTDA ( CD );Local: 15 - GALPÃO;32127;GDR1984 PISTA 3 ANDAR BOMBEIRO;UN;95030099;-8,00;0,00;0,00;19,71;147,00;-157,68;-1176,00
Loja: 3 - NEWSHOP COMERCIO LTDA ( CD );Local: 15 - GALPÃO;32128;GDR1994 KIT ARCO E FLECHA 3 CORES;UN;95030099;-8,00;0,00;0,00;25,51;194,00;-204,08;-1552,00
Loja: 3 - NEWSHOP COMERCIO LTDA ( CD );Local: 15 - GALPÃO;32129;GDR2000 CAMINHAO QUE VIRA PISTA;UN;95030099;-10,00;0,00;0,00;12,98;105,00;-129,80;-1050,00
Loja: 3 - NEWSHOP COMERCIO LTDA ( CD );Local: 15 - GALPÃO;32130;GDR2013 BRINQUEDO MENINA;UN;95030080;-10,00;0,00;0,00;14,02;129,99;-140,20;-1299,90
Loja: 3 - NEWSHOP COMERCIO LTDA ( CD );Local: 15 - GALPÃO;32131;GDR2014 BRINQUEDO MENINA;UN;95030080;-12,00;0,00;0,00;11,41;90,00;-136,92;-1080,00
Loja: 3 - NEWSHOP COMERCIO LTDA ( CD );Local: 15 - GALPÃO;32133;GDR2016 CASINHA DE BONECA;UN;95030080;-12,00;0,00;0,00;1,00;46,00;-12,00;-552,00
Loja: 3 - NEWSHOP COMERCIO LTDA ( CD );Local: 15 - GALPÃO;32134;GDR2017 DINOSSAURO MORDE DEDO;UN;95030099;-12,00;0,00;0,00;1,00;27,00;-12,00;-324,00
Loja: 3 - NEWSHOP COMERCIO LTDA ( CD );Local: 15 - GALPÃO;32135;GDR2050 BRINQUEDO PISTA;UN;95030099;-24,00;0,00;0,00;5,52;61,00;-132,48;-1464,00
Loja: 3 - NEWSHOP COMERCIO LTDA ( CD );Local: 15 - GALPÃO;32136;GDR2051 CASTELOS E CASINHAS DE BO;UN;95030080;-12,00;0,00;0,00;1,00;122,00;-12,00;-1464,00
Loja: 3 - NEWSHOP COMERCIO LTDA ( CD );Local: 15 - GALPÃO;32137;GDR2064 PISTA ESPACO ELETRICA;UN;95030097;-18,00;0,00;0,00;6,72;72,50;-120,96;-1305,00
Loja: 3 - NEWSHOP COMERCIO LTDA ( CD );Local: 15 - GALPÃO;32138;GDR2081 SQUISHY BALL;UN;95030099;-24,00;0,00;0,00;1,24;9,50;-29,76;-228,00
Loja: 3 - NEWSHOP COMERCIO LTDA ( CD );Local: 15 - GALPÃO;32139;GDR2086 SQUISHY BALL;UN;95030099;-32,00;0,00;0,00;1,00;7,50;-32,00;-240,00
Loja: 3 - NEWSHOP COMERCIO LTDA ( CD );Local: 15 - GALPÃO;32140;GX10-25911 - NECESSAIRE M   FEMININA EM PVC;UN;42029200;-20,00;0,00;0,00;1,00;12,00;-20,00;-240,00
Loja: 3 - NEWSHOP COMERCIO LTDA ( CD );Local: 15 - GALPÃO;32141;GX10-25911 - NECESSAIRE P   FEMININA EM PVC;UN;42029200;-20,00;0,00;0,00;1,00;10,00;-20,00;-200,00
Loja: 3 - NEWSHOP COMERCIO LTDA ( CD );Local: 20 - GALPÃO MIDI;472;BM-751 MOUSE PAD COM APOIO DE PULSO EM GEL;UN;39269090;81,00;0,00;0,00;0,03;19,00;2,43;1539,00
Loja: 3 - NEWSHOP COMERCIO LTDA ( CD );Local: 20 - GALPÃO MIDI;484;BM-607 SENSOR DE PRESENCA COM INFRAVERMELHO 3 EM 1 (MULTI-FUNCAO);UN;85318000;30,00;0,00;0,00;6,67;35,00;200,10;1050,00
Loja: 3 - NEWSHOP COMERCIO LTDA ( CD );Local: 20 - GALPÃO MIDI;486;BM-F1022 MASSAGEADOR;UN;90191000;30,00;0,00;0,00;0,54;137,00;16,20;4110,00
Loja: 3 - NEWSHOP COMERCIO LTDA ( CD );Local: 20 - GALPÃO MIDI;487;BM-F960 MINI MOEDOR DE GRAOS DDE CAFE;UN;85098090;15,00;0,00;0,00;2,86;90,80;42,90;1362,00
Loja: 3 - NEWSHOP COMERCIO LTDA ( CD );Local: 20 - GALPÃO MIDI;488;BM-615 MOUSE SEM FIO BLUETOOTH (RECEPTOR);UN;84716053;378,00;0,00;0,00;1,72;20,50;650,16;7749,00
Loja: 3 - NEWSHOP COMERCIO LTDA ( CD );Local: 20 - GALPÃO MIDI;491;BM-106 FONE DE OUVIDO (HEADSET) SEM FIO;UN;85183000;30,00;0,00;0,00;5,62;74,00;168,60;2220,00
Loja: 3 - NEWSHOP COMERCIO LTDA ( CD );Local: 20 - GALPÃO MIDI;508;BM-8530 LUMINARIA LED PARA CAMPING  COM AJUSTE DE BRILHO;UN;94054200;40,00;0,00;0,00;3,37;24,50;134,80;980,00
Loja: 3 - NEWSHOP COMERCIO LTDA ( CD );Local: 20 - GALPÃO MIDI;517;BM107 FONE DE OUVIDO SENDO HEADSET SEM FIO;UN;85183000;100,00;0,00;0,00;5,96;86,50;596,00;8650,00
Loja: 3 - NEWSHOP COMERCIO LTDA ( CD );Local: 20 - GALPÃO MIDI;518;BM-218 FONE DE OUVIDO COM FIO;UN;85183000;30,00;0,00;0,00;5,48;63,00;164,40;1890,00
Loja: 3 - NEWSHOP COMERCIO LTDA ( CD );Local: 20 - GALPÃO MIDI;538;BM-8688 -5M EXTENSAO COM 9 TOMADAS E 2 USB 5 METROS;UN;85363090;180,00;0,00;0,00;5,68;50,00;1022,40;9000,00
Loja: 3 - NEWSHOP COMERCIO LTDA ( CD );Local: 20 - GALPÃO MIDI;540;BM-8687 EXTENSAO COM 5 TOMADAS 3 METROS;UN;85366990;80,00;0,00;0,00;2,23;28,00;178,40;2240,00
Loja: 3 - NEWSHOP COMERCIO LTDA ( CD );Local: 20 - GALPÃO MIDI;541;BM-8688 EXTENSAO COM 9 TOMADAS E 2 USB 2 METROS -;UN;85366990;20,00;0,00;0,00;0,06;45,00;1,20;900,00
Loja: 3 - NEWSHOP COMERCIO LTDA ( CD );Local: 20 - GALPÃO MIDI;542;BM-8686 EXTENSAO COM 5 TOMADAS 2 METROS;UN;85366990;120,00;0,00;0,00;0,03;26,50;3,60;3180,00
Loja: 3 - NEWSHOP COMERCIO LTDA ( CD );Local: 20 - GALPÃO MIDI;831;153-49 BIQUINIS G;UN;61124100;1,00;0,00;0,00;0,00;25,00;0,00;25,00
Loja: 3 - NEWSHOP COMERCIO LTDA ( CD );Local: 20 - GALPÃO MIDI;1191;BMG-04 SUPORTE DE PLASTICO PARA GPS/CELULAR;UN;39269090;50,00;10,00;100,00;2,44;35,50;122,00;1775,00
Loja: 3 - NEWSHOP COMERCIO LTDA ( CD );Local: 20 - GALPÃO MIDI;1196;BMG-55 SUPORTE PARA CELULAR;UN;39269090;17,00;0,00;0,00;1,03;13,50;17,51;229,50
Loja: 3 - NEWSHOP COMERCIO LTDA ( CD );Local: 20 - GALPÃO MIDI;1199;BM-F1012 MINI PROJETOR - WIFI 24GHZ - TENSAO: AC 100-240V (BIVOLT);UN;85286990;40,00;0,00;0,00;26,20;269,90;1048,00;10796,00
Loja: 3 - NEWSHOP COMERCIO LTDA ( CD );Local: 20 - GALPÃO MIDI;1209;BM-F1034 MINI FILTRO COADOR DE CAFE DE (METAL) TAMANHO : 75 X 12CM;UN;96040000;141,00;0,00;0,00;1,46;17,50;205,86;2467,50
Loja: 3 - NEWSHOP COMERCIO LTDA ( CD );Local: 20 - GALPÃO MIDI;1223;BM-F924 MASSAGEADOR;UN;90191000;17,00;0,00;0,00;5,58;66,50;94,86;1130,50
Loja: 3 - NEWSHOP COMERCIO LTDA ( CD );Local: 20 - GALPÃO MIDI;1230;BM-F966 SUPORTE APLICADOR DE FITA ADESIVA;UN;82055900;45,00;0,00;0,00;1,76;17,00;79,20;765,00
Loja: 3 - NEWSHOP COMERCIO LTDA ( CD );Local: 20 - GALPÃO MIDI;1245;BM-L11A/B CONJUNTO DE 3 LUMINARIAS SPOT ADESIVAS (LED);UN;94051190;40,00;0,00;0,00;2,19;26,00;87,60;1040,00
Loja: 3 - NEWSHOP COMERCIO LTDA ( CD );Local: 20 - GALPÃO MIDI;1273;BMG-21 SUPORTE DE PLASTICO PARA CELULAR;UN;39269090;100,00;0,00;0,00;1,60;14,00;160,00;1400,00
Loja: 3 - NEWSHOP COMERCIO LTDA ( CD );Local: 20 - GALPÃO MIDI;1281;BMG-61 SUPORTE PARA MOTO;UN;39269090;50,00;100,00;200,00;1,39;15,50;69,50;775,00
Loja: 3 - NEWSHOP COMERCIO LTDA ( CD );Local: 20 - GALPÃO MIDI;1285;BMG-63 SUPORTE  PARA NOTEBOOK;UN;76169900;80,00;0,00;0,00;0,00;70,00;0,00;5600,00
Loja: 3 - NEWSHOP COMERCIO LTDA ( CD );Local: 20 - GALPÃO MIDI;1288;BMG-39 SUPORTE PARA NOTEBOOK;UN;39269090;125,00;10,00;200,00;1,82;22,50;227,50;2812,50
Loja: 3 - NEWSHOP COMERCIO LTDA ( CD );Local: 20 - GALPÃO MIDI;1290;BMG-68 SUPORTE DE PLASTICO PARA CELULAR (UNIVERSAL);UN;39269090;50,00;0,00;0,00;1,51;16,50;75,50;825,00
Loja: 3 - NEWSHOP COMERCIO LTDA ( CD );Local: 20 - GALPÃO MIDI;1292;BMG-67 SUPORTE DE PLASTICO PARA CELULAR COM VENTOSA;UN;39269090;31,00;0,00;0,00;0,00;16,00;0,00;496,00
Loja: 3 - NEWSHOP COMERCIO LTDA ( CD );Local: 20 - GALPÃO MIDI;1293;BMG-45 SUPORTE DE PLASTICO PARA CELULAR;UN;39269090;50,00;0,00;0,00;0,00;9,50;0,00;475,00
Loja: 3 - NEWSHOP COMERCIO LTDA ( CD );Local: 20 - GALPÃO MIDI;1294;BMG-66 SUPORTE DE PLASTICO PARA CELULAR VEICULAR (UNIVERSAL);UN;39269090;20,00;0,00;0,00;1,00;12,50;20,00;250,00
Loja: 3 - NEWSHOP COMERCIO LTDA ( CD );Local: 20 - GALPÃO MIDI;1300;BMG-53 SUPORTE DE PLASTICO PARA CELULAR;UN;39269090;88,00;0,00;0,00;0,00;15,50;0,00;1364,00
Loja: 3 - NEWSHOP COMERCIO LTDA ( CD );Local: 20 - GALPÃO MIDI;1304;BMG-62 SUPORTE DE PLASTICO PARA NOTEBOOK;UN;39269090;100,00;0,00;0,00;1,62;14,00;162,00;1400,00
Loja: 3 - NEWSHOP COMERCIO LTDA ( CD );Local: 20 - GALPÃO MIDI;1330;KPG02225 PULSEIRA DE METAL 12 CTL POR DUZIA;UN;71171900;19,00;0,00;0,00;2,65;19,00;50,35;361,00
Loja: 3 - NEWSHOP COMERCIO LTDA ( CD );Local: 20 - GALPÃO MIDI;2089;LH-7 GAME STIKE;UN;42029200;80,00;0,00;0,00;23,53;180,00;1882,40;14400,00
Loja: 3 - NEWSHOP COMERCIO LTDA ( CD );Local: 20 - GALPÃO MIDI;3694;BM-C029 APARADOR DE CABELO SEM FIO DE USO DOMESTICO COM BATERIA INTERNA;UN;85102000;20,00;0,00;0,00;0,00;89,00;0,00;1780,00
Loja: 3 - NEWSHOP COMERCIO LTDA ( CD );Local: 20 - GALPÃO MIDI;3713;BM-C018 APARADOR DE CABELO SEM FIO DE USO DOMESTICO COM BATERIA INTERNA;UN;85102000;40,00;0,00;0,00;6,46;68,00;258,40;2720,00
Loja: 3 - NEWSHOP COMERCIO LTDA ( CD );Local: 20 - GALPÃO MIDI;3715;BM-C019 APARADOR DE CABELO SEM FIO DE USO DOMESTICO COM BATERIA INTERNA;UN;85102000;40,00;0,00;0,00;6,74;69,00;269,60;2760,00
Loja: 3 - NEWSHOP COMERCIO LTDA ( CD );Local: 20 - GALPÃO MIDI;3718;BM-C020 APARADOR DE CABELO SEM FIO DE USO DOMESTICO COM BATERIA INTERNA;UN;85102000;60,00;0,00;0,00;7,23;72,00;433,80;4320,00
Loja: 3 - NEWSHOP COMERCIO LTDA ( CD );Local: 20 - GALPÃO MIDI;3745;BM-C032 APARADOR DE CABELO SEM FIO DE USO DOMESTICO;UN;85102000;20,00;0,00;0,00;44,10;79,50;882,00;1590,00
Loja: 3 - NEWSHOP COMERCIO LTDA ( CD );Local: 20 - GALPÃO MIDI;3747;BM-C034 APARELHOS ELETROMECANICOS COM MOTOR ELETRICO INCORPORADO;UN;85101000;60,00;0,00;0,00;6,74;62,00;404,40;3720,00
Loja: 3 - NEWSHOP COMERCIO LTDA ( CD );Local: 20 - GALPÃO MIDI;3757;BM-C037 APARADOR DE PELOS NASAL;UN;85103000;13,00;0,00;0,00;2,27;19,50;29,51;253,50
Loja: 3 - NEWSHOP COMERCIO LTDA ( CD );Local: 20 - GALPÃO MIDI;3759;BM-C038 APARADOR/CORTADOR DE PELOS PARA NARIZ -;UN;85103000;85,00;0,00;0,00;0,00;27,50;0,00;2337,50
Loja: 3 - NEWSHOP COMERCIO LTDA ( CD );Local: 20 - GALPÃO MIDI;3764;BM-C039 APARELHO DE USO DOMESTICO SENDO APARADOR/CORTADOR DE PELOS PARA NARIZ -;UN;85103000;50,00;0,00;0,00;4,87;41,00;243,50;2050,00
Loja: 3 - NEWSHOP COMERCIO LTDA ( CD );Local: 20 - GALPÃO MIDI;4393;YG-175 ROUPEIRO DE ARRUMAÇÃO;UN;42029200;20,00;0,00;0,00;9,30;72,00;186,00;1440,00
Loja: 3 - NEWSHOP COMERCIO LTDA ( CD );Local: 20 - GALPÃO MIDI;4397;SNJ1-145 PORTA-ROUPAS SIMPLES;UN;42029200;200,00;0,00;0,00;0,00;76,00;0,00;15200,00
Loja: 3 - NEWSHOP COMERCIO LTDA ( CD );Local: 20 - GALPÃO MIDI;4451;BT-383 PAR DE CINTAS PARA CARGA COM CATRACA - : 25MM - COMPRIMENTO: 5M;UN;56079090;18,00;0,00;0,00;1,99;24,00;35,82;432,00
Loja: 3 - NEWSHOP COMERCIO LTDA ( CD );Local: 20 - GALPÃO MIDI;4453;BT-379 CADEADO TRAVA DE MOTOCICLETA/BICICLETA ANTIFURTO;UN;83011000;10,00;0,00;0,00;0,00;22,00;0,00;220,00
Loja: 3 - NEWSHOP COMERCIO LTDA ( CD );Local: 20 - GALPÃO MIDI;4457;BT-377 CADEADO TRAVA DE MOTOCICLETA/BICICLETA ANTIFURTO;UN;83011000;35,00;0,00;0,00;1,48;12,00;51,80;420,00
Loja: 3 - NEWSHOP COMERCIO LTDA ( CD );Local: 20 - GALPÃO MIDI;4466;BT-395 CHAVE AJUSTAVEL;UN;82032010;20,00;0,00;0,00;0,00;34,00;0,00;680,00
Loja: 3 - NEWSHOP COMERCIO LTDA ( CD );Local: 20 - GALPÃO MIDI;4476;BT-389 NIVEL DE ALUMINIO - 16';UN;90153000;10,00;0,00;0,00;2,83;24,00;28,30;240,00
Loja: 3 - NEWSHOP COMERCIO LTDA ( CD );Local: 20 - GALPÃO MIDI;4499;BT-357 CHAVE DE FENDA -PHILIPS;UN;82054000;310,00;0,00;0,00;0,98;6,50;303,80;2015,00
Loja: 3 - NEWSHOP COMERCIO LTDA ( CD );Local: 20 - GALPÃO MIDI;4517;BM-F1073 MINI LAVADOR PORTATIL - PARA PEQUENAS PECAS DE ROUPA/ROUPA INTIMA -;UN;85098090;36,00;10,00;200,00;3,22;12,90;115,92;464,40
Loja: 3 - NEWSHOP COMERCIO LTDA ( CD );Local: 20 - GALPÃO MIDI;4522;BT-400 ORGANIZADOR PLASTICO;UN;39249000;17,00;0,00;0,00;16,59;65,00;282,03;1105,00
Loja: 3 - NEWSHOP COMERCIO LTDA ( CD );Local: 20 - GALPÃO MIDI;4543;BM-8411 LANTERNA MANUAL COM LAMPADA LED E BATERIA RECARREGAVEL;UN;85131010;100,00;0,00;0,00;1,82;18,50;182,00;1850,00
Loja: 3 - NEWSHOP COMERCIO LTDA ( CD );Local: 20 - GALPÃO MIDI;4547;BM-8502 LANTERNA MANUAL COM LAMPADA LED E BATERIA RECARREGAVEL;UN;85131010;60,00;0,00;0,00;3,50;51,00;210,00;3060,00
Loja: 3 - NEWSHOP COMERCIO LTDA ( CD );Local: 20 - GALPÃO MIDI;4562;BM-X900 LANTERNA MANUAL COM LAMPADA LED E BATERIA RECARREGAVEL;UN;85131010;30,00;0,00;0,00;1,00;37,00;30,00;1110,00
Loja: 3 - NEWSHOP COMERCIO LTDA ( CD );Local: 20 - GALPÃO MIDI;4705;OBDII  EQUIPAMENTO PARA ANALISE DE MOTOR UNIVERSAL (MINI SCANNER) -;UN;90303990;50,00;0,00;0,00;1,30;32,50;65,00;1625,00
Loja: 3 - NEWSHOP COMERCIO LTDA ( CD );Local: 20 - GALPÃO MIDI;4826;8264 CINTO FEMININO SLIM COM FIVELA CURVA CRAVEJADA E PASSADOR DE CORAÇÃO;UN;39262000;48,00;0,00;0,00;2,50;9,00;120,00;432,00
Loja: 3 - NEWSHOP COMERCIO LTDA ( CD );Local: 20 - GALPÃO MIDI;4834;8259 CINTO FEMININO BOHO-CHIC COM TACHAS PRATEADAS E FIVELA ORNAMENTAL- COWNTRY;UN;39262000;72,00;0,00;0,00;2,50;24,00;180,00;1728,00
Loja: 3 - NEWSHOP COMERCIO LTDA ( CD );Local: 20 - GALPÃO MIDI;4867;BMG-05 SUPORTE PARA CELULAR:;UN;39269090;80,00;0,00;0,00;1,65;24,00;132,00;1920,00
Loja: 3 - NEWSHOP COMERCIO LTDA ( CD );Local: 20 - GALPÃO MIDI;5462;A385256 ROCKER ELECTRIC BUBBLER MACHINE;UN;42029200;1,00;0,00;0,00;0,00;72,00;0,00;72,00
Loja: 3 - NEWSHOP COMERCIO LTDA ( CD );Local: 20 - GALPÃO MIDI;5497;JY-06 ESCOVA PET A VAPOR;UN;42029200;50,00;0,00;0,00;0,00;7,50;0,00;375,00
Loja: 3 - NEWSHOP COMERCIO LTDA ( CD );Local: 20 - GALPÃO MIDI;5501;ZY73-028 KIT 2 TALHER;UN;42029200;160,00;0,00;0,00;0,00;10,00;0,00;1600,00
Loja: 3 - NEWSHOP COMERCIO LTDA ( CD );Local: 20 - GALPÃO MIDI;5764;GX990207 - BOLSINHA FEMININA DE POLIESTER;UN;42022220;30,00;0,00;0,00;1,00;72,00;30,00;2160,00
Loja: 3 - NEWSHOP COMERCIO LTDA ( CD );Local: 20 - GALPÃO MIDI;6517;ZWJ-175-4 PRATELEIRA MULTI-CANTO;UN;42029200;120,00;0,00;0,00;11,93;85,50;1431,60;10260,00
Loja: 3 - NEWSHOP COMERCIO LTDA ( CD );Local: 20 - GALPÃO MIDI;6877;KA-8587 MINI RADIO PORTATL EM FORMA DE AGUA VIVA COM 8 CORES LUZ LED;UN;85271300;50,00;0,00;0,00;0,00;78,00;0,00;3900,00
Loja: 3 - NEWSHOP COMERCIO LTDA ( CD );Local: 20 - GALPÃO MIDI;7278;6018 BLOCOS DE MONTAR;UN;95030060;100,00;0,00;0,00;0,00;20,00;0,00;2000,00
Loja: 3 - NEWSHOP COMERCIO LTDA ( CD );Local: 20 - GALPÃO MIDI;7296;COLAR - NCM:71179000 - MATRIZ;UN;71179000;120,00;0,00;0,00;0,80;0,00;96,00;0,00
Loja: 3 - NEWSHOP COMERCIO LTDA ( CD );Local: 20 - GALPÃO MIDI;7415;N25-3  KIT 3UN MOCHILA;UN;42022220;9,00;0,00;0,00;0,00;119,00;0,00;1071,00
Loja: 3 - NEWSHOP COMERCIO LTDA ( CD );Local: 20 - GALPÃO MIDI;7730;PBA16456 - BRINCO;UN;71171900;24,00;0,00;0,00;0,00;21,50;0,00;516,00
Loja: 3 - NEWSHOP COMERCIO LTDA ( CD );Local: 20 - GALPÃO MIDI;7763;HCC36055 - BRINCO;UN;71171900;204,00;0,00;0,00;0,00;13,00;0,00;2652,00
Loja: 3 - NEWSHOP COMERCIO LTDA ( CD );Local: 20 - GALPÃO MIDI;7836;JPA19640 PULSEIRA DE METAL 12 CTL POR DUZIA;UN;71179000;22,00;0,00;0,00;0,00;31,00;0,00;682,00
Loja: 3 - NEWSHOP COMERCIO LTDA ( CD );Local: 20 - GALPÃO MIDI;7961;MPA18055 PULSEIRA DE METAL 12 CTL POR DUZIA;UN;71179000;44,00;0,00;0,00;1,61;28,50;70,84;1254,00
Loja: 3 - NEWSHOP COMERCIO LTDA ( CD );Local: 20 - GALPÃO MIDI;7966;OPA17045 PULSEIRA DE METAL 12 CTL POR DUZIA;UN;71179000;22,00;0,00;0,00;0,60;28,00;13,20;616,00
Loja: 3 - NEWSHOP COMERCIO LTDA ( CD );Local: 20 - GALPÃO MIDI;7975;JPA17095 PULSEIRA DE METAL 12 CTL POR DUZIA;UN;71179000;22,00;0,00;0,00;0,60;28,00;13,20;616,00
Loja: 3 - NEWSHOP COMERCIO LTDA ( CD );Local: 20 - GALPÃO MIDI;8040;KCA16485 COLAR DE METAL 12 PCS POR DUZIA;UN;71171900;12,00;0,00;0,00;0,00;21,50;0,00;258,00
Loja: 3 - NEWSHOP COMERCIO LTDA ( CD );Local: 20 - GALPÃO MIDI;8042;FCA27125 COLRA DE METAL 12 PCS POR DUZIA;UN;71171900;24,00;0,00;0,00;0,00;27,50;0,00;660,00
Loja: 3 - NEWSHOP COMERCIO LTDA ( CD );Local: 20 - GALPÃO MIDI;8125;XDX122216 KIT DE FACAS;UN;42029200;15,00;0,00;0,00;3,07;33,00;46,05;495,00
Loja: 3 - NEWSHOP COMERCIO LTDA ( CD );Local: 20 - GALPÃO MIDI;8196;WG13 TORNEIRA;UN;42029200;20,00;0,00;0,00;0,00;120,00;0,00;2400,00
Loja: 3 - NEWSHOP COMERCIO LTDA ( CD );Local: 20 - GALPÃO MIDI;8381;BOM-2016 REGISTRO DEVIRACAO PARA DUCHA HIGIENICA BOM-2016;UN;84813000;101,00;0,00;0,00;0,00;21,50;0,00;2171,50
Loja: 3 - NEWSHOP COMERCIO LTDA ( CD );Local: 20 - GALPÃO MIDI;8383;BOM-1516 ALICATE MULTIFUNCIONAL DOBRAVEL;UN;82032010;1,00;0,00;0,00;0,00;61,00;0,00;61,00
Loja: 3 - NEWSHOP COMERCIO LTDA ( CD );Local: 20 - GALPÃO MIDI;8387;BOM-1536 PEGADOR MULTIUSO INOX;UN;82055100;240,00;0,00;0,00;5,27;22,50;1264,80;5400,00
Loja: 3 - NEWSHOP COMERCIO LTDA ( CD );Local: 20 - GALPÃO MIDI;8388;BOM-1661 ALICATE VAZADOR COM 6 PERFURADORES;UN;82032010;30,00;0,00;0,00;2,33;28,00;69,90;840,00
Loja: 3 - NEWSHOP COMERCIO LTDA ( CD );Local: 20 - GALPÃO MIDI;8394;BOM-1802 CABO COM CONECTOR DE BATERIA P/CARRO 800AMP;UN;85444200;45,00;0,00;0,00;0,00;36,50;0,00;1642,50
Loja: 3 - NEWSHOP COMERCIO LTDA ( CD );Local: 20 - GALPÃO MIDI;8408;BOM-2104 DUCHA MANUAL (CHUVEIRINHO) COM MANGUEIRA DE 145M - MATERIAL: ACO INOX;UN;84818019;60,00;0,00;0,00;3,35;25,00;201,00;1500,00
Loja: 3 - NEWSHOP COMERCIO LTDA ( CD );Local: 20 - GALPÃO MIDI;8409;BOM-3620 CONJUNTO COM 4 PINCAS;UN;82059000;240,00;0,00;0,00;0,80;8,00;192,00;1920,00
Loja: 3 - NEWSHOP COMERCIO LTDA ( CD );Local: 20 - GALPÃO MIDI;8415;BOM-2201 SIFAO SANFONADO;UN;39174090;100,00;0,00;0,00;1,19;10,00;119,00;1000,00
Loja: 3 - NEWSHOP COMERCIO LTDA ( CD );Local: 20 - GALPÃO MIDI;8421;BOM 3622 CJ FERRAMENTAS INTERCAMBIAVEIS;UN;82059000;40,00;0,00;0,00;1,00;17,00;40,00;680,00
Loja: 3 - NEWSHOP COMERCIO LTDA ( CD );Local: 20 - GALPÃO MIDI;8424;BOM-5659 CONJUNTO DE PONTAS MONTADAS PARA USO EM PARAFUSADEIRA / FURADEIRA;UN;84669200;200,00;0,00;0,00;1,08;10,50;216,00;2100,00
Loja: 3 - NEWSHOP COMERCIO LTDA ( CD );Local: 20 - GALPÃO MIDI;8431;BOM-7112 LUVA ANTI CORTE CONFECCIONADA EM FIBRA DE KEVLAR;UN;62160000;60,00;0,00;0,00;11,50;11,50;690,00;690,00
Loja: 3 - NEWSHOP COMERCIO LTDA ( CD );Local: 20 - GALPÃO MIDI;8434;BOM-5005 JOGO DE BITS (PONTEIRAS) COM 10 PECAS PONTA DUPLA;UN;82059000;30,00;0,00;0,00;0,00;16,50;0,00;495,00
Loja: 3 - NEWSHOP COMERCIO LTDA ( CD );Local: 20 - GALPÃO MIDI;8437;BOM-1304 ADESIVA SINALIZACAO;UN;39191090;72,00;0,00;0,00;2,98;16,50;214,56;1188,00
Loja: 3 - NEWSHOP COMERCIO LTDA ( CD );Local: 20 - GALPÃO MIDI;8438;BOM-9512 FERRAMENTA SENDO PISTOLA DE COLA QUENTE 127-220 V;UN;84678900;20,00;0,00;0,00;0,00;28,00;0,00;560,00
Loja: 3 - NEWSHOP COMERCIO LTDA ( CD );Local: 20 - GALPÃO MIDI;8457;BOM-2012 TORNEIRA DE PAREDE COM ROTACAO DE 360 GRAUS;UN;84818019;144,00;0,00;0,00;2,53;30,00;364,32;4320,00
Loja: 3 - NEWSHOP COMERCIO LTDA ( CD );Local: 20 - GALPÃO MIDI;8465;BOM-8902 COMPRESSOR DE AR PORTATIL;UN;84148019;12,00;0,00;0,00;12,70;102,00;152,40;1224,00
Loja: 3 - NEWSHOP COMERCIO LTDA ( CD );Local: 20 - GALPÃO MIDI;8468;BOM-8903 MINI COMPRESSOR AR PORTATIL -: 120W - TENSAO: DC 12V;UN;84148019;36,00;0,00;0,00;10,36;93,00;372,96;3348,00
Loja: 3 - NEWSHOP COMERCIO LTDA ( CD );Local: 20 - GALPÃO MIDI;8483;BOM-8906 BOMBA DE AR COMPRESSOR DIGITAL PORTÁTIL COM LED E POWER BANK;UN;84148019;40,00;0,00;0,00;7,77;134,00;310,80;5360,00
Loja: 3 - NEWSHOP COMERCIO LTDA ( CD );Local: 20 - GALPÃO MIDI;8498;BOM-8809 BOMBA DE AR BICICLETA;UN;84142000;20,00;0,00;0,00;2,57;16,50;51,40;330,00
Loja: 3 - NEWSHOP COMERCIO LTDA ( CD );Local: 20 - GALPÃO MIDI;8502;BOM-9509 FERRAMENTA SENDO PISTOLA DE COLA QUENTE 127-220 V;UN;84678900;25,00;0,00;0,00;2,76;17,50;69,00;437,50
Loja: 3 - NEWSHOP COMERCIO LTDA ( CD );Local: 20 - GALPÃO MIDI;8503;BOM-7372 RODO/ESFREGAO 2 EM 1 COM RESERVATORIO E SPRAY (MOP);UN;96039000;20,00;0,00;0,00;0,00;29,90;0,00;598,00
Loja: 3 - NEWSHOP COMERCIO LTDA ( CD );Local: 20 - GALPÃO MIDI;8510;BOM-7607 ESGUICHO PARA MANGUEIRA MOD.: PISTOLA;UN;39269090;25,00;0,00;0,00;1,58;17,00;39,50;425,00
Loja: 3 - NEWSHOP COMERCIO LTDA ( CD );Local: 20 - GALPÃO MIDI;8523;BOM-3606 CONJ 3 PC PINCEL TRINCHA P PINTURA;UN;96034090;70,00;0,00;0,00;0,00;3,00;0,00;210,00
Loja: 3 - NEWSHOP COMERCIO LTDA ( CD );Local: 20 - GALPÃO MIDI;8528;BOM-8907 MINI COMPRESSOR DE AR PORTATIL;UN;84148019;32,00;0,00;0,00;8,62;117,00;275,84;3744,00
Loja: 3 - NEWSHOP COMERCIO LTDA ( CD );Local: 20 - GALPÃO MIDI;8534;BOM-8802 BOMBA DE AR MANUAL;UN;84142000;30,00;0,00;0,00;2,86;16,50;85,80;495,00
Loja: 3 - NEWSHOP COMERCIO LTDA ( CD );Local: 20 - GALPÃO MIDI;8538;BOM-5502 ABRACADEIRA NYLON ENFORCA GATO;UN;39169090;525,00;0,00;0,00;0,22;3,00;115,50;1575,00
Loja: 3 - NEWSHOP COMERCIO LTDA ( CD );Local: 20 - GALPÃO MIDI;8549;BOM-6213 NIVEL A LASER COM 16 LINHAS;UN;90153000;84,00;0,00;0,00;29,73;357,00;2497,32;29988,00
Loja: 3 - NEWSHOP COMERCIO LTDA ( CD );Local: 20 - GALPÃO MIDI;8574;SB3-4250-2   KIT 3UN MOCHILA;UN;42022220;30,00;0,00;0,00;0,00;145,00;0,00;4350,00
Loja: 3 - NEWSHOP COMERCIO LTDA ( CD );Local: 20 - GALPÃO MIDI;8576;BOM-5560 FIO DE NYLON PARA ROCADEIRA;UN;39169090;88,00;0,00;0,00;0,94;8,50;82,72;748,00
Loja: 3 - NEWSHOP COMERCIO LTDA ( CD );Local: 20 - GALPÃO MIDI;8578;BOM-5561 FIO DE NYLON PARA ROCADEIRA;UN;39169090;60,00;0,00;0,00;5,57;10,50;334,20;630,00
Loja: 3 - NEWSHOP COMERCIO LTDA ( CD );Local: 20 - GALPÃO MIDI;8582;BOM-7360 ESCOVA DE LIMPEZA ELETRICA RECARREGAVEL VIA USB - 5 CABECAS;UN;85098090;140,00;0,00;0,00;6,65;31,50;931,00;4410,00
Loja: 3 - NEWSHOP COMERCIO LTDA ( CD );Local: 20 - GALPÃO MIDI;8585;BOM-2105 CHUVEIRINHO PLASTICO FUNCIONA JUNTO DE CHUVEIRO PAREDE;UN;39249000;60,00;0,00;0,00;2,35;17,50;141,00;1050,00
Loja: 3 - NEWSHOP COMERCIO LTDA ( CD );Local: 20 - GALPÃO MIDI;8586;BOM-7106 LUVA MULTITATO PRETA;UN;61169900;140,00;0,00;0,00;1,39;4,50;194,60;630,00
Loja: 3 - NEWSHOP COMERCIO LTDA ( CD );Local: 20 - GALPÃO MIDI;8587;BOM-7101 PAR DE LUVA LATEX IMPERMEAVEL;UN;40151900;120,00;0,00;0,00;2,80;6,50;336,00;780,00
Loja: 3 - NEWSHOP COMERCIO LTDA ( CD );Local: 20 - GALPÃO MIDI;8588;BOM-3703 CONJUNTO DE ALICATES COM 3 ALICATES;UN;82032010;250,00;0,00;0,00;3,33;24,50;832,50;6125,00
Loja: 3 - NEWSHOP COMERCIO LTDA ( CD );Local: 20 - GALPÃO MIDI;8592;BOM-2135 PONTEIRA DUCHA HIGIENICA GATILHO ACIONAMENTO;UN;84819090;300,00;0,00;0,00;1,43;12,50;429,00;3750,00
Loja: 3 - NEWSHOP COMERCIO LTDA ( CD );Local: 20 - GALPÃO MIDI;8593;BOM-2134 PONTEIRA DUCHA HIGIENICA GATILHO ACIONAMENTO;UN;84819090;99,00;0,00;0,00;1,00;12,50;99,00;1237,50
Loja: 3 - NEWSHOP COMERCIO LTDA ( CD );Local: 20 - GALPÃO MIDI;8595;BOM-7102 PAR DE LUVA LATEX IMPERMEAVEL;UN;40151900;120,00;0,00;0,00;2,80;6,50;336,00;780,00
Loja: 3 - NEWSHOP COMERCIO LTDA ( CD );Local: 20 - GALPÃO MIDI;8597;BOM-2172 DUCHA HIGIENICA (BIDE) DE ACO INOX- TAMANHO: 120CM;UN;84818019;60,00;0,00;0,00;2,90;23,50;174,00;1410,00
Loja: 3 - NEWSHOP COMERCIO LTDA ( CD );Local: 20 - GALPÃO MIDI;8598;BOM-2205 MANGUEIRA METALICA DE PARA BIDE - TAMANHO: 12 M;UN;84819090;80,00;0,00;0,00;2,99;12,50;239,20;1000,00
Loja: 3 - NEWSHOP COMERCIO LTDA ( CD );Local: 20 - GALPÃO MIDI;8602;BOM-3907 CAIXA DE FERRAMENTAS 126 PCS;UN;82059000;10,00;0,00;0,00;19,90;133,00;199,00;1330,00
Loja: 3 - NEWSHOP COMERCIO LTDA ( CD );Local: 20 - GALPÃO MIDI;8605;BOM-3206 JOGO DE CHAVE PTORK 9 PCS;UN;82059000;35,00;0,00;0,00;2,92;18,50;102,20;647,50
Loja: 3 - NEWSHOP COMERCIO LTDA ( CD );Local: 20 - GALPÃO MIDI;8616;BOM-6004 AMPERIMETRO DIGITAL ALICATE;UN;90303329;100,00;0,00;0,00;43,00;43,00;4300,00;4300,00
Loja: 3 - NEWSHOP COMERCIO LTDA ( CD );Local: 20 - GALPÃO MIDI;8618;BOM-6006 AMPERIMETRO DIGITAL MOD ALICATE;UN;90303329;70,00;0,00;0,00;6,89;42,00;482,30;2940,00
Loja: 3 - NEWSHOP COMERCIO LTDA ( CD );Local: 20 - GALPÃO MIDI;8621;BOM-9969 PARAFUSADEIRA TORQUE 21V;UN;84672992;30,00;0,00;0,00;34,77;194,00;1043,10;5820,00
Loja: 3 - NEWSHOP COMERCIO LTDA ( CD );Local: 20 - GALPÃO MIDI;8629;BOM-2170 DUCHA HIGIENICA 120CM EM INOX;UN;84818019;122,00;0,00;0,00;1,00;28,50;122,00;3477,00
Loja: 3 - NEWSHOP COMERCIO LTDA ( CD );Local: 20 - GALPÃO MIDI;8637;BOM-3207 JOGO DE CHAVE TORX COM 9 PECAS;UN;82059000;60,00;0,00;0,00;3,27;22,00;196,20;1320,00
Loja: 3 - NEWSHOP COMERCIO LTDA ( CD );Local: 20 - GALPÃO MIDI;8638;BOM-9908 CONJ PARAFUSADEIRA 12V COM BATERIA;UN;84672992;2,00;0,00;0,00;52,16;401,00;104,32;802,00
Loja: 3 - NEWSHOP COMERCIO LTDA ( CD );Local: 20 - GALPÃO MIDI;8641;BOM-2203 MANGUEIRA DE INOX PARA BIDE - TAMANHO: 15 M;UN;84819090;78,00;0,00;0,00;0,00;17,50;0,00;1365,00
Loja: 3 - NEWSHOP COMERCIO LTDA ( CD );Local: 20 - GALPÃO MIDI;8642;BOM-9704 EQUIPAMENTO COM MOTOR ELETRICO PARA USO MANUAL SENDO LIXADEIRA 21V;UN;84672999;18,00;0,00;0,00;1,00;372,00;18,00;6696,00
Loja: 3 - NEWSHOP COMERCIO LTDA ( CD );Local: 20 - GALPÃO MIDI;8644;BOM-6507 TRENA DE FITA COM TRAVA 5MX25MM;UN;90178010;120,00;0,00;0,00;3,26;5,00;391,20;600,00
Loja: 3 - NEWSHOP COMERCIO LTDA ( CD );Local: 20 - GALPÃO MIDI;8651;BOM-9701 PISTOLA DE PREGOS RECARREGAVEL;UN;84672993;15,00;0,00;0,00;0,00;519,00;0,00;7785,00
Loja: 3 - NEWSHOP COMERCIO LTDA ( CD );Local: 20 - GALPÃO MIDI;8666;BOM-9104 MOTOSERRA PORTATIL;UN;84672200;2,00;0,00;0,00;0,00;416,00;0,00;832,00
Loja: 3 - NEWSHOP COMERCIO LTDA ( CD );Local: 20 - GALPÃO MIDI;8669;BOM-9204 MOTOSERRA DE PODA COM MOTOR A GASOLINA;UN;84672200;2,00;0,00;0,00;0,00;525,00;0,00;1050,00
Loja: 3 - NEWSHOP COMERCIO LTDA ( CD );Local: 20 - GALPÃO MIDI;8717;BM-F983 MIXER ELETRICO PORTATIL - RECARREGAVEL VIA USB -3 VELOCIDADES;UN;85098090;50,00;0,00;0,00;2,72;25,50;136,00;1275,00
Loja: 3 - NEWSHOP COMERCIO LTDA ( CD );Local: 20 - GALPÃO MIDI;8724;BM-F961 OUTRAS FERRAMENTAS INTERCAMBIAVEIS SENDO AMOLADOR DE FACA;UN;82079000;64,00;0,00;0,00;1,99;9,00;127,36;576,00
Loja: 3 - NEWSHOP COMERCIO LTDA ( CD );Local: 20 - GALPÃO MIDI;8739;JJ-002-PORTA JOIA DE PVC;UN;42029200;671,00;0,00;0,00;0,00;9,99;0,00;6703,29
Loja: 3 - NEWSHOP COMERCIO LTDA ( CD );Local: 20 - GALPÃO MIDI;8771;BP-21052 ESCOVA ELETRICA PARA LIMPEZA USB - TENSAO: 5V/1A - POTENCIA: 25W;UN;85098090;51,00;0,00;0,00;9,76;86,00;497,76;4386,00
Loja: 3 - NEWSHOP COMERCIO LTDA ( CD );Local: 20 - GALPÃO MIDI;8927;YS-613 BOLSAS;UN;59112010;24,00;0,00;0,00;0,00;68,80;0,00;1651,20
Loja: 3 - NEWSHOP COMERCIO LTDA ( CD );Local: 20 - GALPÃO MIDI;8952;BOM-1210 CHAVE DE RODA CRUZ 4 BOCAS 17-19-21-23 MM;UN;82041100;20,00;0,00;0,00;8,00;36,50;160,00;730,00
Loja: 3 - NEWSHOP COMERCIO LTDA ( CD );Local: 20 - GALPÃO MIDI;8982;BOM-4211 LANTERNA LAMPIAO COM LAMPADA LED E BATERIA RECARREGAVEL;UN;85131090;30,00;0,00;0,00;5,61;40,50;168,30;1215,00
Loja: 3 - NEWSHOP COMERCIO LTDA ( CD );Local: 20 - GALPÃO MIDI;8985;BOM-1502 GRAMPEADOR PROFISSIONAL;UN;82032010;41,00;0,00;0,00;5,25;38,50;215,25;1578,50
Loja: 3 - NEWSHOP COMERCIO LTDA ( CD );Local: 20 - GALPÃO MIDI;8993;"BOM-1519 ALICATE REBITADOR MANUAL - 10""";UN;82032010;36,00;0,00;0,00;5,02;21,50;180,72;774,00
Loja: 3 - NEWSHOP COMERCIO LTDA ( CD );Local: 20 - GALPÃO MIDI;9047;BM-F1074 CONJUNTO DE TALHERES SORTIDOS SENDO 6 FACAS 6 GARFOS E 6 COLHERES;UN;82152000;60,00;0,00;0,00;12,72;53,50;763,20;3210,00
Loja: 3 - NEWSHOP COMERCIO LTDA ( CD );Local: 20 - GALPÃO MIDI;9067;BM-F995 - CONJUNTO DE UTENSILIOS DE COZINHA DE PLASTICO;UN;39241000;6,00;0,00;0,00;20,35;106,00;122,10;636,00
Loja: 3 - NEWSHOP COMERCIO LTDA ( CD );Local: 20 - GALPÃO MIDI;9069;BM-S201 RADIO PORTATIL FM CONEXAO BLUETOOTH;UN;85271300;4,00;0,00;0,00;13,11;81,00;52,44;324,00
Loja: 3 - NEWSHOP COMERCIO LTDA ( CD );Local: 20 - GALPÃO MIDI;9071;BM-F998 ESCOVA ELETRICA PARA LIMPEZA USB - TENSAO: 5V/1A - POTENCIA: 3W -;UN;85098090;91,00;0,00;0,00;1,00;27,50;91,00;2502,50
Loja: 3 - NEWSHOP COMERCIO LTDA ( CD );Local: 20 - GALPÃO MIDI;9072;BM-T05 TECLADO;UN;84716052;5,00;0,00;0,00;0,00;52,00;0,00;260,00
Loja: 3 - NEWSHOP COMERCIO LTDA ( CD );Local: 20 - GALPÃO MIDI;9077;BM-T01 TECLADO;UN;84716052;5,00;0,00;0,00;1,00;30,00;5,00;150,00
Loja: 3 - NEWSHOP COMERCIO LTDA ( CD );Local: 20 - GALPÃO MIDI;9171;BT-326 TRENA DE FITA 5M*25MM - REF: BM-326;UN;90178010;215,00;0,00;0,00;1,38;9,50;296,70;2042,50
Loja: 3 - NEWSHOP COMERCIO LTDA ( CD );Local: 20 - GALPÃO MIDI;9172;TRENA DE FITA COM TRAVA 3M*19MM - REF:BT-325;UN;90178010;426,00;0,00;0,00;1,62;6,50;690,12;2769,00
Loja: 3 - NEWSHOP COMERCIO LTDA ( CD );Local: 20 - GALPÃO MIDI;9177;BOM-9970 PPARAFUSADEIRA BATERIA 21V;UN;84672992;25,00;0,00;0,00;36,28;178,00;907,00;4450,00
Loja: 3 - NEWSHOP COMERCIO LTDA ( CD );Local: 20 - GALPÃO MIDI;9178;BOM-9966 PARAFUSADEIRA - TENSAO: 21V - TORQUE;UN;84672992;5,00;0,00;0,00;61,35;335,00;306,75;1675,00
Loja: 3 - NEWSHOP COMERCIO LTDA ( CD );Local: 20 - GALPÃO MIDI;9179;BOM-9912 PARAFUSADEIRA ELETRICA 1300AH TORQUE;UN;84672992;110,00;0,00;0,00;10,04;65,50;1104,40;7205,00
Loja: 3 - NEWSHOP COMERCIO LTDA ( CD );Local: 20 - GALPÃO MIDI;9181;BOM-9102 MINI MOTOSSERRA PORTATIL A BATERIA 6 POLEGATAS;UN;84672200;6,00;0,00;0,00;49,56;208,00;297,36;1248,00
Loja: 3 - NEWSHOP COMERCIO LTDA ( CD );Local: 20 - GALPÃO MIDI;9183;BOM-7003 ASPIRADOR PORTATIL;UN;85081100;20,00;0,00;0,00;4,65;28,50;93,00;570,00
Loja: 3 - NEWSHOP COMERCIO LTDA ( CD );Local: 20 - GALPÃO MIDI;9200;BMG-52 SUPORTE UNIVERSAL DE PLASTICO PARA CELULAR;UN;39269090;1,00;0,00;0,00;0,00;16,00;0,00;16,00
Loja: 3 - NEWSHOP COMERCIO LTDA ( CD );Local: 20 - GALPÃO MIDI;9203;BM-F1111 BOMBA PARA GALAO DE AGUA SENDO DISPENSER DE AGUA AUTOMATIC0O;UN;84138100;29,00;0,00;0,00;5,51;35,00;159,79;1015,00
Loja: 3 - NEWSHOP COMERCIO LTDA ( CD );Local: 20 - GALPÃO MIDI;9204;BM-F1033 MINI FILTRO COADOR DE CAFE DE (METAL) TAMANHO : 88 X 122CM;UN;96040000;8,00;0,00;0,00;3,55;30,00;28,40;240,00
Loja: 3 - NEWSHOP COMERCIO LTDA ( CD );Local: 20 - GALPÃO MIDI;9461;BOM-7613 MANGUEIRA DE JARDIM FLEXIVEL;UN;39173900;60,00;0,00;0,00;9,32;57,00;559,20;3420,00
Loja: 3 - NEWSHOP COMERCIO LTDA ( CD );Local: 20 - GALPÃO MIDI;9472;BOM-1223 CHAVE SOQUETE NINJA 3 PONTAS 10-11-13;UN;82055900;48,00;0,00;0,00;2,16;6,50;103,68;312,00
Loja: 3 - NEWSHOP COMERCIO LTDA ( CD );Local: 20 - GALPÃO MIDI;9473;BOM-7402 OCULOS DE PROTECAO;UN;39269090;150,00;0,00;0,00;0,34;5,50;51,00;825,00
Loja: 3 - NEWSHOP COMERCIO LTDA ( CD );Local: 20 - GALPÃO MIDI;9483;BOM-1301 FITA ACRILICA DUPLA FACE 1.8*200CM;UN;39191090;1370,00;0,00;0,00;0,68;6,50;931,60;8905,00
Loja: 3 - NEWSHOP COMERCIO LTDA ( CD );Local: 20 - GALPÃO MIDI;9484;ZYL4-3680 CESTO DE ROUPA ZYL 4 3680;UN;39249000;39,00;0,00;0,00;0,00;104,00;0,00;4056,00
Loja: 3 - NEWSHOP COMERCIO LTDA ( CD );Local: 20 - GALPÃO MIDI;9486;BOM-1307 FITA ADESIVA DUPLA FACE PLASTICO TIPO ACRILICO;UN;39191090;100,00;0,00;0,00;3,49;21,00;349,00;2100,00
Loja: 3 - NEWSHOP COMERCIO LTDA ( CD );Local: 20 - GALPÃO MIDI;9487;BOM-1308 KIT FITA ISOLANTE;UN;39191090;159,00;0,00;0,00;4,20;2,00;667,80;318,00
Loja: 3 - NEWSHOP COMERCIO LTDA ( CD );Local: 20 - GALPÃO MIDI;9493;BOM-1613 ALICATE DE RETENCAO EXTERNA;UN;82032010;60,00;0,00;0,00;2,69;15,50;161,40;930,00
Loja: 3 - NEWSHOP COMERCIO LTDA ( CD );Local: 20 - GALPÃO MIDI;9494;BOM-1614 ALICATE DE RETENCAO INTERNA;UN;82032010;60,00;0,00;0,00;9,21;15,50;552,60;930,00
Loja: 3 - NEWSHOP COMERCIO LTDA ( CD );Local: 20 - GALPÃO MIDI;9498;BOM-1702 ALICATE DECAPADOR DE FIO;UN;82032010;72,00;0,00;0,00;21,40;34,00;1540,80;2448,00
Loja: 3 - NEWSHOP COMERCIO LTDA ( CD );Local: 20 - GALPÃO MIDI;9500;BOM-1801 CABO COM CONECTOR DE BATERIA P/CARRO 500AMP;UN;85444200;30,00;0,00;0,00;5,92;30,00;177,60;900,00
Loja: 3 - NEWSHOP COMERCIO LTDA ( CD );Local: 20 - GALPÃO MIDI;9503;BOM-7105 LUVA MULTITATO PRETA;UN;61169900;240,00;0,00;0,00;1,30;4,00;312,00;960,00
Loja: 3 - NEWSHOP COMERCIO LTDA ( CD );Local: 20 - GALPÃO MIDI;9505;BOM-7107 LUVA MULTITATO PRETA;UN;61169900;120,00;0,00;0,00;1,37;5,00;164,40;600,00
Loja: 3 - NEWSHOP COMERCIO LTDA ( CD );Local: 20 - GALPÃO MIDI;9507;BOM-7110 PAR DE LUVAS CONFECCIONADO EM OUTRAS MATERIAS TEXTEIS;UN;61169900;30,00;0,00;0,00;14,90;30,00;447,00;900,00
Loja: 3 - NEWSHOP COMERCIO LTDA ( CD );Local: 20 - GALPÃO MIDI;9509;BOM-7111 PAR DE LUVAS CONFECCIONADO EM OUTRAS MATERIAS TEXTEIS;UN;61169900;50,00;0,00;0,00;16,50;16,50;825,00;825,00
Loja: 3 - NEWSHOP COMERCIO LTDA ( CD );Local: 20 - GALPÃO MIDI;9525;BOM-7410 PROTETROR ABAFADOR DE RUIDOS TIPO CONCHA;UN;39269090;4,00;0,00;0,00;0,97;18,00;3,88;72,00
Loja: 3 - NEWSHOP COMERCIO LTDA ( CD );Local: 20 - GALPÃO MIDI;9527;BOM-7506 SUPORTE PARA PENDURAR VASSOURA (DE ACO INOX);UN;73269090;499,00;0,00;0,00;0,00;13,99;0,00;6981,01
Loja: 3 - NEWSHOP COMERCIO LTDA ( CD );Local: 20 - GALPÃO MIDI;9528;BOM-7610 MANGUEIRA DE JARDIM FLEXIVEL;UN;39173900;129,00;0,00;0,00;5,37;35,00;692,73;4515,00
Loja: 3 - NEWSHOP COMERCIO LTDA ( CD );Local: 20 - GALPÃO MIDI;9529;BOM-7611 MANGUEIRA DE JARDIM FLEXIVEL;UN;39173900;80,00;0,00;0,00;5,68;44,00;454,40;3520,00
Loja: 3 - NEWSHOP COMERCIO LTDA ( CD );Local: 20 - GALPÃO MIDI;9532;BOM-4001 LANTERNA DE CABECA COM LAMPADA DE LED;UN;85131090;20,00;0,00;0,00;5,08;37,00;101,60;740,00
Loja: 3 - NEWSHOP COMERCIO LTDA ( CD );Local: 20 - GALPÃO MIDI;9542;BOM-4009 LANTERNA DE CABECA COM LAMPADA LED COM BATERIA RECARREGAVEL;UN;85131090;120,00;0,00;0,00;2,21;24,50;265,20;2940,00
Loja: 3 - NEWSHOP COMERCIO LTDA ( CD );Local: 20 - GALPÃO MIDI;9545;BOM-1612 ALICATE  DECAPADOR  DE  FIOS  7  POLEGADAS;UN;82059000;36,00;0,00;0,00;10,14;17,50;365,04;630,00
Loja: 3 - NEWSHOP COMERCIO LTDA ( CD );Local: 20 - GALPÃO MIDI;9549;BOM-4014 LANTERNA DE CABECA COM LAPADA LED E BATERIA;UN;85131090;90,00;0,00;0,00;2,18;23,00;196,20;2070,00
Loja: 3 - NEWSHOP COMERCIO LTDA ( CD );Local: 20 - GALPÃO MIDI;9561;BOM-4206 LANTERNA SOLAR COM LAPADA LED E BATERIA RECARREGAVEL;UN;85131090;19,00;0,00;0,00;0,00;39,00;0,00;741,00
Loja: 3 - NEWSHOP COMERCIO LTDA ( CD );Local: 20 - GALPÃO MIDI;9586;BOM-1503 VENTOSA PARA MOVIMENTACAO DE VIDROS/PISOS;UN;39269090;24,00;0,00;0,00;3,61;21,50;86,64;516,00
Loja: 3 - NEWSHOP COMERCIO LTDA ( CD );Local: 20 - GALPÃO MIDI;9636;BOM-1608 ALICATE DE BICO CURVO  6  POLEGADAS;UN;82059000;72,00;0,00;0,00;2,32;16,00;167,04;1152,00
Loja: 3 - NEWSHOP COMERCIO LTDA ( CD );Local: 20 - GALPÃO MIDI;9687;BOM-1709 ALICATE  ESPECIAL;UN;82032010;36,00;0,00;0,00;5,86;31,50;210,96;1134,00
Loja: 3 - NEWSHOP COMERCIO LTDA ( CD );Local: 20 - GALPÃO MIDI;9793;BOM-1302 FITA DUPLA FACE DE PLASTICO;UN;39191090;144,00;0,00;0,00;0,26;3,00;37,44;432,00
Loja: 3 - NEWSHOP COMERCIO LTDA ( CD );Local: 20 - GALPÃO MIDI;9845;ZY84-098 BOX MARMITA + COPO;UN;42029200;91,00;0,00;0,00;0,00;38,00;0,00;3458,00
Loja: 3 - NEWSHOP COMERCIO LTDA ( CD );Local: 20 - GALPÃO MIDI;9854;BOM-1803 CABO  CHUPETA  TRANSMISSAO  1200AMP-2 . 2M;UN;85444200;20,00;0,00;0,00;0,00;51,50;0,00;1030,00
Loja: 3 - NEWSHOP COMERCIO LTDA ( CD );Local: 20 - GALPÃO MIDI;9861;BOM-1533 SERROTE  DOBRAVEL  7  POLEGADAS;UN;84672200;84,00;0,00;0,00;2,42;16,50;203,28;1386,00
Loja: 3 - NEWSHOP COMERCIO LTDA ( CD );Local: 20 - GALPÃO MIDI;9891;BOM-1606 ALICATE  UNIVERSAL  6  POLEGADAS;UN;82032010;72,00;0,00;0,00;2,57;15,00;185,04;1080,00
Loja: 3 - NEWSHOP COMERCIO LTDA ( CD );Local: 20 - GALPÃO MIDI;9897;BOM-1531 SERROTE CABO 18 POLEGADAS;UN;84672200;60,00;0,00;0,00;11,15;21,50;669,00;1290,00
Loja: 3 - NEWSHOP COMERCIO LTDA ( CD );Local: 20 - GALPÃO MIDI;9918;BOM-1501 MARTELO MULTIGUNCIONAL;UN;82032010;20,00;0,00;0,00;0,00;36,50;0,00;730,00
Loja: 3 - NEWSHOP COMERCIO LTDA ( CD );Local: 20 - GALPÃO MIDI;9931;BOM-1532 SERROTE  CABO 22 POLEGADA;UN;84819090;120,00;0,00;0,00;4,91;25,00;589,20;3000,00
Loja: 3 - NEWSHOP COMERCIO LTDA ( CD );Local: 20 - GALPÃO MIDI;9940;6022 BLOCOS DE MONTAR;UN;95030060;162,00;0,00;0,00;0,00;24,00;0,00;3888,00
Loja: 3 - NEWSHOP COMERCIO LTDA ( CD );Local: 20 - GALPÃO MIDI;9967;BM-C040 CORTADOR DE CABELO;UN;85102000;100,00;0,00;0,00;2,78;28,00;278,00;2800,00
Loja: 3 - NEWSHOP COMERCIO LTDA ( CD );Local: 20 - GALPÃO MIDI;9968;BM-C041 CORTADOR DE CABELO;UN;85102000;50,00;0,00;0,00;6,86;28,00;343,00;1400,00
Loja: 3 - NEWSHOP COMERCIO LTDA ( CD );Local: 20 - GALPÃO MIDI;9971;BM-C042 APARADOR DE CABELO SEM FIO DE USO DOMESTICO;UN;85102000;100,00;0,00;0,00;6,82;26,00;682,00;2600,00
Loja: 3 - NEWSHOP COMERCIO LTDA ( CD );Local: 20 - GALPÃO MIDI;9973;BM-C045 APARELHOS ELETROMECANICOS COM MOTOR ELETRICO INCORPORADO;UN;85101000;80,00;0,00;0,00;6,14;47,00;491,20;3760,00
Loja: 3 - NEWSHOP COMERCIO LTDA ( CD );Local: 20 - GALPÃO MIDI;9980;BM-F1170 SENDO TABUA DE CORTE DE CARNE : 33X33X32CM;UN;39241000;85,00;0,00;0,00;0,00;13,00;0,00;1105,00
Loja: 3 - NEWSHOP COMERCIO LTDA ( CD );Local: 20 - GALPÃO MIDI;9984;BM-C051 APARADOR DE CABELO SEM FIO DE USO DOMESTICO;UN;85102000;40,00;0,00;0,00;8,68;94,00;347,20;3760,00
Loja: 3 - NEWSHOP COMERCIO LTDA ( CD );Local: 20 - GALPÃO MIDI;9992;BM-F1043 CONJUNTO DE TALHERES SORTIDOS;UN;82151000;15,00;0,00;0,00;7,71;62,00;115,65;930,00
Loja: 3 - NEWSHOP COMERCIO LTDA ( CD );Local: 20 - GALPÃO MIDI;9995;BM-F1134 PENDULO DE NEWTON DE METAL;UN;83062100;35,00;0,00;0,00;13,50;24,50;472,50;857,50
Loja: 3 - NEWSHOP COMERCIO LTDA ( CD );Local: 20 - GALPÃO MIDI;10005;BT-AX1077 COLCHAO INFLAVEL+BOMBA DE AR MANUAL COM PEDAL  2 EM 1 191CMX137CMX22CM;UN;84142000;6,00;0,00;0,00;5,29;209,00;31,74;1254,00
Loja: 3 - NEWSHOP COMERCIO LTDA ( CD );Local: 20 - GALPÃO MIDI;10341;BMG-40B - SUPORTE PARA CELULAR COM TRIPE E BASTÃO;UN;39269090;50,00;0,00;0,00;2,18;22,50;109,00;1125,00
Loja: 3 - NEWSHOP COMERCIO LTDA ( CD );Local: 20 - GALPÃO MIDI;10342;BM-F1025 TAPIOQUEIRA PENEIRA POVILHADOR;UN;82100090;36,00;0,00;0,00;2,67;23,50;96,12;846,00
Loja: 3 - NEWSHOP COMERCIO LTDA ( CD );Local: 20 - GALPÃO MIDI;10377;BM-F1098 CONJUNTO DE 12 FACAS 1X FACA DO CHEFE ESTILO CUTELO;UN;82111000;6,00;0,00;0,00;0,00;63,00;0,00;378,00
Loja: 3 - NEWSHOP COMERCIO LTDA ( CD );Local: 20 - GALPÃO MIDI;10382;BM-S104 CAIXA DE SOM COM 2 MICROFONE BLUETOOT;UN;85185000;88,00;0,00;0,00;1,00;47,00;88,00;4136,00
Loja: 3 - NEWSHOP COMERCIO LTDA ( CD );Local: 20 - GALPÃO MIDI;10383;BM-S103 CAIXA DE SOM COM MICROFONE BLUETOOTH ENTRADAS: CARTAO TF;UN;85185000;38,00;0,00;0,00;22,54;40,50;856,52;1539,00
Loja: 3 - NEWSHOP COMERCIO LTDA ( CD );Local: 20 - GALPÃO MIDI;10402;BM-F1100 CONJUNTO DE 5 FACAS 1X FACA DO CHEFE - 1X FACA DE CORTE;UN;82111000;36,00;0,00;0,00;0,30;58,50;10,80;2106,00
Loja: 3 - NEWSHOP COMERCIO LTDA ( CD );Local: 20 - GALPÃO MIDI;10410;BM-F1002 SUPORTE PARA PAREDE DE FERRO;UN;73239900;20,00;0,00;0,00;1,75;17,00;35,00;340,00
Loja: 3 - NEWSHOP COMERCIO LTDA ( CD );Local: 20 - GALPÃO MIDI;10449;BM-F1155 ABRIDOR DE VINHO A VACUO;UN;84148019;12,00;0,00;0,00;6,58;29,00;78,96;348,00
Loja: 3 - NEWSHOP COMERCIO LTDA ( CD );Local: 20 - GALPÃO MIDI;10907;SNJ3-1650 PRATELEIRA;UN;73262000;76,00;0,00;0,00;18,00;85,50;1368,00;6498,00
Loja: 3 - NEWSHOP COMERCIO LTDA ( CD );Local: 20 - GALPÃO MIDI;10944;SS3007 APARELHO DE ILUMINAÇÃO ELÉTRICO;UN;94054200;103,00;0,00;0,00;4,76;69,90;490,28;7199,70
Loja: 3 - NEWSHOP COMERCIO LTDA ( CD );Local: 20 - GALPÃO MIDI;10990;MS2744 KIT DE FACAS;UN;82055100;19,00;0,00;0,00;0,00;23,50;0,00;446,50
Loja: 3 - NEWSHOP COMERCIO LTDA ( CD );Local: 20 - GALPÃO MIDI;11038;MS2722 ASPIRADOR;UN;94032090;14,00;0,00;0,00;8,71;61,90;121,94;866,60
Loja: 3 - NEWSHOP COMERCIO LTDA ( CD );Local: 20 - GALPÃO MIDI;11148;BOM-1522 ARCO DE SERRA MANUAL;UN;82021000;4,00;0,00;0,00;0,00;13,00;0,00;52,00
Loja: 3 - NEWSHOP COMERCIO LTDA ( CD );Local: 20 - GALPÃO MIDI;11155;BOM-1602 ALICATE DE CORTE MANUAL ALCA ISOLANTE;UN;82032010;36,00;0,00;0,00;16,00;16,00;576,00;576,00
Loja: 3 - NEWSHOP COMERCIO LTDA ( CD );Local: 20 - GALPÃO MIDI;11158;BOM-1603 ALICATE UNIVERSAL 8 POLEGADAS;UN;82032010;120,00;0,00;0,00;10,14;19,50;1216,80;2340,00
Loja: 3 - NEWSHOP COMERCIO LTDA ( CD );Local: 20 - GALPÃO MIDI;11186;BOM-3210 CJ CHAVE CATRACA REVERSIVEL COM 12 PCS;UN;82059000;40,00;0,00;0,00;10,32;59,00;412,80;2360,00
Loja: 3 - NEWSHOP COMERCIO LTDA ( CD );Local: 20 - GALPÃO MIDI;11222;GX80-8402-PORTA JOIA EM MATERIAL PVC;UN;42023200;300,00;0,00;0,00;0,00;29,00;0,00;8700,00
Loja: 3 - NEWSHOP COMERCIO LTDA ( CD );Local: 20 - GALPÃO MIDI;11231;NF9842 GX10-11231-MOCHILA DE POLIESTER;UN;42029200;30,00;0,00;0,00;24,03;102,00;720,90;3060,00
Loja: 3 - NEWSHOP COMERCIO LTDA ( CD );Local: 20 - GALPÃO MIDI;11442;BOM-3213 CONJUNTO DE CHAVE COMBINADA 7 PCS;UN;82041100;10,00;0,00;0,00;83,61;150,50;836,10;1505,00
Loja: 3 - NEWSHOP COMERCIO LTDA ( CD );Local: 20 - GALPÃO MIDI;11444;BOM-3708 CONJUNTO DE ALICATES P ANEIS;UN;82032010;12,00;0,00;0,00;36,18;69,00;434,16;828,00
Loja: 3 - NEWSHOP COMERCIO LTDA ( CD );Local: 20 - GALPÃO MIDI;11453;BOM-5305 CONJUNTO DE PREGOS DE METAL;UN;73170090;144,00;0,00;0,00;1,56;9,00;224,64;1296,00
Loja: 3 - NEWSHOP COMERCIO LTDA ( CD );Local: 20 - GALPÃO MIDI;11456;BOM-5307 CONJUNTO DE BUCHAS M6;UN;39269090;72,00;0,00;0,00;0,54;3,00;38,88;216,00
Loja: 3 - NEWSHOP COMERCIO LTDA ( CD );Local: 20 - GALPÃO MIDI;11472;BOM-3614 CONJ DE ACESSORIOS PARA BOMBA DE AR;UN;84149010;120,00;0,00;0,00;1,00;4,50;120,00;540,00
Loja: 3 - NEWSHOP COMERCIO LTDA ( CD );Local: 20 - GALPÃO MIDI;11473;BOM-9574 MAQUINA DE SOLDA INVERSORA;UN;85153900;1,00;0,00;0,00;112,17;476,00;112,17;476,00
Loja: 3 - NEWSHOP COMERCIO LTDA ( CD );Local: 20 - GALPÃO MIDI;11474;BOM-3623 REFIL PARA PNEU REMENDO;UN;35069110;200,00;0,00;0,00;2,33;4,50;466,00;900,00
Loja: 3 - NEWSHOP COMERCIO LTDA ( CD );Local: 20 - GALPÃO MIDI;11481;BOM-3627 CONJ DE CHAVE MANUAL;UN;82059000;36,00;0,00;0,00;23,16;44,00;833,76;1584,00
Loja: 3 - NEWSHOP COMERCIO LTDA ( CD );Local: 20 - GALPÃO MIDI;11490;BOM-4601 CONJ COM 6 LUMINARIAS SOLARES DE JARDIM;UN;94054100;10,00;0,00;0,00;9,25;67,00;92,50;670,00
Loja: 3 - NEWSHOP COMERCIO LTDA ( CD );Local: 20 - GALPÃO MIDI;11494;BOM-4605 CONJ 2 PECAS DE LUMINARIA SOLAR DE JARDIM;UN;94054100;100,00;0,00;0,00;4,04;46,00;404,00;4600,00
Loja: 3 - NEWSHOP COMERCIO LTDA ( CD );Local: 20 - GALPÃO MIDI;11495;BOM-4606 CONJ 2 PECAS DE LUMINARIA SOLAR DE JARDIM;UN;94054100;98,00;0,00;0,00;3,95;44,00;387,10;4312,00
Loja: 3 - NEWSHOP COMERCIO LTDA ( CD );Local: 20 - GALPÃO MIDI;11496;BOM-4607 CONJ 2 PECAS DE LUMINARIA SOLAR DE JARDIM;UN;94054100;100,00;0,00;0,00;4,07;48,50;407,00;4850,00
Loja: 3 - NEWSHOP COMERCIO LTDA ( CD );Local: 20 - GALPÃO MIDI;11503;BOM-5503 ABRACADEIRA NYLON ENFORCA GATO;UN;39169090;1,00;0,00;0,00;0,03;7,00;0,03;7,00
Loja: 3 - NEWSHOP COMERCIO LTDA ( CD );Local: 20 - GALPÃO MIDI;11507;BOM-5506 ABRACADEIRA DE NYLON ENFORCA GATO 3.6 X 250MM;UN;39169090;29,00;0,00;0,00;3,07;6,00;89,03;174,00
Loja: 3 - NEWSHOP COMERCIO LTDA ( CD );Local: 20 - GALPÃO MIDI;11514;BOM-5509 ABRACADEIRA DE NYLON ENFORCA GATO 7.6 X 350MM;UN;39169090;96,00;0,00;0,00;12,83;24,50;1231,68;2352,00
Loja: 3 - NEWSHOP COMERCIO LTDA ( CD );Local: 20 - GALPÃO MIDI;11515;BOM-5510 ABRACADEIRA DE NYLON ENFORCA GATO 7.6 X 400MM;UN;39169090;100,00;0,00;0,00;13,76;26,50;1376,00;2650,00
Loja: 3 - NEWSHOP COMERCIO LTDA ( CD );Local: 20 - GALPÃO MIDI;11573;LE-2854 CAPIVARINHAS;UN;39264000;95,00;0,00;0,00;0,00;17,00;0,00;1615,00
Loja: 3 - NEWSHOP COMERCIO LTDA ( CD );Local: 20 - GALPÃO MIDI;11578;LE-6118 CINTA POSTURAL;UN;95069900;4,00;0,00;0,00;1,00;26,00;4,00;104,00
Loja: 3 - NEWSHOP COMERCIO LTDA ( CD );Local: 20 - GALPÃO MIDI;11682;DMS-813 APONTARDO DE LAPIS;UN;82141000;110,00;0,00;0,00;11,52;5,00;1267,20;550,00
Loja: 3 - NEWSHOP COMERCIO LTDA ( CD );Local: 20 - GALPÃO MIDI;11684;ER6183 BORRACHA DE APAGAR;UN;40169200;120,00;0,00;0,00;3,00;6,50;360,00;780,00
Loja: 3 - NEWSHOP COMERCIO LTDA ( CD );Local: 20 - GALPÃO MIDI;11685;3096 BORRACHA DE APAGAR;UN;40169200;125,00;0,00;0,00;1,00;8,50;125,00;1062,50
Loja: 3 - NEWSHOP COMERCIO LTDA ( CD );Local: 20 - GALPÃO MIDI;11688;ER6043 BORRACHA DE APAGAR;UN;40169200;90,00;0,00;0,00;8,00;19,00;720,00;1710,00
Loja: 3 - NEWSHOP COMERCIO LTDA ( CD );Local: 20 - GALPÃO MIDI;11690;18092 CHAVEIRO DE BIJUTERIA CONSTITUIDO DE METAL;UN;71179000;230,00;0,00;0,00;0,00;7,50;0,00;1725,00
Loja: 3 - NEWSHOP COMERCIO LTDA ( CD );Local: 20 - GALPÃO MIDI;11692;DMS-170 APONTADOR DE LAPIS;UN;82141000;110,00;0,00;0,00;2,00;5,00;220,00;550,00
Loja: 3 - NEWSHOP COMERCIO LTDA ( CD );Local: 20 - GALPÃO MIDI;11693;DMS-172 APONTADOR DE LAPIS;UN;82141000;120,00;0,00;0,00;2,00;5,00;240,00;600,00
Loja: 3 - NEWSHOP COMERCIO LTDA ( CD );Local: 20 - GALPÃO MIDI;11694;DMS-173 APONTADOR DE LAPIS;UN;82141000;100,00;0,00;0,00;2,00;5,00;200,00;500,00
Loja: 3 - NEWSHOP COMERCIO LTDA ( CD );Local: 20 - GALPÃO MIDI;11733;LN2502-1 SACO PARA ROUPAS SUJA;UN;63079090;40,00;0,00;0,00;0,00;26,00;0,00;1040,00
Loja: 3 - NEWSHOP COMERCIO LTDA ( CD );Local: 20 - GALPÃO MIDI;11756;BOM-5507 ABRACADEIRA DE NYLON ENFORCA GATO 3.6 X 150MM;UN;39169090;80,00;0,00;0,00;0,00;7,00;0,00;560,00
Loja: 3 - NEWSHOP COMERCIO LTDA ( CD );Local: 20 - GALPÃO MIDI;11773;BOM-3904 CHAVE CATRACA SOQUETE DE BIT;UN;82059000;95,00;0,00;0,00;16,00;30,00;1520,00;2850,00
Loja: 3 - NEWSHOP COMERCIO LTDA ( CD );Local: 20 - GALPÃO MIDI;11787;BOM-5508  ENFORCA GATO;UN;39169090;80,00;0,00;0,00;0,00;21,50;0,00;1720,00
Loja: 3 - NEWSHOP COMERCIO LTDA ( CD );Local: 20 - GALPÃO MIDI;11955;ZY146-058 MARMITA INFANTIL;UN;39232990;72,00;0,00;0,00;0,00;28,50;0,00;2052,00
Loja: 3 - NEWSHOP COMERCIO LTDA ( CD );Local: 20 - GALPÃO MIDI;12015;FXYMJ-1750 GUARDA ROUPAS;UN;42029200;50,00;0,00;0,00;7,07;76,00;353,50;3800,00
Loja: 3 - NEWSHOP COMERCIO LTDA ( CD );Local: 20 - GALPÃO MIDI;12055;SS3004 APARELHO DE ILUMINAÇÃO ELÉTRICO SENDO LUMINÁRIA;UN;94054200;6,00;0,00;0,00;10,32;45,99;61,92;275,94
Loja: 3 - NEWSHOP COMERCIO LTDA ( CD );Local: 20 - GALPÃO MIDI;12075;SS3006 HUMIDIFICADOR;UN;94054200;48,00;0,00;0,00;1,00;126,00;48,00;6048,00
Loja: 3 - NEWSHOP COMERCIO LTDA ( CD );Local: 20 - GALPÃO MIDI;12093;MS2796 LUZES DE CONTROLE REMOTO;UN;94037000;80,00;0,00;0,00;4,68;26,00;374,40;2080,00
Loja: 3 - NEWSHOP COMERCIO LTDA ( CD );Local: 20 - GALPÃO MIDI;12095;BOM-3103 JOGO DE CHAVE DE CATRACA ARTICULADA E FLEXIVEL 12 PCS -;UN;82059000;60,00;0,00;0,00;53,00;53,00;3180,00;3180,00
Loja: 3 - NEWSHOP COMERCIO LTDA ( CD );Local: 20 - GALPÃO MIDI;12123;BOM-1648 CISALHA PARA METAL;UN;82033000;10,00;0,00;0,00;0,00;63,50;0,00;635,00
Loja: 3 - NEWSHOP COMERCIO LTDA ( CD );Local: 20 - GALPÃO MIDI;12124;BOM-3628 CONJUNTO FERRAMENTA MANUAL TIPO PISTOLA DE PREGOS;UN;82059000;40,00;0,00;0,00;17,22;113,00;688,80;4520,00
Loja: 3 - NEWSHOP COMERCIO LTDA ( CD );Local: 20 - GALPÃO MIDI;12135;SS3003 PROJECTOR ASTRONAUT NEBULA;UN;94054200;30,00;0,00;0,00;0,00;37,50;0,00;1125,00
Loja: 3 - NEWSHOP COMERCIO LTDA ( CD );Local: 20 - GALPÃO MIDI;12138;SS3010 LED WIRELESS CHARGING;UN;94054200;48,00;0,00;0,00;34,40;64,50;1651,20;3096,00
Loja: 3 - NEWSHOP COMERCIO LTDA ( CD );Local: 20 - GALPÃO MIDI;12197;MS2663 ABRIDOR DE GARRAFAS;UN;39241000;2,00;0,00;0,00;0,00;30,00;0,00;60,00
Loja: 3 - NEWSHOP COMERCIO LTDA ( CD );Local: 20 - GALPÃO MIDI;12219;YP2728-16 - KIT DE 12 MINI ESPONJA;UN;96162000;17,00;0,00;0,00;0,00;9,00;0,00;153,00
Loja: 3 - NEWSHOP COMERCIO LTDA ( CD );Local: 20 - GALPÃO MIDI;12220;YP2728-18 - ESPONJA DE PLASTICO PARA APLICACAO DE COSMETICOS;UN;96162000;24,00;0,00;0,00;9,20;8,50;220,80;204,00
Loja: 3 - NEWSHOP COMERCIO LTDA ( CD );Local: 20 - GALPÃO MIDI;12225;BM-603 CAMPAINHA ELETRICA DOMESTICA BIVOLT 110-220V;UN;85318000;30,00;0,00;0,00;2,08;32,00;62,40;960,00
Loja: 3 - NEWSHOP COMERCIO LTDA ( CD );Local: 20 - GALPÃO MIDI;12234;BOM-1004 MARTELO UNHA;UN;82052000;60,00;0,00;0,00;0,00;28,50;0,00;1710,00
Loja: 3 - NEWSHOP COMERCIO LTDA ( CD );Local: 20 - GALPÃO MIDI;12259;BOM-7374 ESCOVA ELETRICA P LIMPEZA;UN;84672999;45,00;0,00;0,00;0,00;93,50;0,00;4207,50
Loja: 3 - NEWSHOP COMERCIO LTDA ( CD );Local: 20 - GALPÃO MIDI;12280;BOM-9964 PARAFUSADEIRA DE IMPACTO 21V;UN;84672992;2,00;0,00;0,00;0,00;506,00;0,00;1012,00
Loja: 3 - NEWSHOP COMERCIO LTDA ( CD );Local: 20 - GALPÃO MIDI;12292;BM-F1112 FRUTEIRA DE INOX 2 ANDARES - TAMANHO: 30*32CM;UN;73239300;20,00;0,00;0,00;9,68;37,50;193,60;750,00
Loja: 3 - NEWSHOP COMERCIO LTDA ( CD );Local: 20 - GALPÃO MIDI;12307;BT-406 CINTA PARA CARGA COM CATRACA -5M LARGURA DA CINTA 38MM;UN;63079090;15,00;0,00;0,00;9,56;37,50;143,40;562,50
Loja: 3 - NEWSHOP COMERCIO LTDA ( CD );Local: 20 - GALPÃO MIDI;12315;BM-604 CAMPAINHA ELETRICA DOMESTICA BIVOLT 110-220V;UN;85318000;30,00;0,00;0,00;1,82;24,50;54,60;735,00
Loja: 3 - NEWSHOP COMERCIO LTDA ( CD );Local: 20 - GALPÃO MIDI;12316;BM-F1160 KIT PORTA TEMPEROS;UN;70134900;9,00;0,00;0,00;8,98;53,50;80,82;481,50
Loja: 3 - NEWSHOP COMERCIO LTDA ( CD );Local: 20 - GALPÃO MIDI;12331;BM-F1094 APARELHO REMOVEDOR DE FIAPOS RECARREGAVEL VIA USB;UN;85098090;50,00;10,00;20,00;2,64;22,00;132,00;1100,00
Loja: 3 - NEWSHOP COMERCIO LTDA ( CD );Local: 20 - GALPÃO MIDI;12477;BOM-1203 CHAVE MAGICA PARA PORCAS AJUSTAVEL;UN;82041200;14,00;0,00;0,00;0,00;26,50;0,00;371,00
Loja: 3 - NEWSHOP COMERCIO LTDA ( CD );Local: 20 - GALPÃO MIDI;12480;BOM-1513 GRAMPO SARGENTO DE APERTO RAPIDO;UN;82057000;86,00;0,00;0,00;4,87;23,00;418,82;1978,00
Loja: 3 - NEWSHOP COMERCIO LTDA ( CD );Local: 20 - GALPÃO MIDI;12481;BOM-1514 GRAMPO SARGENTO DE APERTO RAPIDO;UN;82057000;84,00;0,00;0,00;25,00;25,00;2100,00;2100,00
Loja: 3 - NEWSHOP COMERCIO LTDA ( CD );Local: 20 - GALPÃO MIDI;12484;BOM-1538 CHAVE EXTRATOR DE CORRENTE;UN;82055900;59,00;0,00;0,00;6,23;14,00;367,57;826,00
Loja: 3 - NEWSHOP COMERCIO LTDA ( CD );Local: 20 - GALPÃO MIDI;12496;BOM-2761 CONJUNTO COM 4 RODIZIOS SENDO 2 GIRATORIOS E 2 FIXOS;UN;83022000;50,00;0,00;0,00;2,47;15,00;123,50;750,00
Loja: 3 - NEWSHOP COMERCIO LTDA ( CD );Local: 20 - GALPÃO MIDI;12501;8227 CINTO FEMININO SLIM COM FIVELA GEOMÉTRICA VAZADA - 35CM PLUS;UN;39262000;72,00;0,00;0,00;2,30;17,00;165,60;1224,00
Loja: 3 - NEWSHOP COMERCIO LTDA ( CD );Local: 20 - GALPÃO MIDI;12502;BOM-5308 CONJUNTO DE BUCHAS;UN;39269090;72,00;0,00;0,00;1,00;7,00;72,00;504,00
Loja: 3 - NEWSHOP COMERCIO LTDA ( CD );Local: 20 - GALPÃO MIDI;12504;BOM-5309 CONJUNTO DE BUCHAS;UN;39269090;72,00;0,00;0,00;1,19;10,50;85,68;756,00
Loja: 3 - NEWSHOP COMERCIO LTDA ( CD );Local: 20 - GALPÃO MIDI;12564;46099  ORGAO CAPILAR NASAL;UN;21069030;330,00;0,00;0,00;2,79;11,50;920,70;3795,00
Loja: 3 - NEWSHOP COMERCIO LTDA ( CD );Local: 20 - GALPÃO MIDI;12632;CX-7082 MINI PASSADEIRA CX-50;UN;84518000;5,00;0,00;0,00;20,70;37,50;103,50;187,50
Loja: 3 - NEWSHOP COMERCIO LTDA ( CD );Local: 20 - GALPÃO MIDI;12709;BOM-5003 JOGO DE BITS DUPLOS 65MM PARA PARAFUSADEIRA COM PONTAMAGNETICA;UN;82059000;158,00;0,00;0,00;1,50;8,50;237,00;1343,00
Loja: 3 - NEWSHOP COMERCIO LTDA ( CD );Local: 20 - GALPÃO MIDI;12714;BOM-5118 DISCO DE CERRA CIRCULAR COM 6PCS;UN;82023100;50,00;0,00;0,00;0,00;11,00;0,00;550,00
Loja: 3 - NEWSHOP COMERCIO LTDA ( CD );Local: 20 - GALPÃO MIDI;12717;BOM-5532 CONJUNTO DE TUBO ISOLANTE TERMO RETRATIL;UN;39269090;450,00;0,00;0,00;2,57;18,99;1156,50;8545,50
Loja: 3 - NEWSHOP COMERCIO LTDA ( CD );Local: 20 - GALPÃO MIDI;12746;BOM-8813 MINI BOMBA DE AR MANUAL P BICICLETA;UN;84142000;50,00;0,00;0,00;2,74;18,00;137,00;900,00
Loja: 3 - NEWSHOP COMERCIO LTDA ( CD );Local: 20 - GALPÃO MIDI;12753;BOM-9550 SERRA MARMORE C MOTOR;UN;84672200;6,00;0,00;0,00;37,74;223,00;226,44;1338,00
Loja: 3 - NEWSHOP COMERCIO LTDA ( CD );Local: 20 - GALPÃO MIDI;12757;BOM-9556 TUPIA MANUAL LAMINADORA - CORPO DE ALUMINIO - POTENCIA: 600W;UN;84659290;5,00;0,00;0,00;0,00;167,00;0,00;835,00
Loja: 3 - NEWSHOP COMERCIO LTDA ( CD );Local: 20 - GALPÃO MIDI;12770;BOM-9606 CONJUNTO RETIFICADEIRA ELETRICA - TENSAO: 220V;UN;84672999;5,00;0,00;0,00;33,38;221,00;166,90;1105,00
Loja: 3 - NEWSHOP COMERCIO LTDA ( CD );Local: 20 - GALPÃO MIDI;12978;BOM-3629 ALICATE HIDRAULICO PRENSA CRIMPA;UN;84678900;2,00;0,00;0,00;53,56;253,00;107,12;506,00
Loja: 3 - NEWSHOP COMERCIO LTDA ( CD );Local: 20 - GALPÃO MIDI;12981;BOM-5002 CONJUNTO PONTEIRA IMANTADA C LIMITADOR;UN;82059000;65,00;0,00;0,00;2,48;31,50;161,20;2047,50
Loja: 3 - NEWSHOP COMERCIO LTDA ( CD );Local: 20 - GALPÃO MIDI;12982;BOM-5043 MANDRIL DE APERTO RAPIDO P USO FURADEIRA;UN;84679900;36,00;0,00;0,00;7,35;13,00;264,60;468,00
Loja: 3 - NEWSHOP COMERCIO LTDA ( CD );Local: 20 - GALPÃO MIDI;12988;BOM-1505 MINI MAQUINA DE COSTURA;UN;84522990;105,00;0,00;0,00;12,40;72,00;1302,00;7560,00
Loja: 3 - NEWSHOP COMERCIO LTDA ( CD );Local: 20 - GALPÃO MIDI;12989;BOM-1549 AFIADOR DE FACAS E TESOURAS;UN;82055100;720,00;0,00;0,00;1,87;10,00;1346,40;7200,00
Loja: 3 - NEWSHOP COMERCIO LTDA ( CD );Local: 20 - GALPÃO MIDI;12993;BOM-2740 PAR DE SUPORTES MAO FRANCESA;UN;83024200;71,00;0,00;0,00;0,00;20,00;0,00;1420,00
Loja: 3 - NEWSHOP COMERCIO LTDA ( CD );Local: 20 - GALPÃO MIDI;13001;BOM-3600 CONJ DE SERROTES 2 PCAS;UN;82021000;36,00;0,00;0,00;5,24;0,00;188,64;0,00
Loja: 3 - NEWSHOP COMERCIO LTDA ( CD );Local: 20 - GALPÃO MIDI;13002;BOM-3602 CONJ DE FERRAMENTAS PARA BICICLETA;UN;82059000;50,00;0,00;0,00;0,00;22,00;0,00;1100,00
Loja: 3 - NEWSHOP COMERCIO LTDA ( CD );Local: 20 - GALPÃO MIDI;13007;BOM-5534 CONJ 306 PCS FUSIVEIS AUTOMOTIVOS;UN;85351000;90,00;0,00;0,00;5,44;60,00;489,60;5400,00
Loja: 3 - NEWSHOP COMERCIO LTDA ( CD );Local: 20 - GALPÃO MIDI;13008;BOM-5535 FUSIVEIS DE VIDRO;UN;85351000;120,00;0,00;0,00;0,00;16,50;0,00;1980,00
Loja: 3 - NEWSHOP COMERCIO LTDA ( CD );Local: 20 - GALPÃO MIDI;13010;BOM-5585 FIO PARA SOLDA;UN;82055900;240,00;0,00;0,00;5,49;10,00;1317,60;2400,00
Loja: 3 - NEWSHOP COMERCIO LTDA ( CD );Local: 20 - GALPÃO MIDI;13016;BOM-7006 LAVADORA DE PRESSAO PORTATIL 21V;UN;84243010;10,00;0,00;0,00;57,72;267,00;577,20;2670,00
Loja: 3 - NEWSHOP COMERCIO LTDA ( CD );Local: 20 - GALPÃO MIDI;13017;BOM-7375 ESCOVA DE LAVAGEM ROTATIVA PARA CARRO;UN;96039000;5,00;0,00;0,00;67,80;122,00;339,00;610,00
Loja: 3 - NEWSHOP COMERCIO LTDA ( CD );Local: 20 - GALPÃO MIDI;13026;BOM-9721 MAQUINA DE ASSENTAR PISO BATERIA 21V;UN;84672999;6,00;0,00;0,00;0,00;416,50;0,00;2499,00
Loja: 3 - NEWSHOP COMERCIO LTDA ( CD );Local: 20 - GALPÃO MIDI;13027;BOM-9725 SOPRADOR MOD PISTOLA BTERIA 21V;UN;84145990;20,00;0,00;0,00;13,95;163,50;279,00;3270,00
Loja: 3 - NEWSHOP COMERCIO LTDA ( CD );Local: 20 - GALPÃO MIDI;13028;BOM-9960 PARAFUSADEIRA BATERIA 12V;UN;84672992;150,00;0,00;0,00;17,59;117,00;2638,50;17550,00
Loja: 3 - NEWSHOP COMERCIO LTDA ( CD );Local: 20 - GALPÃO MIDI;13029;BOM-9961 PARAFUSADEIRA BATERIA 21V;UN;84672992;20,00;0,00;0,00;17,05;122,00;341,00;2440,00
Loja: 3 - NEWSHOP COMERCIO LTDA ( CD );Local: 20 - GALPÃO MIDI;13058;BM-F911B  MIXER PARA PREPARAR SUCOS - 3.7 VOLTS - 6 LAMINAS;UN;85098090;80,00;0,00;0,00;0,00;26,50;0,00;2120,00
Loja: 3 - NEWSHOP COMERCIO LTDA ( CD );Local: 20 - GALPÃO MIDI;13103;MXG-2001 - MAQUINA DE PRODUZIR CUBOS DE GELO;UN;84186999;8,00;0,00;0,00;134,35;646,00;1074,80;5168,00
Loja: 3 - NEWSHOP COMERCIO LTDA ( CD );Local: 20 - GALPÃO MIDI;13116;BM-F964 CONJUNTO DE SILICONE PARA COZINHA CONTENDO 12 PECAS;UN;39241000;60,00;0,00;0,00;7,13;46,00;427,80;2760,00
Loja: 3 - NEWSHOP COMERCIO LTDA ( CD );Local: 20 - GALPÃO MIDI;13386;LC1856 POTE DE VIDRO;UN;70134900;81,00;0,00;0,00;2,23;16,00;180,63;1296,00
Loja: 3 - NEWSHOP COMERCIO LTDA ( CD );Local: 20 - GALPÃO MIDI;13390;LC1860 POTE DE VIDRO;UN;70134900;80,00;0,00;0,00;2,11;28,00;168,80;2240,00
Loja: 3 - NEWSHOP COMERCIO LTDA ( CD );Local: 20 - GALPÃO MIDI;13404;FL2435 MINI ABAJUR;UN;94052100;40,00;0,00;0,00;4,92;21,00;196,80;840,00
Loja: 3 - NEWSHOP COMERCIO LTDA ( CD );Local: 20 - GALPÃO MIDI;13407;LC1875 POTE DE VIDRO;UN;70134900;18,00;0,00;0,00;3,25;55,00;58,50;990,00
Loja: 3 - NEWSHOP COMERCIO LTDA ( CD );Local: 20 - GALPÃO MIDI;13414;LC1880 POTE DE VIDRO;UN;70134900;16,00;0,00;0,00;4,96;35,50;79,36;568,00
Loja: 3 - NEWSHOP COMERCIO LTDA ( CD );Local: 20 - GALPÃO MIDI;13416;LC1882 POTE DE VIDRO;UN;70134900;72,00;0,00;0,00;5,13;44,50;369,36;3204,00
Loja: 3 - NEWSHOP COMERCIO LTDA ( CD );Local: 20 - GALPÃO MIDI;13417;LC1883 POTE DE VIDRO;UN;70134900;24,00;0,00;0,00;11,20;60,50;268,80;1452,00
Loja: 3 - NEWSHOP COMERCIO LTDA ( CD );Local: 20 - GALPÃO MIDI;13418;LC1884 POTE DE VIDRO;UN;70134900;120,00;0,00;0,00;3,42;44,50;410,40;5340,00
Loja: 3 - NEWSHOP COMERCIO LTDA ( CD );Local: 20 - GALPÃO MIDI;13427;LC1893 POTE DE VIDRO;UN;70134900;100,00;0,00;0,00;2,79;20,00;279,00;2000,00
Loja: 3 - NEWSHOP COMERCIO LTDA ( CD );Local: 20 - GALPÃO MIDI;13581;SH2776 MINI MOVEL DE PRATELEIRAS VAZADAS;UN;94037000;5,00;0,00;0,00;25,11;180,00;125,55;900,00
Loja: 3 - NEWSHOP COMERCIO LTDA ( CD );Local: 20 - GALPÃO MIDI;13584;HS2779 MINI MOVEL DE PRATELEIRAS VAZADAS;UN;94037000;12,00;0,00;0,00;17,11;76,00;205,32;912,00
Loja: 3 - NEWSHOP COMERCIO LTDA ( CD );Local: 20 - GALPÃO MIDI;13587;HS2785 MINI MOVEL DE PRATELEIRAS VAZADAS;UN;94037000;240,00;0,00;0,00;0,00;12,50;0,00;3000,00
Loja: 3 - NEWSHOP COMERCIO LTDA ( CD );Local: 20 - GALPÃO MIDI;13597;HS2794 MINI MOVEL DE PRATELEIRAS VAZADAS;UN;94037000;200,00;0,00;0,00;0,00;15,00;0,00;3000,00
Loja: 3 - NEWSHOP COMERCIO LTDA ( CD );Local: 20 - GALPÃO MIDI;13615;FL2436 MINI ABAJUR;UN;94052100;40,00;0,00;0,00;4,92;21,50;196,80;860,00
Loja: 3 - NEWSHOP COMERCIO LTDA ( CD );Local: 20 - GALPÃO MIDI;13618;FL2439 MINI ABAJUR;UN;94052100;1,00;0,00;0,00;3,99;27,00;3,99;27,00
Loja: 3 - NEWSHOP COMERCIO LTDA ( CD );Local: 20 - GALPÃO MIDI;13622;FL2443 MINI ABAJUR;UN;94052100;25,00;0,00;0,00;6,88;26,50;172,00;662,50
Loja: 3 - NEWSHOP COMERCIO LTDA ( CD );Local: 20 - GALPÃO MIDI;13677;L801 - CROCS - ACOMPANHA ACESSORIOS;UN;64029990;162,00;0,00;0,00;8,33;38,00;1349,46;6156,00
Loja: 3 - NEWSHOP COMERCIO LTDA ( CD );Local: 20 - GALPÃO MIDI;13678;M1978 - CROCS EVA - MASCULINO - C;UN;64029990;144,00;0,00;0,00;105,84;36,00;15240,96;5184,00
Loja: 3 - NEWSHOP COMERCIO LTDA ( CD );Local: 20 - GALPÃO MIDI;13794;SD1119 COPO DE VIDRO USO DOMÉSTICO COLORIDO;UN;70133700;48,00;0,00;0,00;0,00;5,00;0,00;240,00
Loja: 3 - NEWSHOP COMERCIO LTDA ( CD );Local: 20 - GALPÃO MIDI;13845;BOM-1003 MINI MARTELO;UN;82052000;138,00;0,00;0,00;4,43;15,50;611,34;2139,00
Loja: 3 - NEWSHOP COMERCIO LTDA ( CD );Local: 20 - GALPÃO MIDI;13846;SD1044 KIT JARRA E COPOS 5PCS;UN;70134900;24,00;0,00;0,00;0,00;26,00;0,00;624,00
Loja: 3 - NEWSHOP COMERCIO LTDA ( CD );Local: 20 - GALPÃO MIDI;13861;SD1072 MINI BOMBONIERE EM VIDRO;UN;70134900;36,00;0,00;0,00;0,00;18,00;0,00;648,00
Loja: 3 - NEWSHOP COMERCIO LTDA ( CD );Local: 20 - GALPÃO MIDI;13873;BOM-7020 ASPIRADOR DE PO PORTATIL AUTOMOTIVO;UN;85081100;10,00;0,00;0,00;0,00;149,00;0,00;1490,00
Loja: 3 - NEWSHOP COMERCIO LTDA ( CD );Local: 20 - GALPÃO MIDI;13875;BOM-7109 LUVA DE SEGURANCA EM PVC 10 (5 DEDOS) POLEGADA;UN;40151900;60,00;0,00;0,00;2,04;10,00;122,40;600,00
Loja: 3 - NEWSHOP COMERCIO LTDA ( CD );Local: 20 - GALPÃO MIDI;13877;JSL-W302 NEBULIZADOR;UN;90192020;706,00;0,00;0,00;1,00;50,00;706,00;35300,00
Loja: 3 - NEWSHOP COMERCIO LTDA ( CD );Local: 20 - GALPÃO MIDI;13880;BOM-7615 PECA DE APARELHO DE JATO DE AGUA;UN;84818099;150,00;0,00;0,00;0,62;13,00;93,00;1950,00
Loja: 3 - NEWSHOP COMERCIO LTDA ( CD );Local: 20 - GALPÃO MIDI;14018;OIH-2451 MINI MIXER ELETRONICO PORTATIL;UN;85098090;50,00;0,00;0,00;1,25;9,50;62,50;475,00
Loja: 3 - NEWSHOP COMERCIO LTDA ( CD );Local: 20 - GALPÃO MIDI;14044;OIH-2450 MISTURADOR PORTATIL;UN;85098090;10,00;0,00;0,00;0,71;16,50;7,10;165,00
Loja: 3 - NEWSHOP COMERCIO LTDA ( CD );Local: 20 - GALPÃO MIDI;14052;OIH-5910 MINI VIDEOGAME;UN;95045000;66,00;0,00;0,00;0,00;80,00;0,00;5280,00
Loja: 3 - NEWSHOP COMERCIO LTDA ( CD );Local: 20 - GALPÃO MIDI;14054;OIH-5913 CONSOLE DE JOGOS PORTATIL 180*31*90MM;UN;95045000;25,00;0,00;0,00;6,14;97,00;153,50;2425,00
Loja: 3 - NEWSHOP COMERCIO LTDA ( CD );Local: 20 - GALPÃO MIDI;14060;OIH-6326 RELOGIO DE MESA;UN;91039000;290,00;0,00;0,00;0,00;7,50;0,00;2175,00
Loja: 3 - NEWSHOP COMERCIO LTDA ( CD );Local: 20 - GALPÃO MIDI;14093;BM-C054 APARADOR DE CABELO SEM FIO;UN;85102000;30,00;0,00;0,00;0,00;63,00;0,00;1890,00
Loja: 3 - NEWSHOP COMERCIO LTDA ( CD );Local: 20 - GALPÃO MIDI;14094;BM-C065 APARADOR DE CABELO SEM FIO;UN;85102000;60,00;0,00;0,00;6,99;63,00;419,40;3780,00
Loja: 3 - NEWSHOP COMERCIO LTDA ( CD );Local: 20 - GALPÃO MIDI;14095;BM-8699A FILTRO DE LINHA COM 5 TOMADAS + 3 USB CABO 2 METROS BIVOLT;UN;85363090;6,00;0,00;0,00;0,00;42,50;0,00;255,00
Loja: 3 - NEWSHOP COMERCIO LTDA ( CD );Local: 20 - GALPÃO MIDI;14164;OI-0294 - ORGANIZADOR DE PLASTICO;UN;39249000;85,00;0,00;0,00;0,00;20,00;0,00;1700,00
Loja: 3 - NEWSHOP COMERCIO LTDA ( CD );Local: 20 - GALPÃO MIDI;14165;OI-0295 - SUPORTE ORGANIZADOR;UN;39249000;64,00;0,00;0,00;1,00;54,00;64,00;3456,00
Loja: 3 - NEWSHOP COMERCIO LTDA ( CD );Local: 20 - GALPÃO MIDI;14174;OI-0396 -GARRAFA PORTA COMPRIMIDO;UN;39249000;30,00;0,00;0,00;0,00;9,90;0,00;297,00
Loja: 3 - NEWSHOP COMERCIO LTDA ( CD );Local: 20 - GALPÃO MIDI;14216;BOM-1140 CHAVE DE FENDA PONTA MAGNETICA;UN;82054000;120,00;0,00;0,00;1,30;8,50;156,00;1020,00
Loja: 3 - NEWSHOP COMERCIO LTDA ( CD );Local: 20 - GALPÃO MIDI;14225;BOM-1509 COLA ADESIVA INSTANTANEA;UN;35061010;106,00;0,00;0,00;0,37;5,00;39,22;530,00
Loja: 3 - NEWSHOP COMERCIO LTDA ( CD );Local: 20 - GALPÃO MIDI;14243;BOM-7625 CONEXAO DERIVAÇAO Y COM ABRE/FECHA PARA ENGATE RAPIDO;UN;39269090;36,00;0,00;0,00;0,00;9,00;0,00;324,00
Loja: 3 - NEWSHOP COMERCIO LTDA ( CD );Local: 20 - GALPÃO MIDI;14245;BOM-8808 BOMBA DE AR MANUAL;UN;84142000;96,00;0,00;0,00;3,53;6,50;338,88;624,00
Loja: 3 - NEWSHOP COMERCIO LTDA ( CD );Local: 20 - GALPÃO MIDI;14345;SD1091 JARRO DE FLORES R$2300;UN;70134900;1,00;0,00;0,00;0,00;12,50;0,00;12,50
Loja: 3 - NEWSHOP COMERCIO LTDA ( CD );Local: 20 - GALPÃO MIDI;14347;KD-15TC REGUAS DO STITCH;UN;39264000;60,00;0,00;0,00;0,00;12,00;0,00;720,00
Loja: 3 - NEWSHOP COMERCIO LTDA ( CD );Local: 20 - GALPÃO MIDI;14361;LE-0234 FONE DE OUVIDO:;UN;85183000;120,00;0,00;0,00;2,98;6,00;357,60;720,00
Loja: 3 - NEWSHOP COMERCIO LTDA ( CD );Local: 20 - GALPÃO MIDI;14369;LE-110P CABO DE DADOS USB PARA IOS;UN;85444200;121,00;0,00;0,00;0,56;5,00;67,76;605,00
Loja: 3 - NEWSHOP COMERCIO LTDA ( CD );Local: 20 - GALPÃO MIDI;14378;LE-869 CABO COM CONECTOR TYPE-C;UN;85444200;183,00;0,00;0,00;5,11;7,50;935,13;1372,50
Loja: 3 - NEWSHOP COMERCIO LTDA ( CD );Local: 20 - GALPÃO MIDI;14388;LE-883 CABO DE DADOS TIPO C;UN;85444200;250,00;0,00;0,00;5,11;10,00;1277,50;2500,00
Loja: 3 - NEWSHOP COMERCIO LTDA ( CD );Local: 20 - GALPÃO MIDI;14391;LE-883C CABO USB P/ TYPE-C;UN;85444200;430,00;0,00;0,00;4,46;8,00;1917,80;3440,00
Loja: 3 - NEWSHOP COMERCIO LTDA ( CD );Local: 20 - GALPÃO MIDI;14403;MAX-0532 CARREGADOR PORTATIL;UN;85076000;10,00;0,00;0,00;4,68;49,00;46,80;490,00
Loja: 3 - NEWSHOP COMERCIO LTDA ( CD );Local: 20 - GALPÃO MIDI;14405;2612 LAPIS DO STITCH 12 UNIDADES;UN;82141000;34,00;0,00;0,00;0,00;22,00;0,00;748,00
Loja: 3 - NEWSHOP COMERCIO LTDA ( CD );Local: 20 - GALPÃO MIDI;14406;N-2212 BLOCO DE NOTAS DO STITCH;UN;48201000;64,00;0,00;0,00;0,00;7,50;0,00;480,00
Loja: 3 - NEWSHOP COMERCIO LTDA ( CD );Local: 20 - GALPÃO MIDI;14407;2603 LAPIS DO STITCH;UN;48202000;1,00;0,00;0,00;0,00;22,00;0,00;22,00
Loja: 3 - NEWSHOP COMERCIO LTDA ( CD );Local: 20 - GALPÃO MIDI;14408;N-2210 BLOQUINHOS DE NOTAS;UN;48202000;99,00;0,00;0,00;2,40;7,50;237,60;742,50
Loja: 3 - NEWSHOP COMERCIO LTDA ( CD );Local: 20 - GALPÃO MIDI;14409;TKK-2901 REGUA DO  STITCH;UN;48202000;142,00;0,00;0,00;0,00;11,00;0,00;1562,00
Loja: 3 - NEWSHOP COMERCIO LTDA ( CD );Local: 20 - GALPÃO MIDI;14411;"JL1412 - ""PLACA EM MATERIAL PLASTICO AUTO ADESIVO""";UN;39249000;24,00;0,00;0,00;2,90;52,00;69,60;1248,00
Loja: 3 - NEWSHOP COMERCIO LTDA ( CD );Local: 20 - GALPÃO MIDI;14544;LN1571-1 - CAIXA ORGANIZADOR MULTIUSO;UN;39241000;50,00;0,00;0,00;0,00;15,00;0,00;750,00
Loja: 3 - NEWSHOP COMERCIO LTDA ( CD );Local: 20 - GALPÃO MIDI;14753;F19-10 - ANEL;UN;71179000;216,00;0,00;0,00;0,60;6,50;129,60;1404,00
Loja: 3 - NEWSHOP COMERCIO LTDA ( CD );Local: 20 - GALPÃO MIDI;14949;YK-20195 BOLSA FEMININA;UN;42022210;10,00;0,00;0,00;25,80;40,00;258,00;400,00
Loja: 3 - NEWSHOP COMERCIO LTDA ( CD );Local: 20 - GALPÃO MIDI;14967;OI-0251 - VARAL DE ACO INOX PARA ROUPAS;UN;73239300;12,00;0,00;0,00;28,09;90,00;337,08;1080,00
Loja: 3 - NEWSHOP COMERCIO LTDA ( CD );Local: 20 - GALPÃO MIDI;14987;OI-0108 - PORTA CONDIMENTOS DE ACO INOX PARA COZINHA - COM 12 PEÇAS;UN;73239300;9,00;0,00;0,00;27,52;90,00;247,68;810,00
Loja: 3 - NEWSHOP COMERCIO LTDA ( CD );Local: 20 - GALPÃO MIDI;14999;CR-2041 G BOLSA KIT FEMININA;UN;42022210;36,00;0,00;0,00;0,00;45,00;0,00;1620,00
Loja: 3 - NEWSHOP COMERCIO LTDA ( CD );Local: 20 - GALPÃO MIDI;15001;CR-2041 M BOLSA KIT FEMININA;UN;42022210;36,00;0,00;0,00;0,00;25,00;0,00;900,00
Loja: 3 - NEWSHOP COMERCIO LTDA ( CD );Local: 20 - GALPÃO MIDI;15002;CR-2041 P BOLSA KIT FEMININA;UN;42022210;36,00;0,00;0,00;0,00;15,00;0,00;540,00
Loja: 3 - NEWSHOP COMERCIO LTDA ( CD );Local: 20 - GALPÃO MIDI;15011;GX80-A8724-BOLSINHA FEMININA COM ALCA DE OMBRO EM PVC;UN;42022210;1,00;0,00;0,00;10,53;51,00;10,53;51,00
Loja: 3 - NEWSHOP COMERCIO LTDA ( CD );Local: 20 - GALPÃO MIDI;15033;ST-800 - LIXEIRA AUTOMATICA COM SENSOR;UN;85098090;45,00;0,00;0,00;17,02;65,00;765,90;2925,00
Loja: 3 - NEWSHOP COMERCIO LTDA ( CD );Local: 20 - GALPÃO MIDI;15036;ST-801 - LIXEIRA AUTOMATICA COM SENSOR;UN;85098090;45,00;0,00;0,00;16,91;55,00;760,95;2475,00
Loja: 3 - NEWSHOP COMERCIO LTDA ( CD );Local: 20 - GALPÃO MIDI;15071;001-60 MARCA TEXTO 60 UN;UN;65050032;4189,00;0,00;0,00;0,00;36,00;0,00;150804,00
Loja: 3 - NEWSHOP COMERCIO LTDA ( CD );Local: 20 - GALPÃO MIDI;15080;001-48 MARCA TEXTO 48 UN;UN;65050032;588,00;0,00;0,00;0,00;115,00;0,00;67620,00
Loja: 3 - NEWSHOP COMERCIO LTDA ( CD );Local: 20 - GALPÃO MIDI;15081;001-80 MARCA TEXTO 80 UN;UN;65050032;144,00;0,00;0,00;0,00;192,00;0,00;27648,00
Loja: 3 - NEWSHOP COMERCIO LTDA ( CD );Local: 20 - GALPÃO MIDI;15085;OI-0134 - PORTA OVOS DE PLASTICO PARA COZINHA;UN;39241000;20,00;0,00;0,00;10,11;39,00;202,20;780,00
Loja: 3 - NEWSHOP COMERCIO LTDA ( CD );Local: 20 - GALPÃO MIDI;15107;001 - 60 MARCA TEXTO COM 60 PEÇAS 002;UN;96082000;220,00;0,00;0,00;0,00;144,00;0,00;31680,00
Loja: 3 - NEWSHOP COMERCIO LTDA ( CD );Local: 20 - GALPÃO MIDI;15113;001 - 120 MARCA TEXTO 120 UN 437;UN;96082000;50,00;0,00;0,00;0,00;264,00;0,00;13200,00
Loja: 3 - NEWSHOP COMERCIO LTDA ( CD );Local: 20 - GALPÃO MIDI;15270;BM-F1194 ESCOVA ELETRICA DE PELE;UN;96032900;1,00;0,00;0,00;2,31;13,50;2,31;13,50
Loja: 3 - NEWSHOP COMERCIO LTDA ( CD );Local: 20 - GALPÃO MIDI;15312;XYJ2-320 MAQUINA DE LAVAR PORTATIL;UN;84502090;9,00;0,00;0,00;25,50;99,00;229,50;891,00
Loja: 3 - NEWSHOP COMERCIO LTDA ( CD );Local: 20 - GALPÃO MIDI;15349;E041902102 ARGOLA;UN;71179000;180,00;0,00;0,00;0,60;27,50;108,00;4950,00
Loja: 3 - NEWSHOP COMERCIO LTDA ( CD );Local: 20 - GALPÃO MIDI;15358;BOM-9578 SERRA CIRCULAR 1100W 220V;UN;84672200;4,00;0,00;0,00;167,31;267,00;669,24;1068,00
Loja: 3 - NEWSHOP COMERCIO LTDA ( CD );Local: 20 - GALPÃO MIDI;15364;OIH-3201 BALANCA DIGITAL;UN;84231000;20,00;10,00;200,00;2,73;27,00;54,60;540,00
Loja: 3 - NEWSHOP COMERCIO LTDA ( CD );Local: 20 - GALPÃO MIDI;15367;OIH-6321 RELOGIO DE MESA A PILHA (NAO INCLUSA);UN;91039000;60,00;0,00;0,00;1,00;23,00;60,00;1380,00
Loja: 3 - NEWSHOP COMERCIO LTDA ( CD );Local: 20 - GALPÃO MIDI;15375;824 - 80  KIT 80 CANETAS PONTA DUPLA MARCADORAS;UN;96082000;120,00;0,00;0,00;0,00;176,00;0,00;21120,00
Loja: 3 - NEWSHOP COMERCIO LTDA ( CD );Local: 20 - GALPÃO MIDI;15377;824 - 36 KIT 36 CANETAS PONTA DUPLA MARCADORAS;UN;96082000;252,00;0,00;0,00;0,00;79,00;0,00;19908,00
Loja: 3 - NEWSHOP COMERCIO LTDA ( CD );Local: 20 - GALPÃO MIDI;15413;BOM-1289 CHAVE DE GRIFO 12 POLEGADAS;UN;82041200;50,00;0,00;0,00;6,44;28,00;322,00;1400,00
Loja: 3 - NEWSHOP COMERCIO LTDA ( CD );Local: 20 - GALPÃO MIDI;15422;BOM-7345 ROLO DE LA PARA PINTURA 123M;UN;96034010;100,00;0,00;0,00;0,98;7,00;98,00;700,00
Loja: 3 - NEWSHOP COMERCIO LTDA ( CD );Local: 20 - GALPÃO MIDI;15427;BOM-6513 TRENA DE FITA COM TRAVA 100;UN;90178010;24,00;0,00;0,00;0,00;47,00;0,00;1128,00
Loja: 3 - NEWSHOP COMERCIO LTDA ( CD );Local: 20 - GALPÃO MIDI;15432;BOM-7423 MASCARA FACIAL TRANSPARENTE;UN;39269090;313,00;0,00;0,00;2,20;20,00;688,60;6260,00
Loja: 3 - NEWSHOP COMERCIO LTDA ( CD );Local: 20 - GALPÃO MIDI;15443;952 CANETA DO STITCH;UN;48202000;90,00;0,00;0,00;0,00;4,50;0,00;405,00
Loja: 3 - NEWSHOP COMERCIO LTDA ( CD );Local: 20 - GALPÃO MIDI;15446;CY-EB ADESIVO DO STITCH;UN;48202000;50,00;0,00;0,00;0,00;15,50;0,00;775,00
Loja: 3 - NEWSHOP COMERCIO LTDA ( CD );Local: 20 - GALPÃO MIDI;15449;OIH-2901 ESCOVA ELETRICA MULTIFUNCIONAL;UN;84672999;72,00;0,00;0,00;3,90;31,00;280,80;2232,00
Loja: 3 - NEWSHOP COMERCIO LTDA ( CD );Local: 20 - GALPÃO MIDI;15453;OIH-2020 FRIGIDEIRA ANTIADERENTE COM 4 DIVISORIS;UN;73239900;96,00;0,00;0,00;1,00;49,90;96,00;4790,40
Loja: 3 - NEWSHOP COMERCIO LTDA ( CD );Local: 20 - GALPÃO MIDI;15459;OIH-2022 FRIGIDEIRA ANTIADERENTE COM 3 DIVISORIS;UN;73239900;115,00;0,00;0,00;33,48;60,50;3850,20;6957,50
Loja: 3 - NEWSHOP COMERCIO LTDA ( CD );Local: 20 - GALPÃO MIDI;15460;OIH-2023 FRIGIDEIRA ANTIADERENTE COM 7 DIVISORIAS;UN;73239900;4,00;0,00;0,00;0,00;83,50;0,00;334,00
Loja: 3 - NEWSHOP COMERCIO LTDA ( CD );Local: 20 - GALPÃO MIDI;15461;OIH-2025 FRIGIDEIRA ANTIADERENTE;UN;73239900;24,00;0,00;0,00;1,00;95,00;24,00;2280,00
Loja: 3 - NEWSHOP COMERCIO LTDA ( CD );Local: 20 - GALPÃO MIDI;15466;OIH-2460 MOEDOR ELETRICO;UN;85098090;63,00;0,00;0,00;3,30;57,00;207,90;3591,00
Loja: 3 - NEWSHOP COMERCIO LTDA ( CD );Local: 20 - GALPÃO MIDI;15473;OIA-8215 ELASTICO COLORIDO;UN;56049090;320,00;0,00;0,00;3,50;3,50;1120,00;1120,00
Loja: 3 - NEWSHOP COMERCIO LTDA ( CD );Local: 20 - GALPÃO MIDI;15492;OI-0432 - SUPORTE MULTIUSO PARA BANHEIRO;UN;39241000;31,00;0,00;0,00;1,70;11,00;52,70;341,00
Loja: 3 - NEWSHOP COMERCIO LTDA ( CD );Local: 20 - GALPÃO MIDI;15499;1549 LIVRO DE COLORIR STITCH;UN;49030000;600,00;0,00;0,00;0,00;29,90;0,00;17940,00
Loja: 3 - NEWSHOP COMERCIO LTDA ( CD );Local: 20 - GALPÃO MIDI;15500;OI-0234 - ESCORREDOR DE LOUCA DE METAL COMUM PARA COZINHA;UN;73239900;80,00;0,00;0,00;24,36;109,00;1948,80;8720,00
Loja: 3 - NEWSHOP COMERCIO LTDA ( CD );Local: 20 - GALPÃO MIDI;15501;1550 LIVRO DE COLORIR DORAMA;UN;49030000;552,00;0,00;0,00;0,00;9,90;0,00;5464,80
Loja: 3 - NEWSHOP COMERCIO LTDA ( CD );Local: 20 - GALPÃO MIDI;15502;1552 BOBBIE GOODS ROSA;UN;49030000;203,00;0,00;0,00;3,49;7,90;708,47;1603,70
Loja: 3 - NEWSHOP COMERCIO LTDA ( CD );Local: 20 - GALPÃO MIDI;15503;1553 BOBBIE GOODS AZUL;UN;49030000;123,00;0,00;0,00;3,49;9,90;429,27;1217,70
Loja: 3 - NEWSHOP COMERCIO LTDA ( CD );Local: 20 - GALPÃO MIDI;15506;83302 BOBBIE GOODS COLORING BOOK;UN;49030000;300,00;0,00;0,00;3,49;25,00;1047,00;7500,00
Loja: 3 - NEWSHOP COMERCIO LTDA ( CD );Local: 20 - GALPÃO MIDI;15510;GX80-8632  BOLSINHA FEMININA DE POLIURETANO;UN;42022210;24,00;0,00;0,00;5,95;32,00;142,80;768,00
Loja: 3 - NEWSHOP COMERCIO LTDA ( CD );Local: 20 - GALPÃO MIDI;15523;GX80-8639  BOLSINHA FEMININA DE POLIURETANO;UN;42022210;24,00;0,00;0,00;7,94;32,00;190,56;768,00
Loja: 3 - NEWSHOP COMERCIO LTDA ( CD );Local: 20 - GALPÃO MIDI;15526;GX80-8636  BOLSINHA FEMININA DE POLIURETANO;UN;42022210;24,00;0,00;0,00;0,00;32,00;0,00;768,00
Loja: 3 - NEWSHOP COMERCIO LTDA ( CD );Local: 20 - GALPÃO MIDI;15528;GX80-8637  BOLSINHA FEMININA DE POLIURETANO;UN;42022210;24,00;0,00;0,00;0,00;32,00;0,00;768,00
Loja: 3 - NEWSHOP COMERCIO LTDA ( CD );Local: 20 - GALPÃO MIDI;15529;GX80-8638  BOLSINHA FEMININA DE POLIURETANO;UN;42022210;24,00;0,00;0,00;7,94;32,00;190,56;768,00
Loja: 3 - NEWSHOP COMERCIO LTDA ( CD );Local: 20 - GALPÃO MIDI;15531;GX80-A8727 - BOLSINHA FEMININA COM ALCA DE OMBRO EM PVC;UN;42022210;6,00;0,00;0,00;10,94;48,00;65,64;288,00
Loja: 3 - NEWSHOP COMERCIO LTDA ( CD );Local: 20 - GALPÃO MIDI;15533;GX80-A8725 - BOLSINHA FEMININA COM ALCA DE OMBRO EM PVC;UN;42022210;1,00;0,00;0,00;10,94;48,00;10,94;48,00
Loja: 3 - NEWSHOP COMERCIO LTDA ( CD );Local: 20 - GALPÃO MIDI;15549;HK20567-2  CARTEIRA FEMININA;UN;42022220;19,00;0,00;0,00;0,00;20,00;0,00;380,00
Loja: 3 - NEWSHOP COMERCIO LTDA ( CD );Local: 20 - GALPÃO MIDI;15551;ER6052 BORRACHA DE APAGAR;UN;40169200;32,00;0,00;0,00;4,00;9,50;128,00;304,00
Loja: 3 - NEWSHOP COMERCIO LTDA ( CD );Local: 20 - GALPÃO MIDI;15552;OI-0120 - ORGANIZADOR DE METAL COMUM PARA SAPATOS DE USO DOMESTICO;UN;73239900;100,00;0,00;0,00;1,00;57,00;100,00;5700,00
Loja: 3 - NEWSHOP COMERCIO LTDA ( CD );Local: 20 - GALPÃO MIDI;15555;8989 BORRACHA DE APAGAR;UN;40169200;120,00;0,00;0,00;1,50;3,50;180,00;420,00
Loja: 3 - NEWSHOP COMERCIO LTDA ( CD );Local: 20 - GALPÃO MIDI;15556;QH-8981 BORRACHA DE APAGAR;UN;40169200;240,00;0,00;0,00;1,50;3,50;360,00;840,00
Loja: 3 - NEWSHOP COMERCIO LTDA ( CD );Local: 20 - GALPÃO MIDI;15557;QH-8990 BORRACHA DE APAGAR;UN;40169200;120,00;0,00;0,00;1,50;3,50;180,00;420,00
Loja: 3 - NEWSHOP COMERCIO LTDA ( CD );Local: 20 - GALPÃO MIDI;15565;OIH-5915 CONSOLE DE JOGOS PORTATIL;UN;95045000;69,00;0,00;0,00;4,34;47,00;299,46;3243,00
Loja: 3 - NEWSHOP COMERCIO LTDA ( CD );Local: 20 - GALPÃO MIDI;15575;CR-2030 BOLSA FEMININA M;UN;42022210;24,00;0,00;0,00;0,00;28,00;0,00;672,00
Loja: 3 - NEWSHOP COMERCIO LTDA ( CD );Local: 20 - GALPÃO MIDI;15593;LAA11195 ANEL 5 CAIXAS 432 UND;UN;71171900;432,00;0,00;0,00;0,04;5,00;17,28;2160,00
Loja: 3 - NEWSHOP COMERCIO LTDA ( CD );Local: 20 - GALPÃO MIDI;15594;JAA23252 ANEL 3 CAIXAS 24 UND;UN;71171900;48,00;0,00;0,00;0,48;11,00;23,04;528,00
Loja: 3 - NEWSHOP COMERCIO LTDA ( CD );Local: 20 - GALPÃO MIDI;15597;KAA32060 ANEL;UN;71171900;48,00;0,00;0,00;0,32;7,00;15,36;336,00
Loja: 3 - NEWSHOP COMERCIO LTDA ( CD );Local: 20 - GALPÃO MIDI;15599;KAA31087  ANEL;UN;71171900;540,00;0,00;0,00;1,44;6,00;777,60;3240,00
Loja: 3 - NEWSHOP COMERCIO LTDA ( CD );Local: 20 - GALPÃO MIDI;15601;KAA31048 ANEL 2 CAIXAS 48 UND;UN;71171900;48,00;0,00;0,00;0,00;8,00;0,00;384,00
Loja: 3 - NEWSHOP COMERCIO LTDA ( CD );Local: 20 - GALPÃO MIDI;15603;NAA11315 ANEL 4 CAIXAS 144 UND;UN;71171900;144,00;0,00;0,00;0,11;5,00;15,84;720,00
Loja: 3 - NEWSHOP COMERCIO LTDA ( CD );Local: 20 - GALPÃO MIDI;15605;BAA31447 ANEL;UN;71171900;36,00;0,00;0,00;0,00;5,00;0,00;180,00
Loja: 3 - NEWSHOP COMERCIO LTDA ( CD );Local: 20 - GALPÃO MIDI;15606;KAA32052 ANEL 2 CAIXAS 48 UND;UN;71171900;48,00;0,00;0,00;0,36;8,00;17,28;384,00
Loja: 3 - NEWSHOP COMERCIO LTDA ( CD );Local: 20 - GALPÃO MIDI;15607;XC-E14 - CHAVEIRO DE PLASTICO;UN;39269090;600,00;0,00;0,00;0,00;6,00;0,00;3600,00
Loja: 3 - NEWSHOP COMERCIO LTDA ( CD );Local: 20 - GALPÃO MIDI;15608;KAA22238  ANEL;UN;71171900;2,00;0,00;0,00;0,86;10,00;1,72;20,00
Loja: 3 - NEWSHOP COMERCIO LTDA ( CD );Local: 20 - GALPÃO MIDI;15609;PAA11065 ANEL 2 CAIXAS 72 UND;UN;71171900;72,00;0,00;0,00;5,00;5,00;360,00;360,00
Loja: 3 - NEWSHOP COMERCIO LTDA ( CD );Local: 20 - GALPÃO MIDI;15611;HAA11245 ANEL 1 CAIXAS 36 UND;UN;71171900;36,00;0,00;0,00;0,45;5,00;16,20;180,00
Loja: 3 - NEWSHOP COMERCIO LTDA ( CD );Local: 20 - GALPÃO MIDI;15614;FAB21086 ANEL 1 CAIXAS 36 UND;UN;71171900;36,00;0,00;0,00;0,00;6,00;0,00;216,00
Loja: 3 - NEWSHOP COMERCIO LTDA ( CD );Local: 20 - GALPÃO MIDI;15615;DAA22184 ANEL 1 CAIXAS 36 UND;UN;71171900;36,00;0,00;0,00;0,00;5,00;0,00;180,00
Loja: 3 - NEWSHOP COMERCIO LTDA ( CD );Local: 20 - GALPÃO MIDI;15618;W3016 BOLSA FEMININA M;UN;42022220;30,00;0,00;0,00;0,00;28,00;0,00;840,00
Loja: 3 - NEWSHOP COMERCIO LTDA ( CD );Local: 20 - GALPÃO MIDI;15625;W3017 BOLSA FEMININA M;UN;42022220;30,00;0,00;0,00;0,00;28,00;0,00;840,00
Loja: 3 - NEWSHOP COMERCIO LTDA ( CD );Local: 20 - GALPÃO MIDI;15631;LAA32032 ANEL 1 CAIXAS 24 UND;UN;71171900;24,00;0,00;0,00;0,00;8,00;0,00;192,00
Loja: 3 - NEWSHOP COMERCIO LTDA ( CD );Local: 20 - GALPÃO MIDI;15636;HAA31117 ANEL;UN;71171900;36,00;0,00;0,00;0,00;5,00;0,00;180,00
Loja: 3 - NEWSHOP COMERCIO LTDA ( CD );Local: 20 - GALPÃO MIDI;15642;XC-E16- CHAVEIRO DE PLASTICO;UN;39269090;600,00;0,00;0,00;0,00;6,00;0,00;3600,00
Loja: 3 - NEWSHOP COMERCIO LTDA ( CD );Local: 20 - GALPÃO MIDI;15647;BOM-5537 CONJ DE 6 BASTOES DE COLA QUENTE 11MM;UN;35069190;100,00;0,00;0,00;1,35;6,50;135,00;650,00
Loja: 3 - NEWSHOP COMERCIO LTDA ( CD );Local: 20 - GALPÃO MIDI;15649;XC-E15- CHAVEIRO DE PLASTICO;UN;39269090;600,00;0,00;0,00;0,00;6,00;0,00;3600,00
Loja: 3 - NEWSHOP COMERCIO LTDA ( CD );Local: 20 - GALPÃO MIDI;15680;ICA28596 COLAR DE METAL;UN;71171900;36,00;0,00;0,00;4,84;26,00;174,24;936,00
Loja: 3 - NEWSHOP COMERCIO LTDA ( CD );Local: 20 - GALPÃO MIDI;15697;SM3001 CHAVEIRO;UN;71171900;180,00;0,00;0,00;0,45;12,00;81,00;2160,00
Loja: 3 - NEWSHOP COMERCIO LTDA ( CD );Local: 20 - GALPÃO MIDI;15698;SM3003 CHAVEIRO CAPIVARA;UN;71171900;180,00;0,00;0,00;0,00;7,50;0,00;1350,00
Loja: 3 - NEWSHOP COMERCIO LTDA ( CD );Local: 20 - GALPÃO MIDI;15699;266 MM-2  BOBBIE GOODS;UN;49030000;96,00;0,00;0,00;0,00;9,90;0,00;950,40
Loja: 3 - NEWSHOP COMERCIO LTDA ( CD );Local: 20 - GALPÃO MIDI;15700;266 COLORINDO COM STITCH;UN;49030000;1194,00;0,00;0,00;4,18;15,00;4990,92;17910,00
Loja: 3 - NEWSHOP COMERCIO LTDA ( CD );Local: 20 - GALPÃO MIDI;15702;BBA213602 BRINCO DE METAL 2 PCT 24 UND;UN;71179000;24,00;0,00;0,00;0,00;26,40;0,00;633,60
Loja: 3 - NEWSHOP COMERCIO LTDA ( CD );Local: 20 - GALPÃO MIDI;15705;EBA24885 BRINCO DE METAL;UN;71179000;48,00;0,00;0,00;0,00;12,00;0,00;576,00
Loja: 3 - NEWSHOP COMERCIO LTDA ( CD );Local: 20 - GALPÃO MIDI;15707;ABA12205 BRINCO DE METAL 1 PCT 12 UND;UN;71179000;12,00;0,00;0,00;0,00;9,00;0,00;108,00
Loja: 3 - NEWSHOP COMERCIO LTDA ( CD );Local: 20 - GALPÃO MIDI;15708;BBA13052 BRINCO DE METAL;UN;71179000;12,00;0,00;0,00;0,00;10,00;0,00;120,00
Loja: 3 - NEWSHOP COMERCIO LTDA ( CD );Local: 20 - GALPÃO MIDI;15709;DBA12557 BRINCO DE METAL 2 PCT 24 UND;UN;71179000;24,00;0,00;0,00;0,00;11,00;0,00;264,00
Loja: 3 - NEWSHOP COMERCIO LTDA ( CD );Local: 20 - GALPÃO MIDI;15710;SM058009 PULSEIRA;UN;71171900;113,00;0,00;0,00;0,00;5,50;0,00;621,50
Loja: 3 - NEWSHOP COMERCIO LTDA ( CD );Local: 20 - GALPÃO MIDI;15713;FBA12246 BRINCO DE METAL 2PCT 24 UND;UN;71179000;24,00;0,00;0,00;0,00;9,00;0,00;216,00
Loja: 3 - NEWSHOP COMERCIO LTDA ( CD );Local: 20 - GALPÃO MIDI;15715;BCA15270 COLAR DE METAL 2 PCT 24 UND;UN;71171900;24,00;0,00;0,00;0,00;18,00;0,00;432,00
Loja: 3 - NEWSHOP COMERCIO LTDA ( CD );Local: 20 - GALPÃO MIDI;15717;BCA56019 COLAR DE METAL 3 PCT 36  UND;UN;71171900;36,00;0,00;0,00;0,00;23,00;0,00;828,00
Loja: 3 - NEWSHOP COMERCIO LTDA ( CD );Local: 20 - GALPÃO MIDI;15718;SM9039 PIRANHA;UN;96151100;216,00;0,00;0,00;0,00;5,00;0,00;1080,00
Loja: 3 - NEWSHOP COMERCIO LTDA ( CD );Local: 20 - GALPÃO MIDI;15722;SM47002 TIARA ESTAMPADA;UN;96151100;12,00;0,00;0,00;1,04;7,50;12,48;90,00
Loja: 3 - NEWSHOP COMERCIO LTDA ( CD );Local: 20 - GALPÃO MIDI;15724;SM130006 BRINCO;UN;71171900;72,00;0,00;0,00;0,00;14,00;0,00;1008,00
Loja: 3 - NEWSHOP COMERCIO LTDA ( CD );Local: 20 - GALPÃO MIDI;15726;SM130010 BRINCO;UN;71171900;24,00;0,00;0,00;0,00;16,00;0,00;384,00
Loja: 3 - NEWSHOP COMERCIO LTDA ( CD );Local: 20 - GALPÃO MIDI;15736;SM982062 BRINCO;UN;71171900;96,00;0,00;0,00;0,00;12,00;0,00;1152,00
Loja: 3 - NEWSHOP COMERCIO LTDA ( CD );Local: 20 - GALPÃO MIDI;15739;OI-0017 - SUPORTE DE PLASTICO PARA COZINHA;UN;39241000;60,00;0,00;0,00;1,75;11,00;105,00;660,00
Loja: 3 - NEWSHOP COMERCIO LTDA ( CD );Local: 20 - GALPÃO MIDI;15741;OI-0433 - CAIXA ORGANIZADORA DE POLIESTER PARA ROUPAS;UN;63079090;11,00;0,00;0,00;0,00;25,00;0,00;275,00
Loja: 3 - NEWSHOP COMERCIO LTDA ( CD );Local: 20 - GALPÃO MIDI;15742;OI-0434 - CAIXA ORGANIZADORA DE POLIESTER PARA ROUPAS;UN;63079090;87,00;0,00;0,00;5,97;24,00;519,39;2088,00
Loja: 3 - NEWSHOP COMERCIO LTDA ( CD );Local: 20 - GALPÃO MIDI;15743;SM050058 ANEL;UN;71171900;200,00;0,00;0,00;0,00;1,50;0,00;300,00
Loja: 3 - NEWSHOP COMERCIO LTDA ( CD );Local: 20 - GALPÃO MIDI;15745;SM729039 PIRANHA;UN;71171900;216,00;0,00;0,00;0,00;5,00;0,00;1080,00
Loja: 3 - NEWSHOP COMERCIO LTDA ( CD );Local: 20 - GALPÃO MIDI;15748;OI-0138 - SUPORTE DE PLASTICO PARA USO DOMESTICO;UN;39249000;50,00;0,00;0,00;0,00;16,50;0,00;825,00
Loja: 3 - NEWSHOP COMERCIO LTDA ( CD );Local: 20 - GALPÃO MIDI;15749;OI-0138A - PORTA OVOS DE PLASTICO PARA COZINHA;UN;39241000;80,00;0,00;0,00;9,00;25,00;720,00;2000,00
Loja: 3 - NEWSHOP COMERCIO LTDA ( CD );Local: 20 - GALPÃO MIDI;15751;L94950 - BOLSINHA DE FESTA FEMININA DE ALUMINIO;UN;42022900;20,00;0,00;0,00;0,00;96,00;0,00;1920,00
Loja: 3 - NEWSHOP COMERCIO LTDA ( CD );Local: 20 - GALPÃO MIDI;15766;SM968018 KIT PIRANHA;UN;71171900;216,00;0,00;0,00;0,00;7,50;0,00;1620,00
Loja: 3 - NEWSHOP COMERCIO LTDA ( CD );Local: 20 - GALPÃO MIDI;15773;SM022046 RABICO;UN;71171900;72,00;0,00;0,00;0,00;5,50;0,00;396,00
Loja: 3 - NEWSHOP COMERCIO LTDA ( CD );Local: 20 - GALPÃO MIDI;15779;BOM-5531 CONJUNTO DE FUSIVEIS AUTOMOTIVOS CONTENDO 10 FUSIVEIS + ALICATE;UN;85351000;120,00;0,00;0,00;0,59;6,50;70,80;780,00
Loja: 3 - NEWSHOP COMERCIO LTDA ( CD );Local: 20 - GALPÃO MIDI;15788;BOM-9546 ESMERILHADEIRA ANGULAR;UN;84672999;10,00;0,00;0,00;37,57;134,00;375,70;1340,00
Loja: 3 - NEWSHOP COMERCIO LTDA ( CD );Local: 20 - GALPÃO MIDI;15793;BOM-2861 VEICULO NAO AUTOPROPULSADO SENDO CARRINHO DOBRAVEL MANUAL;UN;87168000;2,00;0,00;0,00;23,74;208,00;47,48;416,00
Loja: 3 - NEWSHOP COMERCIO LTDA ( CD );Local: 20 - GALPÃO MIDI;15795;BOM-2862 CARRINHO DO VEICULO DOBRAVEL A MAO PARA TRANSPORTE;UN;87168000;4,00;0,00;0,00;34,90;229,00;139,60;916,00
Loja: 3 - NEWSHOP COMERCIO LTDA ( CD );Local: 20 - GALPÃO MIDI;15797;CR-2036 - M   BOLSA KIT FEMININA;UN;42022210;36,00;0,00;0,00;0,00;28,00;0,00;1008,00
Loja: 3 - NEWSHOP COMERCIO LTDA ( CD );Local: 20 - GALPÃO MIDI;15798;CR-2036 - P   BOLSA KIT FEMININA;UN;42022210;36,00;0,00;0,00;0,00;18,00;0,00;648,00
Loja: 3 - NEWSHOP COMERCIO LTDA ( CD );Local: 20 - GALPÃO MIDI;15802;CRB-3078 - P  BOLSA KIT FEMININA;UN;42022210;37,00;0,00;0,00;0,00;18,00;0,00;666,00
Loja: 3 - NEWSHOP COMERCIO LTDA ( CD );Local: 20 - GALPÃO MIDI;15816;CRB-3078 - G  BOLSA KIT FEMININA;UN;42022210;36,00;0,00;0,00;0,00;38,00;0,00;1368,00
Loja: 3 - NEWSHOP COMERCIO LTDA ( CD );Local: 20 - GALPÃO MIDI;15817;CRB-3078 - M  BOLSA KIT FEMININA;UN;42022210;37,00;0,00;0,00;0,00;28,00;0,00;1036,00
Loja: 3 - NEWSHOP COMERCIO LTDA ( CD );Local: 20 - GALPÃO MIDI;15821;041A CARDS PARA COLORIR BOBBIE GOODS;UN;49019900;6743,00;0,00;0,00;0,00;1,99;0,00;13418,57
Loja: 3 - NEWSHOP COMERCIO LTDA ( CD );Local: 20 - GALPÃO MIDI;15840;SM835005 KIT PIRANHA;UN;71171900;42,00;0,00;0,00;0,00;17,00;0,00;714,00
Loja: 3 - NEWSHOP COMERCIO LTDA ( CD );Local: 20 - GALPÃO MIDI;15855;BF-4032 CANETAS MARCADORA  12/PEÇAS;UN;96082000;716,00;0,00;0,00;0,00;7,50;0,00;5370,00
Loja: 3 - NEWSHOP COMERCIO LTDA ( CD );Local: 20 - GALPÃO MIDI;15860;BF-4033 CANETA MARCADORA 24/PEÇAS;UN;96082000;10,00;0,00;0,00;1,80;24,00;18,00;240,00
Loja: 3 - NEWSHOP COMERCIO LTDA ( CD );Local: 20 - GALPÃO MIDI;15862;BF-4034 CANETAS MARCADORA 36/PEÇAS;UN;96082000;111,00;0,00;0,00;1,80;14,40;199,80;1598,40
Loja: 3 - NEWSHOP COMERCIO LTDA ( CD );Local: 20 - GALPÃO MIDI;15867;SM022042 PIRANHA;UN;71171900;168,00;0,00;0,00;0,00;8,50;0,00;1428,00
Loja: 3 - NEWSHOP COMERCIO LTDA ( CD );Local: 20 - GALPÃO MIDI;15871;SM046013 PULSEIRA;UN;71171900;24,00;0,00;0,00;0,00;9,50;0,00;228,00
Loja: 3 - NEWSHOP COMERCIO LTDA ( CD );Local: 20 - GALPÃO MIDI;15880;BORRACHA;UN;40169200;432,00;0,00;0,00;0,00;0,00;0,00;0,00
Loja: 3 - NEWSHOP COMERCIO LTDA ( CD );Local: 20 - GALPÃO MIDI;15891;TG-B8694A CORRETIVO;UN;96082000;2,00;0,00;0,00;1,80;7,50;3,60;15,00
Loja: 3 - NEWSHOP COMERCIO LTDA ( CD );Local: 20 - GALPÃO MIDI;15903;TG-B9813 CORRETIVO;UN;96082000;144,00;0,00;0,00;1,80;15,00;259,20;2160,00
Loja: 3 - NEWSHOP COMERCIO LTDA ( CD );Local: 20 - GALPÃO MIDI;15907;UT-606 APONTADOR;UN;96082000;192,00;0,00;0,00;0,00;6,00;0,00;1152,00
Loja: 3 - NEWSHOP COMERCIO LTDA ( CD );Local: 20 - GALPÃO MIDI;15909;KK-837B CALCULADORA;UN;84701000;60,00;0,00;0,00;7,40;19,00;444,00;1140,00
Loja: 3 - NEWSHOP COMERCIO LTDA ( CD );Local: 20 - GALPÃO MIDI;15910;AN4362 CALCULADORA;UN;84701000;20,00;0,00;0,00;0,00;32,00;0,00;640,00
Loja: 3 - NEWSHOP COMERCIO LTDA ( CD );Local: 20 - GALPÃO MIDI;15911;2912 BORRACHA;UN;40169200;167,00;0,00;0,00;0,00;6,00;0,00;1002,00
Loja: 3 - NEWSHOP COMERCIO LTDA ( CD );Local: 20 - GALPÃO MIDI;15918;BC4007 BORRACHA SUPER HEROIS;UN;40169200;384,00;0,00;0,00;0,00;7,00;0,00;2688,00
Loja: 3 - NEWSHOP COMERCIO LTDA ( CD );Local: 20 - GALPÃO MIDI;15922;A-2309 BORRACHA;UN;40169200;238,00;0,00;0,00;0,00;6,00;0,00;1428,00
Loja: 3 - NEWSHOP COMERCIO LTDA ( CD );Local: 20 - GALPÃO MIDI;15925;BC4003 BORRACHA PATRULHA CANINA;UN;40169200;332,00;0,00;0,00;3,73;7,00;1238,36;2324,00
Loja: 3 - NEWSHOP COMERCIO LTDA ( CD );Local: 20 - GALPÃO MIDI;15929;UT-609B APONTADOR;UN;96082000;219,00;0,00;0,00;0,00;6,00;0,00;1314,00
Loja: 3 - NEWSHOP COMERCIO LTDA ( CD );Local: 20 - GALPÃO MIDI;15932;AN4360 CALCULADORA;UN;84701000;48,00;0,00;0,00;16,80;28,00;806,40;1344,00
Loja: 3 - NEWSHOP COMERCIO LTDA ( CD );Local: 20 - GALPÃO MIDI;15936;BC4001 APONTADOR;UN;96082000;311,00;0,00;0,00;0,00;7,00;0,00;2177,00
Loja: 3 - NEWSHOP COMERCIO LTDA ( CD );Local: 20 - GALPÃO MIDI;15945;BH-68B KIT CORRETIVO;UN;96082000;192,00;0,00;0,00;4,00;15,00;768,00;2880,00
Loja: 3 - NEWSHOP COMERCIO LTDA ( CD );Local: 20 - GALPÃO MIDI;15951;YM4278 CANETINHAS/36 CORES;UN;96082000;864,00;0,00;0,00;1,00;64,50;864,00;55728,00
Loja: 3 - NEWSHOP COMERCIO LTDA ( CD );Local: 20 - GALPÃO MIDI;15956;YM4283 CANETINHAS 120/CORES;UN;96082000;720,00;0,00;0,00;1,00;120,00;720,00;86400,00
Loja: 3 - NEWSHOP COMERCIO LTDA ( CD );Local: 20 - GALPÃO MIDI;15958;TG-B1346 CANETA  CORRETIVO;UN;96082000;143,00;0,00;0,00;0,00;10,00;0,00;1430,00
Loja: 3 - NEWSHOP COMERCIO LTDA ( CD );Local: 20 - GALPÃO MIDI;15960;H2353-6 CANETINHAS 6/CORES;UN;96082000;72,00;0,00;0,00;0,00;18,00;0,00;1296,00
Loja: 3 - NEWSHOP COMERCIO LTDA ( CD );Local: 20 - GALPÃO MIDI;15964;YM4280 CANETINHAS 60/CORES;UN;96082000;720,00;0,00;0,00;1,00;108,00;720,00;77760,00
Loja: 3 - NEWSHOP COMERCIO LTDA ( CD );Local: 20 - GALPÃO MIDI;15965;BC4004 APONTADOR UNICORNIO;UN;96082000;16,00;0,00;0,00;0,00;7,00;0,00;112,00
Loja: 3 - NEWSHOP COMERCIO LTDA ( CD );Local: 20 - GALPÃO MIDI;15968;8807 REGUA PERSONALIZADA;UN;90178090;79,00;0,00;0,00;0,00;3,00;0,00;237,00
Loja: 3 - NEWSHOP COMERCIO LTDA ( CD );Local: 20 - GALPÃO MIDI;15969;F067 - BOLSA DE OMBRO FEMININA TAMANHO PEQUENO MATERIAL PU;UN;42029200;24,00;0,00;0,00;0,00;109,00;0,00;2616,00
Loja: 3 - NEWSHOP COMERCIO LTDA ( CD );Local: 20 - GALPÃO MIDI;15975;06054 - BOLSA TIRACOLO COM ALCA BOLSOS FRONTAIS COM ZIPER;UN;42022210;35,00;0,00;0,00;0,00;96,00;0,00;3360,00
Loja: 3 - NEWSHOP COMERCIO LTDA ( CD );Local: 20 - GALPÃO MIDI;15976;YM4279 CANETINHAS 48/CORES;UN;96082000;864,00;0,00;0,00;1,00;86,50;864,00;74736,00
Loja: 3 - NEWSHOP COMERCIO LTDA ( CD );Local: 20 - GALPÃO MIDI;15980;UT-501 REGUA;UN;90178090;288,00;0,00;0,00;0,00;10,00;0,00;2880,00
Loja: 3 - NEWSHOP COMERCIO LTDA ( CD );Local: 20 - GALPÃO MIDI;15987;OIH-2500 LIQUIDIFICADOR PORTATIL 6 LAMINAS;UN;85098090;34,00;0,00;0,00;0,00;50,00;0,00;1700,00
Loja: 3 - NEWSHOP COMERCIO LTDA ( CD );Local: 20 - GALPÃO MIDI;15990;A-2322 APONTADOR USO PANDA;UN;96082000;160,00;0,00;0,00;0,00;7,00;0,00;1120,00
Loja: 3 - NEWSHOP COMERCIO LTDA ( CD );Local: 20 - GALPÃO MIDI;15998;OIH-3206 BALANCA DIGITAL;UN;84231000;32,00;0,00;0,00;3,85;40,00;123,20;1280,00
Loja: 3 - NEWSHOP COMERCIO LTDA ( CD );Local: 20 - GALPÃO MIDI;15999;OIH-6255 ORGANIZADOR DE MESA AQUARIO E RELOGIO;UN;39261000;10,00;0,00;0,00;91,14;164,00;911,40;1640,00
Loja: 3 - NEWSHOP COMERCIO LTDA ( CD );Local: 20 - GALPÃO MIDI;16003;CF4295 ESTOJO ESCOLAR;UN;42029200;40,00;0,00;0,00;2,96;16,00;118,40;640,00
Loja: 3 - NEWSHOP COMERCIO LTDA ( CD );Local: 20 - GALPÃO MIDI;16004;QH-8889 BORRACHA FORMA DE PATINHA;UN;40169200;144,00;0,00;0,00;3,46;6,50;498,24;936,00
Loja: 3 - NEWSHOP COMERCIO LTDA ( CD );Local: 20 - GALPÃO MIDI;16007;1607 BONECA LABUBU;UN;95030080;225,00;0,00;0,00;3,72;24,00;837,00;5400,00
Loja: 3 - NEWSHOP COMERCIO LTDA ( CD );Local: 20 - GALPÃO MIDI;16009;LUA559-028 POP LUZ RAPIDA PUSH GAME;UN;95030031;72,00;0,00;0,00;1,39;24,50;100,08;1764,00
Loja: 3 - NEWSHOP COMERCIO LTDA ( CD );Local: 20 - GALPÃO MIDI;16010;B-2356 COLA BASTÃO;UN;40169200;268,00;0,00;0,00;11,20;8,00;3001,60;2144,00
Loja: 3 - NEWSHOP COMERCIO LTDA ( CD );Local: 20 - GALPÃO MIDI;16018;1618 URSO DE PELUCIA;UN;95030080;300,00;0,00;0,00;1,86;30,00;558,00;9000,00
Loja: 3 - NEWSHOP COMERCIO LTDA ( CD );Local: 20 - GALPÃO MIDI;16020;UT-503 REGUA;UN;90178090;144,00;0,00;0,00;0,00;10,00;0,00;1440,00
Loja: 3 - NEWSHOP COMERCIO LTDA ( CD );Local: 20 - GALPÃO MIDI;16021;MD-391 MARCATEXTO STITCH;UN;96082000;144,00;0,00;0,00;1,80;25,00;259,20;3600,00
Loja: 3 - NEWSHOP COMERCIO LTDA ( CD );Local: 20 - GALPÃO MIDI;16022;BC4005 APONTADOR KUROMI;UN;96082000;431,00;0,00;0,00;0,00;7,00;0,00;3017,00
Loja: 3 - NEWSHOP COMERCIO LTDA ( CD );Local: 20 - GALPÃO MIDI;16024;OIF-7501 BOLSA DE BRACO;UN;42029200;80,00;0,00;0,00;1,00;20,00;80,00;1600,00
Loja: 3 - NEWSHOP COMERCIO LTDA ( CD );Local: 20 - GALPÃO MIDI;16025;OIH-2650 PULVERIZADOR DE OLEO;UN;70134900;64,00;0,00;0,00;1,09;16,00;69,76;1024,00
Loja: 3 - NEWSHOP COMERCIO LTDA ( CD );Local: 20 - GALPÃO MIDI;16026;OIF-7415 TORNOZELEIRA ESPORTIVA DE COMPRESSAO;UN;95069900;42,00;0,00;0,00;2,92;13,50;122,64;567,00
Loja: 3 - NEWSHOP COMERCIO LTDA ( CD );Local: 20 - GALPÃO MIDI;16027;A-2318 APONTADOR BURGERS E FRIES;UN;96082000;288,00;0,00;0,00;1,80;6,50;518,40;1872,00
Loja: 3 - NEWSHOP COMERCIO LTDA ( CD );Local: 20 - GALPÃO MIDI;16029;A-2316 APONTADOR COKES E SPRITE;UN;96082000;144,00;0,00;0,00;0,00;6,50;0,00;936,00
Loja: 3 - NEWSHOP COMERCIO LTDA ( CD );Local: 20 - GALPÃO MIDI;16031;UT-601A APONTADOR ANIMAIS;UN;96082000;216,00;0,00;0,00;0,00;6,00;0,00;1296,00
Loja: 3 - NEWSHOP COMERCIO LTDA ( CD );Local: 20 - GALPÃO MIDI;16032;BC4011 APONTADOR STITH;UN;96082000;311,00;0,00;0,00;0,00;9,00;0,00;2799,00
Loja: 3 - NEWSHOP COMERCIO LTDA ( CD );Local: 20 - GALPÃO MIDI;16034;CY-DM13 ADESIVO KUROMI;UN;39019090;336,00;0,00;0,00;1,38;7,50;463,68;2520,00
Loja: 3 - NEWSHOP COMERCIO LTDA ( CD );Local: 20 - GALPÃO MIDI;16035;8910 REGUA PERSONALIZADA;UN;90178090;560,00;0,00;0,00;0,00;2,50;0,00;1400,00
Loja: 3 - NEWSHOP COMERCIO LTDA ( CD );Local: 20 - GALPÃO MIDI;16036;RC-8103 APONTADOR  EM FORMA DE RELOGIO;UN;96082000;576,00;0,00;0,00;1,80;3,50;1036,80;2016,00
Loja: 3 - NEWSHOP COMERCIO LTDA ( CD );Local: 20 - GALPÃO MIDI;16037;XD-188 PEDRARIA ADESIVA;UN;39019090;470,00;0,00;0,00;0,00;4,00;0,00;1880,00
Loja: 3 - NEWSHOP COMERCIO LTDA ( CD );Local: 20 - GALPÃO MIDI;16044;CY-DM20 ADESIVO INFANTIL;UN;39019090;336,00;0,00;0,00;0,00;7,50;0,00;2520,00
Loja: 3 - NEWSHOP COMERCIO LTDA ( CD );Local: 20 - GALPÃO MIDI;16048;1619 URSO DE PELUCIA;UN;95030080;276,00;0,00;0,00;2,00;37,00;552,00;10212,00
Loja: 3 - NEWSHOP COMERCIO LTDA ( CD );Local: 20 - GALPÃO MIDI;16049;149-06 MINI CADERNO ADESIVO;UN;39019090;108,00;0,00;0,00;5,80;11,00;626,40;1188,00
Loja: 3 - NEWSHOP COMERCIO LTDA ( CD );Local: 20 - GALPÃO MIDI;16050;QH-8627 BORRACHA;UN;40169200;73,00;0,00;0,00;0,00;8,00;0,00;584,00
Loja: 3 - NEWSHOP COMERCIO LTDA ( CD );Local: 20 - GALPÃO MIDI;16051;QM4326 PRENDEDOR CAPIVARA;UN;71179000;960,00;0,00;0,00;0,00;2,50;0,00;2400,00
Loja: 3 - NEWSHOP COMERCIO LTDA ( CD );Local: 20 - GALPÃO MIDI;16054;APONTADOR ASTRONALTA;UN;96082000;300,00;0,00;0,00;0,00;10,00;0,00;3000,00
Loja: 3 - NEWSHOP COMERCIO LTDA ( CD );Local: 20 - GALPÃO MIDI;16056;8068 APONTADOR ESTINTOR;UN;96082000;288,00;0,00;0,00;0,00;5,00;0,00;1440,00
Loja: 3 - NEWSHOP COMERCIO LTDA ( CD );Local: 20 - GALPÃO MIDI;16058;XP-3084 APONTADOR FOGUETE;UN;96082000;260,00;0,00;0,00;0,00;10,00;0,00;2600,00
Loja: 3 - NEWSHOP COMERCIO LTDA ( CD );Local: 20 - GALPÃO MIDI;16062;XP-3056 APONTADOR ASTRONALTA;UN;96082000;260,00;0,00;0,00;0,00;10,00;0,00;2600,00
Loja: 3 - NEWSHOP COMERCIO LTDA ( CD );Local: 20 - GALPÃO MIDI;16063;3116 APONTADOR;UN;96082000;336,00;0,00;0,00;0,00;8,00;0,00;2688,00
Loja: 3 - NEWSHOP COMERCIO LTDA ( CD );Local: 20 - GALPÃO MIDI;16066;689 APONTADOR;UN;96082000;431,00;0,00;0,00;0,00;4,00;0,00;1724,00
Loja: 3 - NEWSHOP COMERCIO LTDA ( CD );Local: 20 - GALPÃO MIDI;16069;BH-105 CORRETIVO;UN;96082000;352,00;0,00;0,00;0,00;5,00;0,00;1760,00
Loja: 3 - NEWSHOP COMERCIO LTDA ( CD );Local: 20 - GALPÃO MIDI;16071;BC4006 APONTADOR CAPIVARA;UN;96082000;360,00;0,00;0,00;0,98;7,00;352,80;2520,00
Loja: 3 - NEWSHOP COMERCIO LTDA ( CD );Local: 20 - GALPÃO MIDI;16073;QH-8628  BORRACHA;UN;40169200;132,00;0,00;0,00;4,26;8,00;562,32;1056,00
Loja: 3 - NEWSHOP COMERCIO LTDA ( CD );Local: 20 - GALPÃO MIDI;16074;2410 COLA BASTÃO;UN;40169200;225,00;0,00;0,00;0,00;8,00;0,00;1800,00
Loja: 3 - NEWSHOP COMERCIO LTDA ( CD );Local: 20 - GALPÃO MIDI;16076;XP-2805 APONTADOR;UN;96082000;360,00;0,00;0,00;0,00;7,50;0,00;2700,00
Loja: 3 - NEWSHOP COMERCIO LTDA ( CD );Local: 20 - GALPÃO MIDI;16078;UT-608A APONTADOR;UN;96082000;215,00;0,00;0,00;0,00;6,00;0,00;1290,00
Loja: 3 - NEWSHOP COMERCIO LTDA ( CD );Local: 20 - GALPÃO MIDI;16079;TG-G9694A CORRETIVO;UN;96082000;239,00;0,00;0,00;0,00;7,00;0,00;1673,00
Loja: 3 - NEWSHOP COMERCIO LTDA ( CD );Local: 20 - GALPÃO MIDI;16080;XP-3053 APONTADOR;UN;96082000;260,00;0,00;0,00;0,00;12,00;0,00;3120,00
Loja: 3 - NEWSHOP COMERCIO LTDA ( CD );Local: 20 - GALPÃO MIDI;16081;YPD CADERNO DE PINTURA;UN;48202000;300,00;0,00;0,00;0,00;6,00;0,00;1800,00
Loja: 3 - NEWSHOP COMERCIO LTDA ( CD );Local: 20 - GALPÃO MIDI;16082;3710 APONTADOR GARRAFINHA;UN;96082000;576,00;0,00;0,00;1,80;5,00;1036,80;2880,00
Loja: 3 - NEWSHOP COMERCIO LTDA ( CD );Local: 20 - GALPÃO MIDI;16083;3822 APONTADOR URSINHO;UN;96082000;192,00;0,00;0,00;0,00;7,00;0,00;1344,00
Loja: 3 - NEWSHOP COMERCIO LTDA ( CD );Local: 20 - GALPÃO MIDI;16086;2020 REGUA;UN;90178090;600,00;0,00;0,00;0,00;2,50;0,00;1500,00
Loja: 3 - NEWSHOP COMERCIO LTDA ( CD );Local: 20 - GALPÃO MIDI;16087;3823 APONTADOR;UN;96082000;193,00;0,00;0,00;0,00;6,00;0,00;1158,00
Loja: 3 - NEWSHOP COMERCIO LTDA ( CD );Local: 20 - GALPÃO MIDI;16089;WX-EYE ADESIVO DELINEADOR;UN;33042010;600,00;0,00;0,00;0,00;3,50;0,00;2100,00
Loja: 3 - NEWSHOP COMERCIO LTDA ( CD );Local: 20 - GALPÃO MIDI;16091;2442 ESTILETE;UN;82119390;432,00;0,00;0,00;0,83;4,50;358,56;1944,00
Loja: 3 - NEWSHOP COMERCIO LTDA ( CD );Local: 20 - GALPÃO MIDI;16093;XTQ-221 ADESIVO INFANTIL;UN;39019090;361,00;0,00;0,00;0,00;4,00;0,00;1444,00
Loja: 3 - NEWSHOP COMERCIO LTDA ( CD );Local: 20 - GALPÃO MIDI;16094;TG-B2664 CORRETIVO;UN;96082000;216,00;0,00;0,00;1,80;14,00;388,80;3024,00
Loja: 3 - NEWSHOP COMERCIO LTDA ( CD );Local: 20 - GALPÃO MIDI;16096;KKF-017 ADESIVO INFANTIL;UN;39019090;1160,00;0,00;0,00;0,00;2,00;0,00;2320,00
Loja: 3 - NEWSHOP COMERCIO LTDA ( CD );Local: 20 - GALPÃO MIDI;16099;FY-556 BLOQUINHO DE NOTAS;UN;48202000;192,00;0,00;0,00;0,00;7,00;0,00;1344,00
Loja: 3 - NEWSHOP COMERCIO LTDA ( CD );Local: 20 - GALPÃO MIDI;16101;6102 REGUA;UN;90178090;288,00;0,00;0,00;0,00;4,00;0,00;1152,00
Loja: 3 - NEWSHOP COMERCIO LTDA ( CD );Local: 20 - GALPÃO MIDI;16103;CY-BF MINI CADERNO;UN;48202000;252,00;0,00;0,00;1,67;12,00;420,84;3024,00
Loja: 3 - NEWSHOP COMERCIO LTDA ( CD );Local: 20 - GALPÃO MIDI;16104;B795 BORRACHA;UN;40169200;60,00;0,00;0,00;0,00;8,50;0,00;510,00
Loja: 3 - NEWSHOP COMERCIO LTDA ( CD );Local: 20 - GALPÃO MIDI;16105;2015 REGUA HELLO KIT;UN;90178090;600,00;0,00;0,00;0,00;2,00;0,00;1200,00
Loja: 3 - NEWSHOP COMERCIO LTDA ( CD );Local: 20 - GALPÃO MIDI;16106;8930 REGUA;UN;90178090;600,00;0,00;0,00;0,00;3,00;0,00;1800,00
Loja: 3 - NEWSHOP COMERCIO LTDA ( CD );Local: 20 - GALPÃO MIDI;16107;QM4345 ADESIVO INFANTIL;UN;39019090;360,00;0,00;0,00;0,00;8,00;0,00;2880,00
Loja: 3 - NEWSHOP COMERCIO LTDA ( CD );Local: 20 - GALPÃO MIDI;16108;CY-BF CADERNO ADESIVO INFANTIL;UN;39019090;226,00;0,00;0,00;1,00;8,00;226,00;1808,00
Loja: 3 - NEWSHOP COMERCIO LTDA ( CD );Local: 20 - GALPÃO MIDI;16111;CY-DL MINI CADERNO;UN;48202000;384,00;0,00;0,00;1,00;8,00;384,00;3072,00
Loja: 3 - NEWSHOP COMERCIO LTDA ( CD );Local: 20 - GALPÃO MIDI;16118;3713 APONTADOR URSO PANDA;UN;96082000;432,00;0,00;0,00;0,00;6,00;0,00;2592,00
Loja: 3 - NEWSHOP COMERCIO LTDA ( CD );Local: 20 - GALPÃO MIDI;16119;SZ-209 CADERNO ADESIVO INFANTIL;UN;39019090;432,00;0,00;0,00;0,92;5,00;397,44;2160,00
Loja: 3 - NEWSHOP COMERCIO LTDA ( CD );Local: 20 - GALPÃO MIDI;16121;BC4008 APONTADOR;UN;96082000;430,00;0,00;0,00;0,00;7,00;0,00;3010,00
Loja: 3 - NEWSHOP COMERCIO LTDA ( CD );Local: 20 - GALPÃO MIDI;16122;3121 APONTADOR ASTRONALTA;UN;96082000;359,00;0,00;0,00;0,00;8,00;0,00;2872,00
Loja: 3 - NEWSHOP COMERCIO LTDA ( CD );Local: 20 - GALPÃO MIDI;16123;B657 BORRACHA;UN;40169200;108,00;0,00;0,00;5,40;9,00;583,20;972,00
Loja: 3 - NEWSHOP COMERCIO LTDA ( CD );Local: 20 - GALPÃO MIDI;16128;SZ-149-20  CADERNO ADESIVO INFANTIL;UN;39019090;384,00;0,00;0,00;3,20;6,00;1228,80;2304,00
Loja: 3 - NEWSHOP COMERCIO LTDA ( CD );Local: 20 - GALPÃO MIDI;16129;ZC-TT28-07 CADERNO MAGNETICO PUZZLES;UN;48202000;192,00;0,00;0,00;6,40;12,00;1228,80;2304,00
Loja: 3 - NEWSHOP COMERCIO LTDA ( CD );Local: 20 - GALPÃO MIDI;16132;CY-DO CARTELA ADESIVA 3D MAGNETICA;UN;39019090;12,00;0,00;0,00;0,00;9,00;0,00;108,00
Loja: 3 - NEWSHOP COMERCIO LTDA ( CD );Local: 20 - GALPÃO MIDI;16136;BC4012 APONTADOR;UN;96082000;409,00;0,00;0,00;0,00;7,00;0,00;2863,00
Loja: 3 - NEWSHOP COMERCIO LTDA ( CD );Local: 20 - GALPÃO MIDI;16141;2915 APONTADOR URSINHO;UN;96082000;289,00;0,00;0,00;0,00;7,50;0,00;2167,50
Loja: 3 - NEWSHOP COMERCIO LTDA ( CD );Local: 20 - GALPÃO MIDI;16142;UT-502 REGUA DIY PUZZLE SCHOOL;UN;90178090;240,00;0,00;0,00;0,00;10,00;0,00;2400,00
Loja: 3 - NEWSHOP COMERCIO LTDA ( CD );Local: 20 - GALPÃO MIDI;16143;YM4281 CANETAS 80/CORES;UN;96082000;720,00;0,00;0,00;0,00;144,00;0,00;103680,00
Loja: 3 - NEWSHOP COMERCIO LTDA ( CD );Local: 20 - GALPÃO MIDI;16145;CY-DM22 ADESIVO INFANTIL;UN;39019090;193,00;0,00;0,00;0,00;7,50;0,00;1447,50
Loja: 3 - NEWSHOP COMERCIO LTDA ( CD );Local: 20 - GALPÃO MIDI;16147;3711 APONTADOR;UN;96082000;216,00;0,00;0,00;0,00;6,50;0,00;1404,00
Loja: 3 - NEWSHOP COMERCIO LTDA ( CD );Local: 20 - GALPÃO MIDI;16155;CY-DT06 ADESIVO INFANTIL CAPIVARA;UN;39019090;432,00;0,00;0,00;5,40;9,00;2332,80;3888,00
Loja: 3 - NEWSHOP COMERCIO LTDA ( CD );Local: 20 - GALPÃO MIDI;16157;QTQ-LS88B MINI CADERNO;UN;48202000;384,00;0,00;0,00;8,00;8,00;3072,00;3072,00
Loja: 3 - NEWSHOP COMERCIO LTDA ( CD );Local: 20 - GALPÃO MIDI;16158;BC4002 APONTADOR STITH;UN;96082000;432,00;0,00;0,00;0,00;8,00;0,00;3456,00
Loja: 3 - NEWSHOP COMERCIO LTDA ( CD );Local: 20 - GALPÃO MIDI;16159;3715 APONTADOR;UN;96082000;432,00;0,00;0,00;0,00;6,50;0,00;2808,00
Loja: 3 - NEWSHOP COMERCIO LTDA ( CD );Local: 20 - GALPÃO MIDI;16160;2775 APONTADOR;UN;96082000;360,00;0,00;0,00;0,00;7,50;0,00;2700,00
Loja: 3 - NEWSHOP COMERCIO LTDA ( CD );Local: 20 - GALPÃO MIDI;16161;8087 APONTADOR INFANTIL;UN;96082000;288,00;0,00;0,00;0,00;4,00;0,00;1152,00
Loja: 3 - NEWSHOP COMERCIO LTDA ( CD );Local: 20 - GALPÃO MIDI;16163;UT-604 APONTADOR MONTAR;UN;96082000;432,00;0,00;0,00;0,00;6,00;0,00;2592,00
Loja: 3 - NEWSHOP COMERCIO LTDA ( CD );Local: 20 - GALPÃO MIDI;16164;4022 LABUBU PELUCIA;UN;95030031;200,00;0,00;0,00;4,18;24,00;836,00;4800,00
Loja: 3 - NEWSHOP COMERCIO LTDA ( CD );Local: 20 - GALPÃO MIDI;16168;CT-922 CALCULADORA;UN;84701000;60,00;0,00;0,00;13,30;25,00;798,00;1500,00
Loja: 3 - NEWSHOP COMERCIO LTDA ( CD );Local: 20 - GALPÃO MIDI;16169;2911 APONTADOR FOGUETE;UN;96082000;168,00;0,00;0,00;0,00;7,50;0,00;1260,00
Loja: 3 - NEWSHOP COMERCIO LTDA ( CD );Local: 20 - GALPÃO MIDI;16172;3824 APONTADOR DINOUSSAURO;UN;96082000;192,00;0,00;0,00;0,00;6,00;0,00;1152,00
Loja: 3 - NEWSHOP COMERCIO LTDA ( CD );Local: 20 - GALPÃO MIDI;16173;0001-12 CANETINHAS 12/ CORES;UN;96082000;777,00;0,00;0,00;2,79;7,50;2167,83;5827,50
Loja: 3 - NEWSHOP COMERCIO LTDA ( CD );Local: 20 - GALPÃO MIDI;16174;6101 REGUA;UN;90178090;215,00;0,00;0,00;0,00;4,00;0,00;860,00
Loja: 3 - NEWSHOP COMERCIO LTDA ( CD );Local: 20 - GALPÃO MIDI;16177;MD-311 CANETA DO STITH;UN;96082000;486,00;0,00;0,00;1,80;7,50;874,80;3645,00
Loja: 3 - NEWSHOP COMERCIO LTDA ( CD );Local: 20 - GALPÃO MIDI;16182;UT-602B APONTADOR ANIMAL;UN;96082000;431,00;0,00;0,00;0,00;6,00;0,00;2586,00
Loja: 3 - NEWSHOP COMERCIO LTDA ( CD );Local: 20 - GALPÃO MIDI;16186;3103 REGUA;UN;90178090;215,00;0,00;0,00;0,00;4,00;0,00;860,00
Loja: 3 - NEWSHOP COMERCIO LTDA ( CD );Local: 20 - GALPÃO MIDI;16193;CY-DL MINI CADERNO CAPIVARA;UN;48202000;149,00;0,00;0,00;0,00;10,00;0,00;1490,00
Loja: 3 - NEWSHOP COMERCIO LTDA ( CD );Local: 20 - GALPÃO MIDI;16194;KT-1007 ADESIVO INFANTIL;UN;39019090;600,00;0,00;0,00;0,00;4,00;0,00;2400,00
Loja: 3 - NEWSHOP COMERCIO LTDA ( CD );Local: 20 - GALPÃO MIDI;16195;3101 REGUA  FRUTINHAS;UN;90178090;287,00;0,00;0,00;0,00;4,00;0,00;1148,00
Loja: 3 - NEWSHOP COMERCIO LTDA ( CD );Local: 20 - GALPÃO MIDI;16196;3104 REGUA LUCK DAY;UN;90178090;180,00;0,00;0,00;0,00;4,00;0,00;720,00
Loja: 3 - NEWSHOP COMERCIO LTDA ( CD );Local: 20 - GALPÃO MIDI;16197;BH105-6 KIT CORRETIVO;UN;96082000;192,00;0,00;0,00;1,80;16,00;345,60;3072,00
Loja: 3 - NEWSHOP COMERCIO LTDA ( CD );Local: 20 - GALPÃO MIDI;16199;11690A-48 CANETINHAS COM 48/CORES;UN;96082000;1152,00;0,00;0,00;0,00;58,00;0,00;66816,00
Loja: 3 - NEWSHOP COMERCIO LTDA ( CD );Local: 20 - GALPÃO MIDI;16200;XP-3081 APONTADOR  URSO PANDA;UN;96082000;160,00;0,00;0,00;0,00;10,00;0,00;1600,00
Loja: 3 - NEWSHOP COMERCIO LTDA ( CD );Local: 20 - GALPÃO MIDI;16201;CY-DR01 CADERNO MAGNETICO;UN;48202000;60,00;0,00;0,00;0,00;14,00;0,00;840,00
Loja: 3 - NEWSHOP COMERCIO LTDA ( CD );Local: 20 - GALPÃO MIDI;16202;SZ-278 ADESIVO CAPIVARA;UN;39019090;288,00;0,00;0,00;0,20;5,00;57,60;1440,00
Loja: 3 - NEWSHOP COMERCIO LTDA ( CD );Local: 20 - GALPÃO MIDI;16203;YB-917 CADERNO DE PINTURA;UN;48202000;268,00;0,00;0,00;0,00;5,00;0,00;1340,00
Loja: 3 - NEWSHOP COMERCIO LTDA ( CD );Local: 20 - GALPÃO MIDI;16204;CY-DC MINI CADERNO;UN;48202000;144,00;0,00;0,00;10,00;10,00;1440,00;1440,00
Loja: 3 - NEWSHOP COMERCIO LTDA ( CD );Local: 20 - GALPÃO MIDI;16205;HB-105 KIT CORRETIVO;UN;96082000;192,00;0,00;0,00;0,00;16,00;0,00;3072,00
Loja: 3 - NEWSHOP COMERCIO LTDA ( CD );Local: 20 - GALPÃO MIDI;16206;2404 APONTADOR;UN;96082000;188,00;0,00;0,00;2,67;5,00;501,96;940,00
Loja: 3 - NEWSHOP COMERCIO LTDA ( CD );Local: 20 - GALPÃO MIDI;16207;7803 APONTADOR MANUAL;UN;96082000;40,00;0,00;0,00;0,00;26,00;0,00;1040,00
Loja: 3 - NEWSHOP COMERCIO LTDA ( CD );Local: 20 - GALPÃO MIDI;16208;1160A-24 CANETINHAS/24 CORES;UN;96082000;1440,00;0,00;0,00;1,80;25,00;2592,00;36000,00
Loja: 3 - NEWSHOP COMERCIO LTDA ( CD );Local: 20 - GALPÃO MIDI;16209;2913 APONTADOR;UN;96082000;239,00;0,00;0,00;0,00;6,00;0,00;1434,00
Loja: 3 - NEWSHOP COMERCIO LTDA ( CD );Local: 20 - GALPÃO MIDI;16211;BC4009 APONTADOR;UN;96082000;359,00;0,00;0,00;0,00;7,00;0,00;2513,00
Loja: 3 - NEWSHOP COMERCIO LTDA ( CD );Local: 20 - GALPÃO MIDI;16212;QH-8439 BORRACHA;UN;40169200;72,00;0,00;0,00;2,10;12,00;151,20;864,00
Loja: 3 - NEWSHOP COMERCIO LTDA ( CD );Local: 20 - GALPÃO MIDI;16214;MD-393 CANETA MARCADORA;UN;96082000;193,00;0,00;0,00;0,00;18,00;0,00;3474,00
Loja: 3 - NEWSHOP COMERCIO LTDA ( CD );Local: 20 - GALPÃO MIDI;16215;ER-469B KIT BORRACHAS;UN;40169200;60,00;0,00;0,00;5,40;9,00;324,00;540,00
Loja: 3 - NEWSHOP COMERCIO LTDA ( CD );Local: 20 - GALPÃO MIDI;16218;SZ/315-017 ADESIVO INFANTIL;UN;39019090;1880,00;0,00;0,00;1,21;1,50;2274,80;2820,00
Loja: 3 - NEWSHOP COMERCIO LTDA ( CD );Local: 20 - GALPÃO MIDI;16222;7808 APONTADOR MANUAL;UN;96082000;41,00;0,00;0,00;0,00;26,00;0,00;1066,00
Loja: 3 - NEWSHOP COMERCIO LTDA ( CD );Local: 20 - GALPÃO MIDI;16227;3717 APONTADOR DE URSINHO;UN;96082000;214,00;0,00;0,00;0,00;6,50;0,00;1391,00
Loja: 3 - NEWSHOP COMERCIO LTDA ( CD );Local: 20 - GALPÃO MIDI;16230;8816 REGUA FROZEN;UN;90178090;640,00;0,00;0,00;0,00;3,00;0,00;1920,00
Loja: 3 - NEWSHOP COMERCIO LTDA ( CD );Local: 20 - GALPÃO MIDI;16233;QH-8325 BORRACHAS;UN;96082000;144,00;0,00;0,00;1,80;8,50;259,20;1224,00
Loja: 3 - NEWSHOP COMERCIO LTDA ( CD );Local: 20 - GALPÃO MIDI;16248;JY-06 ESCOVA PET A VAPOR;UN;96032900;44,00;0,00;0,00;4,20;9,00;184,80;396,00
Loja: 3 - NEWSHOP COMERCIO LTDA ( CD );Local: 20 - GALPÃO MIDI;16255;CY-DG MINI CADERNO CINNAMOROLL;UN;48202000;144,00;0,00;0,00;2,22;12,00;319,68;1728,00
Loja: 3 - NEWSHOP COMERCIO LTDA ( CD );Local: 20 - GALPÃO MIDI;16265;325 APONTADOR;UN;96082000;360,00;0,00;0,00;4,00;4,00;1440,00;1440,00
Loja: 3 - NEWSHOP COMERCIO LTDA ( CD );Local: 20 - GALPÃO MIDI;16267;2408 COLA BASTÃO;UN;40169200;288,00;0,00;0,00;0,00;7,50;0,00;2160,00
Loja: 3 - NEWSHOP COMERCIO LTDA ( CD );Local: 20 - GALPÃO MIDI;16268;1626 LABUBU LIVRO PARA COLORIR;UN;49030000;2911,00;0,00;0,00;2,51;7,90;7306,61;22996,90
Loja: 3 - NEWSHOP COMERCIO LTDA ( CD );Local: 20 - GALPÃO MIDI;16269;B-2360 COLA BASTÃO;UN;40169200;191,00;0,00;0,00;0,00;7,50;0,00;1432,50
Loja: 3 - NEWSHOP COMERCIO LTDA ( CD );Local: 20 - GALPÃO MIDI;16273;A-2320 APONTADOR ASTRONALTA;UN;96082000;222,00;0,00;0,00;1,80;6,50;399,60;1443,00
Loja: 3 - NEWSHOP COMERCIO LTDA ( CD );Local: 20 - GALPÃO MIDI;16275;1160A-12 CANETINHA DE 12/CORES;UN;96082000;12,00;0,00;0,00;1,80;13,50;21,60;162,00
Loja: 3 - NEWSHOP COMERCIO LTDA ( CD );Local: 20 - GALPÃO MIDI;16278;KBY-150 CADEIRA DE METAL;UN;94037000;20,00;0,00;0,00;20,00;72,00;400,00;1440,00
Loja: 3 - NEWSHOP COMERCIO LTDA ( CD );Local: 20 - GALPÃO MIDI;16279;QM4322 CADERNO DE PONTINHOS;UN;48202000;348,00;0,00;0,00;1,26;9,00;438,48;3132,00
Loja: 3 - NEWSHOP COMERCIO LTDA ( CD );Local: 20 - GALPÃO MIDI;16281;SM319010 PRESILHA DE CABELO;UN;71171900;24,00;0,00;0,00;0,00;11,00;0,00;264,00
Loja: 3 - NEWSHOP COMERCIO LTDA ( CD );Local: 20 - GALPÃO MIDI;16283;SM993001 PIRANHA;UN;71171900;24,00;0,00;0,00;0,45;9,50;10,80;228,00
Loja: 3 - NEWSHOP COMERCIO LTDA ( CD );Local: 20 - GALPÃO MIDI;16284;SM729048 PIRANHA;UN;71171900;174,00;0,00;0,00;0,00;9,50;0,00;1653,00
Loja: 3 - NEWSHOP COMERCIO LTDA ( CD );Local: 20 - GALPÃO MIDI;16285;SM319008 PRESILHA DE CABELO;UN;71171900;24,00;0,00;0,00;0,00;13,00;0,00;312,00
Loja: 3 - NEWSHOP COMERCIO LTDA ( CD );Local: 20 - GALPÃO MIDI;16286;SM982063 BRINCO;UN;71171900;96,00;0,00;0,00;0,00;11,00;0,00;1056,00
Loja: 3 - NEWSHOP COMERCIO LTDA ( CD );Local: 20 - GALPÃO MIDI;16287;SM022045 PIRANHA;UN;71171900;168,00;0,00;0,00;0,00;8,50;0,00;1428,00
Loja: 3 - NEWSHOP COMERCIO LTDA ( CD );Local: 20 - GALPÃO MIDI;16288;SM800024 PIRANHA;UN;71171900;192,00;0,00;0,00;0,00;5,50;0,00;1056,00
Loja: 3 - NEWSHOP COMERCIO LTDA ( CD );Local: 20 - GALPÃO MIDI;16290;BBJ-750 COLETE CORRETOR PARA  A  POSTURA;UN;63072000;100,00;0,00;0,00;0,00;23,50;0,00;2350,00
Loja: 3 - NEWSHOP COMERCIO LTDA ( CD );Local: 20 - GALPÃO MIDI;16291;SM729038 PIRANHA;UN;71171900;168,00;0,00;0,00;1,19;8,50;199,92;1428,00
Loja: 3 - NEWSHOP COMERCIO LTDA ( CD );Local: 20 - GALPÃO MIDI;16293;SM202013 BRINCO;UN;71171900;24,00;0,00;0,00;0,00;18,00;0,00;432,00
Loja: 3 - NEWSHOP COMERCIO LTDA ( CD );Local: 20 - GALPÃO MIDI;16297;SM968024 PIRANHA;UN;71171900;36,00;0,00;0,00;0,00;9,50;0,00;342,00
Loja: 3 - NEWSHOP COMERCIO LTDA ( CD );Local: 20 - GALPÃO MIDI;16298;FZ-140 MESA DE METAL;UN;94037000;20,00;0,00;0,00;1,00;64,00;20,00;1280,00
Loja: 3 - NEWSHOP COMERCIO LTDA ( CD );Local: 20 - GALPÃO MIDI;16305;JDH2-023 PORTA-OVOS DE 2 ANDARES;UN;82159100;43,00;0,00;0,00;0,00;10,00;0,00;430,00
Loja: 3 - NEWSHOP COMERCIO LTDA ( CD );Local: 20 - GALPÃO MIDI;16306;BM-A08 BALANCA DIGITAL DE  MESAPARA USO DOMESTCO:;UN;84231000;1,00;0,00;0,00;1,00;19,00;1,00;19,00
Loja: 3 - NEWSHOP COMERCIO LTDA ( CD );Local: 20 - GALPÃO MIDI;16307;SM125020 PRESILHA DE CABELO;UN;71171900;24,00;0,00;0,00;0,00;12,00;0,00;288,00
Loja: 3 - NEWSHOP COMERCIO LTDA ( CD );Local: 20 - GALPÃO MIDI;16308;SM993002 PIRANHA;UN;71171900;120,00;0,00;0,00;0,00;6,50;0,00;780,00
Loja: 3 - NEWSHOP COMERCIO LTDA ( CD );Local: 20 - GALPÃO MIDI;16309;SM202014 BRINCO;UN;71171900;72,00;0,00;0,00;0,00;16,00;0,00;1152,00
Loja: 3 - NEWSHOP COMERCIO LTDA ( CD );Local: 20 - GALPÃO MIDI;16310;MFG7-045 POTE HERMETICO;UN;39249000;90,00;0,00;0,00;5,70;15,50;513,00;1395,00
Loja: 3 - NEWSHOP COMERCIO LTDA ( CD );Local: 20 - GALPÃO MIDI;16311;SM729045 PIRANHA;UN;71171900;72,00;0,00;0,00;0,00;5,00;0,00;360,00
Loja: 3 - NEWSHOP COMERCIO LTDA ( CD );Local: 20 - GALPÃO MIDI;16312;SM319006 PRESILHA PARA CABELO;UN;71171900;24,00;0,00;0,00;0,00;11,00;0,00;264,00
Loja: 3 - NEWSHOP COMERCIO LTDA ( CD );Local: 20 - GALPÃO MIDI;16316;BM-A06 BALANCO DIGITAL PARA MALA:;UN;84231000;20,00;20,00;50,00;1,59;14,50;31,80;290,00
Loja: 3 - NEWSHOP COMERCIO LTDA ( CD );Local: 20 - GALPÃO MIDI;16318;MMQ-013 DEPILADOR DE ALOPECIA INDOLOR;UN;84642010;150,00;0,00;0,00;3,50;6,50;525,00;975,00
Loja: 3 - NEWSHOP COMERCIO LTDA ( CD );Local: 20 - GALPÃO MIDI;16320;4022 LABUBU PELUCIA;UN;95030031;17,00;0,00;0,00;4,92;15,00;83,64;255,00
Loja: 3 - NEWSHOP COMERCIO LTDA ( CD );Local: 20 - GALPÃO MIDI;16323;7058 BOLSA FEMININA;UN;42022210;31,00;0,00;0,00;0,00;85,00;0,00;2635,00
Loja: 3 - NEWSHOP COMERCIO LTDA ( CD );Local: 20 - GALPÃO MIDI;16324;BM-F971 MINI FORMA DE SILICONE PARA AIR FRYER - TAMANHO: 205*205*7CM;UN;39241000;200,00;0,00;0,00;4,90;9,00;980,00;1800,00
Loja: 3 - NEWSHOP COMERCIO LTDA ( CD );Local: 20 - GALPÃO MIDI;16325;SM319011 PRESEILHA DE CABELO;UN;71171900;24,00;0,00;0,00;0,00;11,00;0,00;264,00
Loja: 3 - NEWSHOP COMERCIO LTDA ( CD );Local: 20 - GALPÃO MIDI;16326;MFG4-045 POTE HERMETICO;UN;39249000;30,00;0,00;0,00;0,00;15,50;0,00;465,00
Loja: 3 - NEWSHOP COMERCIO LTDA ( CD );Local: 20 - GALPÃO MIDI;16327;SM125021 PRESILHA DE CABELO;UN;71171900;24,00;0,00;0,00;0,00;12,00;0,00;288,00
Loja: 3 - NEWSHOP COMERCIO LTDA ( CD );Local: 20 - GALPÃO MIDI;16328;SM319007 PRESILHA DE CABELO;UN;71171900;24,00;0,00;0,00;0,00;13,00;0,00;312,00
Loja: 3 - NEWSHOP COMERCIO LTDA ( CD );Local: 20 - GALPÃO MIDI;16329;MFG1-048 POTE HERMETICO;UN;39249000;102,00;0,00;0,00;1,00;18,00;102,00;1836,00
Loja: 3 - NEWSHOP COMERCIO LTDA ( CD );Local: 20 - GALPÃO MIDI;16330;SM045003 LAÇO PARA CABELO;UN;71171900;24,00;0,00;0,00;0,00;22,00;0,00;528,00
Loja: 3 - NEWSHOP COMERCIO LTDA ( CD );Local: 20 - GALPÃO MIDI;16332;MFG8-040 POTE HERMETICO;UN;39249000;180,00;0,00;0,00;0,00;12,50;0,00;2250,00
Loja: 3 - NEWSHOP COMERCIO LTDA ( CD );Local: 20 - GALPÃO MIDI;16338;SM999094 BRINCO;UN;71171900;24,00;0,00;0,00;0,00;9,50;0,00;228,00
Loja: 3 - NEWSHOP COMERCIO LTDA ( CD );Local: 20 - GALPÃO MIDI;16339;SM045002 PRESILHA DE CABELO;UN;71171900;24,00;0,00;0,00;0,00;17,00;0,00;408,00
Loja: 3 - NEWSHOP COMERCIO LTDA ( CD );Local: 20 - GALPÃO MIDI;16341;SM045005 PRESILIA DE CABELO;UN;71171900;24,00;0,00;0,00;0,00;19,50;0,00;468,00
Loja: 3 - NEWSHOP COMERCIO LTDA ( CD );Local: 20 - GALPÃO MIDI;16342;SM045006 PRESILHA DE CABELO;UN;71171900;24,00;0,00;0,00;0,00;19,50;0,00;468,00
Loja: 3 - NEWSHOP COMERCIO LTDA ( CD );Local: 20 - GALPÃO MIDI;16343;SM045007 PRESILHA;UN;71171900;24,00;0,00;0,00;0,00;18,00;0,00;432,00
Loja: 3 - NEWSHOP COMERCIO LTDA ( CD );Local: 20 - GALPÃO MIDI;16344;SM125011 KIT PRESILHA;UN;71171900;120,00;0,00;0,00;0,00;7,50;0,00;900,00
Loja: 3 - NEWSHOP COMERCIO LTDA ( CD );Local: 20 - GALPÃO MIDI;16345;SM022056 PIRANHA;UN;71171900;144,00;0,00;0,00;2,79;5,00;401,76;720,00
Loja: 3 - NEWSHOP COMERCIO LTDA ( CD );Local: 20 - GALPÃO MIDI;16346;SM616058 PIRANHA;UN;71171900;72,00;0,00;0,00;0,00;6,00;0,00;432,00
Loja: 3 - NEWSHOP COMERCIO LTDA ( CD );Local: 20 - GALPÃO MIDI;16348;SM956001 PIRANHA;UN;71171900;96,00;0,00;0,00;0,00;8,50;0,00;816,00
Loja: 3 - NEWSHOP COMERCIO LTDA ( CD );Local: 20 - GALPÃO MIDI;16350;SM319012 PRESILHA;UN;71171900;24,00;0,00;0,00;0,00;11,00;0,00;264,00
Loja: 3 - NEWSHOP COMERCIO LTDA ( CD );Local: 20 - GALPÃO MIDI;16351;MFG6-048 POTE HERMETICO;UN;39249000;60,00;0,00;0,00;0,00;18,00;0,00;1080,00
Loja: 3 - NEWSHOP COMERCIO LTDA ( CD );Local: 20 - GALPÃO MIDI;16360;SM319013 PRESILHA;UN;71171900;72,00;0,00;0,00;0,00;11,00;0,00;792,00
Loja: 3 - NEWSHOP COMERCIO LTDA ( CD );Local: 20 - GALPÃO MIDI;16361;BM-611 MOUSE COM FIO E ENTRADA USB;UN;84716053;1,00;0,00;0,00;1,54;7,00;1,54;7,00
Loja: 3 - NEWSHOP COMERCIO LTDA ( CD );Local: 20 - GALPÃO MIDI;16362;SM928002 PRESILHA;UN;71171900;72,00;0,00;0,00;0,00;8,00;0,00;576,00
Loja: 3 - NEWSHOP COMERCIO LTDA ( CD );Local: 20 - GALPÃO MIDI;16363;SM768022 LIGA DE CABELO;UN;71171900;360,00;0,00;0,00;0,00;3,00;0,00;1080,00
Loja: 3 - NEWSHOP COMERCIO LTDA ( CD );Local: 20 - GALPÃO MIDI;16364;SM160044 PRESILHA;UN;71171900;24,00;0,00;0,00;0,00;8,50;0,00;204,00
Loja: 3 - NEWSHOP COMERCIO LTDA ( CD );Local: 20 - GALPÃO MIDI;16365;SM022044 PRESILHA;UN;71171900;120,00;0,00;0,00;0,00;6,50;0,00;780,00
Loja: 3 - NEWSHOP COMERCIO LTDA ( CD );Local: 20 - GALPÃO MIDI;16366;SM202007 BRINCO;UN;71171900;48,00;0,00;0,00;0,00;18,00;0,00;864,00
Loja: 3 - NEWSHOP COMERCIO LTDA ( CD );Local: 20 - GALPÃO MIDI;16368;SM220036 PULSEIRA;UN;71171900;120,00;0,00;0,00;0,45;14,50;54,00;1740,00
Loja: 3 - NEWSHOP COMERCIO LTDA ( CD );Local: 20 - GALPÃO MIDI;16369;SM993006 PIRANHA;UN;71171900;144,00;0,00;0,00;0,45;7,50;64,80;1080,00
Loja: 3 - NEWSHOP COMERCIO LTDA ( CD );Local: 20 - GALPÃO MIDI;16370;SM982055 PULSEIRA DE AÇO INOX;UN;71171900;24,00;0,00;0,00;0,00;16,00;0,00;384,00
Loja: 3 - NEWSHOP COMERCIO LTDA ( CD );Local: 20 - GALPÃO MIDI;16373;SM022062N PIRANHA;UN;71171900;24,00;0,00;0,00;0,00;6,50;0,00;156,00
Loja: 3 - NEWSHOP COMERCIO LTDA ( CD );Local: 20 - GALPÃO MIDI;16374;SM779014 PIRANHA;UN;71171900;24,00;0,00;0,00;0,00;7,50;0,00;180,00
Loja: 3 - NEWSHOP COMERCIO LTDA ( CD );Local: 20 - GALPÃO MIDI;16378;SM928003 PRESILHA;UN;71171900;72,00;0,00;0,00;0,00;8,00;0,00;576,00
Loja: 3 - NEWSHOP COMERCIO LTDA ( CD );Local: 20 - GALPÃO MIDI;16379;SM616060 PRESILHA DE CABELO;UN;71171900;48,00;0,00;0,00;0,00;6,50;0,00;312,00
Loja: 3 - NEWSHOP COMERCIO LTDA ( CD );Local: 20 - GALPÃO MIDI;16381;SM978003 PIRANHA;UN;71171900;72,00;0,00;0,00;0,00;5,50;0,00;396,00
Loja: 3 - NEWSHOP COMERCIO LTDA ( CD );Local: 20 - GALPÃO MIDI;16384;SM130005 BRINCOS;UN;71171900;48,00;0,00;0,00;0,00;11,00;0,00;528,00
Loja: 3 - NEWSHOP COMERCIO LTDA ( CD );Local: 20 - GALPÃO MIDI;16386;SM050040 ANEIS;UN;71171900;100,00;0,00;0,00;0,84;6,00;84,00;600,00
Loja: 3 - NEWSHOP COMERCIO LTDA ( CD );Local: 20 - GALPÃO MIDI;16389;SM130018 BRINCO;UN;71171900;24,00;0,00;0,00;0,00;13,00;0,00;312,00
Loja: 3 - NEWSHOP COMERCIO LTDA ( CD );Local: 20 - GALPÃO MIDI;16391;BM-221IP E TC MICROFONE DE LAPELA SEM FIO RECARREGAVEL;UN;85181090;50,00;0,00;0,00;15,82;32,00;791,00;1600,00
Loja: 3 - NEWSHOP COMERCIO LTDA ( CD );Local: 20 - GALPÃO MIDI;16414;LES-M3XC - MINI CAIXA DE SOM BLUETOOTH;UN;85271300;4,00;0,00;0,00;1,56;21,50;6,24;86,00
Loja: 3 - NEWSHOP COMERCIO LTDA ( CD );Local: 20 - GALPÃO MIDI;16425;BM-F930 MINI PROCESSADOR/TRITURADOR DE ALIMENTOS;UN;85098090;50,00;0,00;0,00;0,88;9,00;44,00;450,00
Loja: 3 - NEWSHOP COMERCIO LTDA ( CD );Local: 20 - GALPÃO MIDI;16432;FZ3204 CARTEIRA FEMININA;UN;42023200;1,00;0,00;0,00;14,80;23,50;14,80;23,50
Loja: 3 - NEWSHOP COMERCIO LTDA ( CD );Local: 20 - GALPÃO MIDI;16471;BM-F988 CONJ DE FACAS  DE 8 EM 1;UN;82111000;8,00;0,00;0,00;4,47;69,50;35,76;556,00
Loja: 3 - NEWSHOP COMERCIO LTDA ( CD );Local: 20 - GALPÃO MIDI;16480;BOM-9558 MARTELETE ELETRICO 220V 800W;UN;84672993;8,00;0,00;0,00;56,04;282,00;448,32;2256,00
Loja: 3 - NEWSHOP COMERCIO LTDA ( CD );Local: 20 - GALPÃO MIDI;16495;BOM-9590 VIBRADOR DE CONCRETO;UN;84672999;2,00;0,00;0,00;111,83;297,00;223,66;594,00
Loja: 3 - NEWSHOP COMERCIO LTDA ( CD );Local: 20 - GALPÃO MIDI;16503;BM-F969 CONJUNTO DE 3 SACOS PLASTICOS PARA EMBALAGEM A VACUO + 1 BOMBA DE SUCCAO;UN;39232910;30,00;0,00;0,00;3,84;37,50;115,20;1125,00
Loja: 3 - NEWSHOP COMERCIO LTDA ( CD );Local: 20 - GALPÃO MIDI;16506;SNJ1-150 - SAPATEIRA ORGANIZADORA DE METAL;UN;94032090;56,00;0,00;0,00;0,00;68,50;0,00;3836,00
Loja: 3 - NEWSHOP COMERCIO LTDA ( CD );Local: 20 - GALPÃO MIDI;16508;BOM-5621 CORRENTE P MOTOSERRA;UN;84679100;50,00;0,00;0,00;0,90;10,00;45,00;500,00
Loja: 3 - NEWSHOP COMERCIO LTDA ( CD );Local: 20 - GALPÃO MIDI;16523;TW6314 SANDALIA FEMININA ADULTO;UN;64019990;30,00;0,00;0,00;15,50;84,00;465,00;2520,00
Loja: 3 - NEWSHOP COMERCIO LTDA ( CD );Local: 20 - GALPÃO MIDI;16524;TW6310 SANDALIA FEMININA ADULTO;UN;64019990;10,00;0,00;0,00;16,50;22,00;165,00;220,00
Loja: 3 - NEWSHOP COMERCIO LTDA ( CD );Local: 20 - GALPÃO MIDI;16527;TW6329 SANDALIA FEMININA ADULTO;UN;64019990;20,00;0,00;0,00;12,00;36,50;240,00;730,00
Loja: 3 - NEWSHOP COMERCIO LTDA ( CD );Local: 20 - GALPÃO MIDI;16529;TW6304 SANDALIA FEMININA ADULTO;UN;64019990;40,00;0,00;0,00;15,00;22,00;600,00;880,00
Loja: 3 - NEWSHOP COMERCIO LTDA ( CD );Local: 20 - GALPÃO MIDI;16530;TW6257 SANDALIA INFANTIL;UN;64019990;62,00;0,00;0,00;15,00;66,00;930,00;4092,00
Loja: 3 - NEWSHOP COMERCIO LTDA ( CD );Local: 20 - GALPÃO MIDI;16532;TW6253 SANDALIA FEMININA ADULTO;UN;64019990;30,00;0,00;0,00;16,50;80,00;495,00;2400,00
Loja: 3 - NEWSHOP COMERCIO LTDA ( CD );Local: 20 - GALPÃO MIDI;16534;BOM-9586 MOTOESMERIL E LIXADEIRA DE CINTA 2 EM 1 - TENSAO NOMINAL: 220-240V;UN;84609090;1,00;0,00;0,00;269,61;431,00;269,61;431,00
Loja: 3 - NEWSHOP COMERCIO LTDA ( CD );Local: 20 - GALPÃO MIDI;16535;TW6322 SANDALIA FEMININA ADULTO;UN;64019990;15,00;0,00;0,00;20,50;67,00;307,50;1005,00
Loja: 3 - NEWSHOP COMERCIO LTDA ( CD );Local: 20 - GALPÃO MIDI;16538;TW6237 SANDALIA FEMININA ADULTO;UN;64019990;20,00;0,00;0,00;21,50;80,00;430,00;1600,00
Loja: 3 - NEWSHOP COMERCIO LTDA ( CD );Local: 20 - GALPÃO MIDI;16539;TW6252 SANDALIA FEMININA ADULTO;UN;64019990;30,00;0,00;0,00;18,50;80,00;555,00;2400,00
Loja: 3 - NEWSHOP COMERCIO LTDA ( CD );Local: 20 - GALPÃO MIDI;16542;TW6327 SANDALIA FEMININA ADULTO;UN;64019990;15,00;0,00;0,00;21,50;66,00;322,50;990,00
Loja: 3 - NEWSHOP COMERCIO LTDA ( CD );Local: 20 - GALPÃO MIDI;16543;TW6317 SANDALIA FEMININA ADULTO;UN;64019990;30,00;0,00;0,00;22,50;44,00;675,00;1320,00
Loja: 3 - NEWSHOP COMERCIO LTDA ( CD );Local: 20 - GALPÃO MIDI;16545;TW6256 SANDALIA FEMININA ADULTO;UN;64019990;20,00;0,00;0,00;23,50;52,50;470,00;1050,00
Loja: 3 - NEWSHOP COMERCIO LTDA ( CD );Local: 20 - GALPÃO MIDI;16549;TW6255 SANDALIA FEMININA ADULTO;UN;64019990;20,00;0,00;0,00;22,50;47,00;450,00;940,00
Loja: 3 - NEWSHOP COMERCIO LTDA ( CD );Local: 20 - GALPÃO MIDI;16550;TW6312 SANDALIA FEMININA ADULTO;UN;64019990;32,00;0,00;0,00;31,50;84,00;1008,00;2688,00
Loja: 3 - NEWSHOP COMERCIO LTDA ( CD );Local: 20 - GALPÃO MIDI;16552;TW6225 SANDALIA FEMININA ADULTO;UN;64019990;30,00;0,00;0,00;32,50;80,00;975,00;2400,00
Loja: 3 - NEWSHOP COMERCIO LTDA ( CD );Local: 20 - GALPÃO MIDI;16556;TW6323 SANDALIA FEMININA ADULTO;UN;64019990;20,00;0,00;0,00;22,50;120,00;450,00;2400,00
Loja: 3 - NEWSHOP COMERCIO LTDA ( CD );Local: 20 - GALPÃO MIDI;16558;TW6251 SANDALIA FEMININA ADULTO;UN;64019990;30,00;0,00;0,00;16,50;39,90;495,00;1197,00
Loja: 3 - NEWSHOP COMERCIO LTDA ( CD );Local: 20 - GALPÃO MIDI;16561;TW6309 SANDALIA FEMININA ADULTO;UN;64019990;30,00;0,00;0,00;22,50;44,00;675,00;1320,00
Loja: 3 - NEWSHOP COMERCIO LTDA ( CD );Local: 20 - GALPÃO MIDI;16564;TW6303  SANDALIA;UN;64019990;30,00;0,00;0,00;18,50;44,00;555,00;1320,00
Loja: 3 - NEWSHOP COMERCIO LTDA ( CD );Local: 20 - GALPÃO MIDI;16569;TW6311 SANDALIA FEMININA VERDE ADULTO;UN;64019990;30,00;0,00;0,00;23,50;44,00;705,00;1320,00
Loja: 3 - NEWSHOP COMERCIO LTDA ( CD );Local: 20 - GALPÃO MIDI;16570;TW6259 SANDALIA;UN;64019990;42,00;0,00;0,00;21,50;66,00;903,00;2772,00
Loja: 3 - NEWSHOP COMERCIO LTDA ( CD );Local: 20 - GALPÃO MIDI;16572;TW6258 SANDALIA DULTO;UN;64019990;32,00;0,00;0,00;15,00;66,00;480,00;2112,00
Loja: 3 - NEWSHOP COMERCIO LTDA ( CD );Local: 20 - GALPÃO MIDI;16577;TW6315 SANDALIA FEMININA ADULTO;UN;64019990;30,00;0,00;0,00;15,50;44,00;465,00;1320,00
Loja: 3 - NEWSHOP COMERCIO LTDA ( CD );Local: 20 - GALPÃO MIDI;16581;TW6328 SANDALIA;UN;64019990;20,00;0,00;0,00;12,00;36,50;240,00;730,00
Loja: 3 - NEWSHOP COMERCIO LTDA ( CD );Local: 20 - GALPÃO MIDI;16582;TW6236 SANDALIA FEMININA ADULTO;UN;64019990;30,00;0,00;0,00;32,50;80,00;975,00;2400,00
Loja: 3 - NEWSHOP COMERCIO LTDA ( CD );Local: 20 - GALPÃO MIDI;16584;TW6305  SANDALIA;UN;64019990;30,00;0,00;0,00;20,50;24,50;615,00;735,00
Loja: 3 - NEWSHOP COMERCIO LTDA ( CD );Local: 20 - GALPÃO MIDI;16599;BOM-3913 JOGO DE CHAVES COM SOQUETES (53 PECAS) BOM-3913;UN;82059000;27,00;0,00;0,00;21,56;87,00;582,12;2349,00
Loja: 3 - NEWSHOP COMERCIO LTDA ( CD );Local: 20 - GALPÃO MIDI;16604;BOM-8003 PISTOLA DE AR COMPRIMIDO PARA LIMPEZA;UN;84242000;160,00;0,00;0,00;0,00;13,50;0,00;2160,00
Loja: 3 - NEWSHOP COMERCIO LTDA ( CD );Local: 20 - GALPÃO MIDI;16608;SZ/315-03 ADESIVO INFANTIL;UN;39019090;1205,00;0,00;0,00;0,27;1,50;325,35;1807,50
Loja: 3 - NEWSHOP COMERCIO LTDA ( CD );Local: 20 - GALPÃO MIDI;16615;MAX-0556 CARREGADOR PORTATIL POWER BANK:;UN;85076000;25,00;0,00;0,00;7,23;79,00;180,75;1975,00
Loja: 3 - NEWSHOP COMERCIO LTDA ( CD );Local: 20 - GALPÃO MIDI;16627;BM-249 MICROFONE DINAMICO COM FIO - IMPEDANCIA: 600 OHMS;UN;85181090;20,00;0,00;0,00;2,78;12,00;55,60;240,00
Loja: 3 - NEWSHOP COMERCIO LTDA ( CD );Local: 20 - GALPÃO MIDI;16629;001-48CANETA MARCA TEXTO 48 UN;UN;96082000;5320,00;0,00;0,00;1,80;29,00;9576,00;154280,00
Loja: 3 - NEWSHOP COMERCIO LTDA ( CD );Local: 20 - GALPÃO MIDI;16634;001-24 CANETA MARCA TEXTO 24 UN;UN;96082000;4328,00;0,00;0,00;1,80;15,50;7790,40;67084,00
Loja: 3 - NEWSHOP COMERCIO LTDA ( CD );Local: 20 - GALPÃO MIDI;16636;001-36 CANETA MARCA TEXTO 36 UN;UN;96082000;1440,00;0,00;0,00;0,20;32,50;288,00;46800,00
Loja: 3 - NEWSHOP COMERCIO LTDA ( CD );Local: 20 - GALPÃO MIDI;16639;BM-F1124 PRATELEIRA ORGANIZADORA MULTIUSO COM RODIZIOS - 4 ANDARES -;UN;94032090;10,00;0,00;0,00;30,67;124,00;306,70;1240,00
Loja: 3 - NEWSHOP COMERCIO LTDA ( CD );Local: 20 - GALPÃO MIDI;16642;BM-F1060 GUARDA ROUPA PORTATIL PA-3A;UN;39249000;5,00;0,00;0,00;32,38;126,00;161,90;630,00
Loja: 3 - NEWSHOP COMERCIO LTDA ( CD );Local: 20 - GALPÃO MIDI;16665;OI-0303 - CONJUNTO 4 PECAS DE PROTETOR DE PLASTICO PARA PE DE CADEIRA;UN;39269090;30,00;0,00;0,00;1,00;6,00;30,00;180,00
Loja: 3 - NEWSHOP COMERCIO LTDA ( CD );Local: 20 - GALPÃO MIDI;16677;OI-0062 - FORMA DE GELO DE PLASTICO E BORRACHA COM TAMPA;UN;39241000;828,00;0,00;0,00;5,50;5,50;4554,00;4554,00
Loja: 3 - NEWSHOP COMERCIO LTDA ( CD );Local: 20 - GALPÃO MIDI;16680;OI-0274 - DISPENSER DE PLASTICO PARA COZINHA;UN;39241000;28,00;0,00;0,00;25,30;133,00;708,40;3724,00
Loja: 3 - NEWSHOP COMERCIO LTDA ( CD );Local: 20 - GALPÃO MIDI;16703;OIA-8222 APONTADOR DE ELETRICO;UN;84729040;72,00;0,00;0,00;1,74;30,00;125,28;2160,00
Loja: 3 - NEWSHOP COMERCIO LTDA ( CD );Local: 20 - GALPÃO MIDI;16711;C1093 BOLSA FESTA;UN;42022210;100,00;0,00;0,00;0,00;17,50;0,00;1750,00
Loja: 3 - NEWSHOP COMERCIO LTDA ( CD );Local: 20 - GALPÃO MIDI;16720;OI-0439 - TELA MOSQUITEIRO DE POLIESTER PARA JANELA;UN;63049300;385,00;0,00;0,00;1,24;12,50;477,40;4812,50
Loja: 3 - NEWSHOP COMERCIO LTDA ( CD );Local: 20 - GALPÃO MIDI;16722;OI-0438 - TELA MOSQUITEIRO DE POLIESTER PARA JANELA;UN;63049300;380,00;0,00;0,00;0,83;9,00;315,40;3420,00
Loja: 3 - NEWSHOP COMERCIO LTDA ( CD );Local: 20 - GALPÃO MIDI;16724;OI-0122 ORGANIZADOR DE ROUPAS DE METAL;UN;73239900;10,00;0,00;0,00;1,00;126,00;10,00;1260,00
Loja: 3 - NEWSHOP COMERCIO LTDA ( CD );Local: 20 - GALPÃO MIDI;16734;OI-0104 - PORTA CONDIMENTOS DE ACO INOX PARA COZINHA - COM 13 PEÇAS;UN;73239300;9,00;0,00;0,00;28,45;90,00;256,05;810,00
Loja: 3 - NEWSHOP COMERCIO LTDA ( CD );Local: 20 - GALPÃO MIDI;16741;OI-0164 - FORMA DE GELO DE PLASTICO PARA COZINHA;UN;39241000;227,00;0,00;0,00;0,93;7,50;211,11;1702,50
Loja: 3 - NEWSHOP COMERCIO LTDA ( CD );Local: 20 - GALPÃO MIDI;16755;C1105 BOLSA EM MATERIAL PU;UN;42022210;120,00;0,00;0,00;0,00;17,50;0,00;2100,00
Loja: 3 - NEWSHOP COMERCIO LTDA ( CD );Local: 20 - GALPÃO MIDI;16757;OI-0189 - SABONETEIRA DE PLASTICO PARA BANHEIRO;UN;39249000;83,00;0,00;0,00;2,48;20,00;205,84;1660,00
Loja: 3 - NEWSHOP COMERCIO LTDA ( CD );Local: 20 - GALPÃO MIDI;16781;KPA18030 PULSEIRA DE METAL 12 PCS POR DUZIA;UN;71171900;22,00;0,00;0,00;15,36;27,00;337,92;594,00
Loja: 3 - NEWSHOP COMERCIO LTDA ( CD );Local: 20 - GALPÃO MIDI;16800;BMG-60 SUPORTE DE PLASTICO PARA CELULAR (UNIVERSAL);UN;39269090;25,00;0,00;0,00;2,11;16,00;52,75;400,00
Loja: 3 - NEWSHOP COMERCIO LTDA ( CD );Local: 20 - GALPÃO MIDI;16818;LKJ-193 DIFUSOR AROMATIZADOR DE AMBIENTE COM ILUMINACAO DE LED;UN;85098090;72,00;0,00;0,00;11,14;49,50;802,08;3564,00
Loja: 3 - NEWSHOP COMERCIO LTDA ( CD );Local: 20 - GALPÃO MIDI;16819;LKJ-194 UMIDIFICADOR DE AR PURO AROMATIZADOR PORTATILCARREGAMENTO VIA USB;UN;85098090;37,00;10,00;100,00;0,00;52,00;0,00;1924,00
Loja: 3 - NEWSHOP COMERCIO LTDA ( CD );Local: 20 - GALPÃO MIDI;16861;BM-F1188 CONJUNTO ESFREGAO DE LIMPEZA (MOP);UN;96039000;20,00;0,00;0,00;14,56;75,00;291,20;1500,00
Loja: 3 - NEWSHOP COMERCIO LTDA ( CD );Local: 20 - GALPÃO MIDI;16876;OI-0068 - FORMA DE GELO DE PLASTICO E BORRACHA COM TAMPA;UN;39241000;517,00;0,00;0,00;0,00;5,00;0,00;2585,00
Loja: 3 - NEWSHOP COMERCIO LTDA ( CD );Local: 20 - GALPÃO MIDI;16884;OIH-5610 REMOVEDOR DE FIAPOS ELETRICO;UN;85098090;150,00;10,00;100,00;2,31;22,50;346,50;3375,00
Loja: 3 - NEWSHOP COMERCIO LTDA ( CD );Local: 20 - GALPÃO MIDI;16889;A21274 M BOLSA FEMININA M;UN;42022220;31,00;0,00;0,00;5,30;28,00;164,30;868,00
Loja: 3 - NEWSHOP COMERCIO LTDA ( CD );Local: 20 - GALPÃO MIDI;16923;001-PCT DE BANDEIRINHA N4;UN;61034300;300,00;0,00;0,00;1,20;5,00;360,00;1500,00
Loja: 3 - NEWSHOP COMERCIO LTDA ( CD );Local: 20 - GALPÃO MIDI;16934;004 TIARA  CHAPEZINHO DE PALHA;UN;61046900;500,00;0,00;0,00;1,60;9,50;800,00;4750,00
Loja: 3 - NEWSHOP COMERCIO LTDA ( CD );Local: 20 - GALPÃO MIDI;16949;SLK-D107 FACA PARA PESCA E CACA;UN;82119220;30,00;0,00;0,00;2,54;29,50;76,20;885,00
Loja: 3 - NEWSHOP COMERCIO LTDA ( CD );Local: 20 - GALPÃO MIDI;16987;BOM-5622 CORRENTE  MOTOSERRA 8 1/4LP.043-45;UN;84679100;50,00;0,00;0,00;2,79;11,50;139,50;575,00
Loja: 3 - NEWSHOP COMERCIO LTDA ( CD );Local: 20 - GALPÃO MIDI;17065;C801 - CROCS COM ACESSORIOS;UN;64029990;180,00;0,00;0,00;8,08;38,00;1454,40;6840,00
Loja: 3 - NEWSHOP COMERCIO LTDA ( CD );Local: 20 - GALPÃO MIDI;17090;SLK-A65 FACA LAMINA FIXA PARA PESCA E CACA;UN;82119220;30,00;0,00;0,00;6,62;50,00;198,60;1500,00
Loja: 3 - NEWSHOP COMERCIO LTDA ( CD );Local: 20 - GALPÃO MIDI;17097;N9018 - MEIAS MASCULINAS ESPORTIVAS CANO LONGO;UN;61159600;1298,00;0,00;0,00;0,00;8,00;0,00;10384,00
Loja: 3 - NEWSHOP COMERCIO LTDA ( CD );Local: 20 - GALPÃO MIDI;17098;1020 LIVRO;UN;48202000;150,00;0,00;0,00;2,79;14,00;418,50;2100,00
Loja: 3 - NEWSHOP COMERCIO LTDA ( CD );Local: 20 - GALPÃO MIDI;17162;K12 CAIXA DE SOM COM MICROFONE;UN;85182100;200,00;0,00;0,00;10,00;46,00;2000,00;9200,00
Loja: 3 - NEWSHOP COMERCIO LTDA ( CD );Local: 20 - GALPÃO MIDI;17197;LX502-2 CHAVEIRO;UN;71171900;160,00;0,00;0,00;1,21;15,00;193,60;2400,00
Loja: 3 - NEWSHOP COMERCIO LTDA ( CD );Local: 20 - GALPÃO MIDI;17200;LX-222 LA BUBU;UN;71171900;240,00;0,00;0,00;0,97;45,00;232,80;10800,00
Loja: 3 - NEWSHOP COMERCIO LTDA ( CD );Local: 20 - GALPÃO MIDI;17300;AC-8 - PRATELEIRA MULTIUSO COM VENTOSA EM PVC;UN;39249000;24,00;0,00;0,00;1,95;23,00;46,80;552,00
Loja: 3 - NEWSHOP COMERCIO LTDA ( CD );Local: 20 - GALPÃO MIDI;17305;1484 REVESTIMENTO DE PVC 60*60 DS13969;UN;39189000;1782,00;0,00;0,00;0,00;79,90;0,00;142381,80
Loja: 3 - NEWSHOP COMERCIO LTDA ( CD );Local: 20 - GALPÃO MIDI;17306;1083 NEBULIZADOR;UN;90192020;500,00;0,00;0,00;4,80;50,00;2400,00;25000,00
Loja: 3 - NEWSHOP COMERCIO LTDA ( CD );Local: 20 - GALPÃO MIDI;17316;NLB-001 PRANCHA ALISADORA ELETRICA DE CABELO;UN;85163200;51,00;0,00;0,00;1,00;27,00;51,00;1377,00
Loja: 3 - NEWSHOP COMERCIO LTDA ( CD );Local: 20 - GALPÃO MIDI;17317;DS12756 ROLO ADESIVO 60*4.5M;UN;39019090;240,00;0,00;0,00;0,00;18,00;0,00;4320,00
Loja: 3 - NEWSHOP COMERCIO LTDA ( CD );Local: 20 - GALPÃO MIDI;17322;DS12757 ROLO ADESIVO 60*4.5M;UN;39019090;360,00;0,00;0,00;2,79;18,00;1004,40;6480,00
Loja: 3 - NEWSHOP COMERCIO LTDA ( CD );Local: 20 - GALPÃO MIDI;17325;AC-126-PORTA FACAS E UTENSILIOS DE COZINHA EM POLIPROPILENO;UN;39241000;60,00;0,00;0,00;3,81;23,00;228,60;1380,00
Loja: 3 - NEWSHOP COMERCIO LTDA ( CD );Local: 20 - GALPÃO MIDI;17326;UTL-218-MINI PROCESSADOR DE ALIMENTOS MANUAL 3 LAMINAS;UN;82055100;80,00;0,00;0,00;1,50;18,00;120,00;1440,00
Loja: 3 - NEWSHOP COMERCIO LTDA ( CD );Local: 20 - GALPÃO MIDI;17327;DS13627 ROLO ADESIVO 60*4.5M;UN;39019090;240,00;0,00;0,00;2,79;18,00;669,60;4320,00
Loja: 3 - NEWSHOP COMERCIO LTDA ( CD );Local: 20 - GALPÃO MIDI;17328;DS13630 ROLO ADESIVO 60*4.5M;UN;39019090;420,00;0,00;0,00;2,79;18,00;1171,80;7560,00
Loja: 3 - NEWSHOP COMERCIO LTDA ( CD );Local: 20 - GALPÃO MIDI;17331;DS13631 ROLO ADESIVO 60*4.5M;UN;39019090;300,00;0,00;0,00;2,79;18,00;837,00;5400,00
Loja: 3 - NEWSHOP COMERCIO LTDA ( CD );Local: 20 - GALPÃO MIDI;17338;NEW-252-CARRINHO DE FERRO PARA MOVER MOVEIS;UN;87168000;76,00;0,00;0,00;1,00;41,00;76,00;3116,00
Loja: 3 - NEWSHOP COMERCIO LTDA ( CD );Local: 20 - GALPÃO MIDI;17342;PT-2666 ESCOVA GRANDE PARA PET;UN;39269090;24,00;0,00;0,00;3,13;6,50;75,12;156,00
Loja: 3 - NEWSHOP COMERCIO LTDA ( CD );Local: 20 - GALPÃO MIDI;17343;PT-2660 CORTADOR DE UNHAS CAES E GATOS;UN;39269090;30,00;0,00;0,00;1,23;5,50;36,90;165,00
Loja: 3 - NEWSHOP COMERCIO LTDA ( CD );Local: 20 - GALPÃO MIDI;17348;LE-873V CABO DE DADOS USB PARA MICRO V8;UN;85444200;20,00;0,00;0,00;1,00;6,50;20,00;130,00
Loja: 3 - NEWSHOP COMERCIO LTDA ( CD );Local: 20 - GALPÃO MIDI;17355;PT-2664 ESCOVA PET;UN;39269090;12,00;0,00;0,00;0,48;6,00;5,76;72,00
Loja: 3 - NEWSHOP COMERCIO LTDA ( CD );Local: 20 - GALPÃO MIDI;17357;LE-873P CABO DE DADOS USB PARA IOS;UN;85444200;20,00;0,00;0,00;0,23;7,00;4,60;140,00
Loja: 3 - NEWSHOP COMERCIO LTDA ( CD );Local: 20 - GALPÃO MIDI;17362;LE-873C CABO DE DADOS USB TYPE-C;UN;85444200;12,00;0,00;0,00;0,23;7,00;2,76;84,00
Loja: 3 - NEWSHOP COMERCIO LTDA ( CD );Local: 20 - GALPÃO MIDI;17367;UTL-360-DEPILADOR MULTIUSO RECARREGAVEL 4 EM 1;UN;85103000;30,00;0,00;0,00;3,15;38,00;94,50;1140,00
Loja: 3 - NEWSHOP COMERCIO LTDA ( CD );Local: 20 - GALPÃO MIDI;17446;67393-80 CANETA MARCADORA 80 UN;UN;96082000;72,00;0,00;0,00;20,09;80,00;1446,48;5760,00
Loja: 3 - NEWSHOP COMERCIO LTDA ( CD );Local: 20 - GALPÃO MIDI;17448;LX-G205 PELUCIA STITC;UN;95030080;74,00;0,00;0,00;0,00;44,50;0,00;3293,00
Loja: 3 - NEWSHOP COMERCIO LTDA ( CD );Local: 20 - GALPÃO MIDI;17450;LX-G03 PELUCIA;UN;95030080;124,00;0,00;0,00;0,00;24,00;0,00;2976,00
Loja: 3 - NEWSHOP COMERCIO LTDA ( CD );Local: 20 - GALPÃO MIDI;17451;LX-G206 PELUCIA STITC;UN;95030080;110,00;0,00;0,00;0,00;44,50;0,00;4895,00
Loja: 3 - NEWSHOP COMERCIO LTDA ( CD );Local: 20 - GALPÃO MIDI;17452;LX-G201 PELUCIA STITC;UN;95030080;109,00;0,00;0,00;0,00;44,50;0,00;4850,50
Loja: 3 - NEWSHOP COMERCIO LTDA ( CD );Local: 20 - GALPÃO MIDI;17454;LX-G204 PELUCIA STITC;UN;95030080;138,00;0,00;0,00;9,06;17,70;1250,28;2442,60
Loja: 3 - NEWSHOP COMERCIO LTDA ( CD );Local: 20 - GALPÃO MIDI;17455;67566-60 CANETA MARCADORA 60 UN;UN;96082000;60,00;0,00;0,00;15,07;90,00;904,20;5400,00
Loja: 3 - NEWSHOP COMERCIO LTDA ( CD );Local: 20 - GALPÃO MIDI;17463;31060-48 CANETA MARCADORA 48 UN;UN;96082000;90,00;0,00;0,00;1,80;48,00;162,00;4320,00
Loja: 3 - NEWSHOP COMERCIO LTDA ( CD );Local: 20 - GALPÃO MIDI;17464;31061-60 CANETA MARCADORA 60 UN;UN;96082000;60,00;0,00;0,00;1,80;60,00;108,00;3600,00
Loja: 3 - NEWSHOP COMERCIO LTDA ( CD );Local: 20 - GALPÃO MIDI;17465;67572-36 CANETA MARCADORA 36;UN;96082000;120,00;0,00;0,00;9,04;54,00;1084,80;6480,00
Loja: 3 - NEWSHOP COMERCIO LTDA ( CD );Local: 20 - GALPÃO MIDI;17477;ACA15600 COLAR DE METAL12 PCS POR DUZIA;UN;71171900;12,00;0,00;0,00;3,53;19,00;42,36;228,00
Loja: 3 - NEWSHOP COMERCIO LTDA ( CD );Local: 20 - GALPÃO MIDI;17479;2024-99 BOLSA;UN;42029200;10,00;0,00;0,00;13,39;72,00;133,90;720,00
Loja: 3 - NEWSHOP COMERCIO LTDA ( CD );Local: 20 - GALPÃO MIDI;17484;C1507- MOCHILA;UN;42029200;5,00;0,00;0,00;4,65;121,50;23,25;607,50
Loja: 3 - NEWSHOP COMERCIO LTDA ( CD );Local: 20 - GALPÃO MIDI;17513;6622-10 BOLSA;UN;42029200;16,00;0,00;0,00;11,90;51,50;190,40;824,00
Loja: 3 - NEWSHOP COMERCIO LTDA ( CD );Local: 20 - GALPÃO MIDI;17520;6080-6 MOCHILA;UN;42029200;36,00;0,00;0,00;4,65;67,00;167,40;2412,00
Loja: 3 - NEWSHOP COMERCIO LTDA ( CD );Local: 20 - GALPÃO MIDI;17559;L8800-2 BOLSAS;UN;42022900;15,00;0,00;0,00;6,51;97,50;97,65;1462,50
Loja: 3 - NEWSHOP COMERCIO LTDA ( CD );Local: 20 - GALPÃO MIDI;17560;6622-10 BOLSA PRETA;UN;42029200;4,00;0,00;0,00;42,67;80,00;170,68;320,00
Loja: 3 - NEWSHOP COMERCIO LTDA ( CD );Local: 20 - GALPÃO MIDI;17563;YT882-1 BOLSAS;UN;42022900;15,00;0,00;0,00;4,65;101,00;69,75;1515,00
Loja: 3 - NEWSHOP COMERCIO LTDA ( CD );Local: 20 - GALPÃO MIDI;17565;9943-59 BOLSA;UN;42029200;11,00;0,00;0,00;0,00;70,50;0,00;775,50
Loja: 3 - NEWSHOP COMERCIO LTDA ( CD );Local: 20 - GALPÃO MIDI;17575;2087 BOLSA;UN;42029200;13,00;0,00;0,00;6,51;85,00;84,63;1105,00
Loja: 3 - NEWSHOP COMERCIO LTDA ( CD );Local: 20 - GALPÃO MIDI;17579;6617-1 BOLSA;UN;42029200;20,00;0,00;0,00;6,51;91,00;130,20;1820,00
Loja: 3 - NEWSHOP COMERCIO LTDA ( CD );Local: 20 - GALPÃO MIDI;17585;BM058 - DIFUSOR AROMATICO ULTRASSONICO COM LAMPADA LED - 130ML - (USB) -;UN;85098090;30,00;0,00;0,00;2,64;28,50;79,20;855,00
Loja: 3 - NEWSHOP COMERCIO LTDA ( CD );Local: 20 - GALPÃO MIDI;17592;2085 BOLSA;UN;42029200;19,00;0,00;0,00;4,65;70,50;88,35;1339,50
Loja: 3 - NEWSHOP COMERCIO LTDA ( CD );Local: 20 - GALPÃO MIDI;17593;6266 BOLSAS;UN;42022900;18,00;0,00;0,00;7,90;68,00;142,20;1224,00
Loja: 3 - NEWSHOP COMERCIO LTDA ( CD );Local: 20 - GALPÃO MIDI;17601;2084 BOLSA;UN;42029200;17,00;0,00;0,00;0,00;59,00;0,00;1003,00
Loja: 3 - NEWSHOP COMERCIO LTDA ( CD );Local: 20 - GALPÃO MIDI;17603;OIF-7403 JOELHEIRA ESPORTIVA DE COMPRESSAO;UN;95069900;10,00;0,00;0,00;0,00;15,50;0,00;155,00
Loja: 3 - NEWSHOP COMERCIO LTDA ( CD );Local: 20 - GALPÃO MIDI;17610;08826 BOLSA;UN;42029200;21,00;0,00;0,00;0,00;80,00;0,00;1680,00
Loja: 3 - NEWSHOP COMERCIO LTDA ( CD );Local: 20 - GALPÃO MIDI;17622;9928-1 BOLSAS;UN;42022900;21,00;0,00;0,00;0,00;81,50;0,00;1711,50
Loja: 3 - NEWSHOP COMERCIO LTDA ( CD );Local: 20 - GALPÃO MIDI;17715;883 CAIXA DE SOM ASTRONAUTA;UN;85182100;60,00;0,00;0,00;0,00;75,50;0,00;4530,00
Loja: 3 - NEWSHOP COMERCIO LTDA ( CD );Local: 20 - GALPÃO MIDI;17742;OIF 7630 POLTRONA INFLAVEL ESTILO PUFF;UN;94018000;16,00;0,00;0,00;0,00;117,00;0,00;1872,00
Loja: 3 - NEWSHOP COMERCIO LTDA ( CD );Local: 20 - GALPÃO MIDI;17744;OIH 2703 CONJUNTO DE UTENSILIOS;UN;82055100;75,00;0,00;0,00;2,76;20,00;207,00;1500,00
Loja: 3 - NEWSHOP COMERCIO LTDA ( CD );Local: 20 - GALPÃO MIDI;17762;A039-5 BOLSA;UN;42029200;16,00;0,00;0,00;0,00;80,00;0,00;1280,00
Loja: 3 - NEWSHOP COMERCIO LTDA ( CD );Local: 20 - GALPÃO MIDI;17764;3414ORGANIZADOR;UN;42029200;300,00;0,00;0,00;1,53;10,50;459,00;3150,00
Loja: 3 - NEWSHOP COMERCIO LTDA ( CD );Local: 20 - GALPÃO MIDI;17772;3423 ORGANIZADOR;UN;42029200;120,00;0,00;0,00;0,00;13,00;0,00;1560,00
Loja: 3 - NEWSHOP COMERCIO LTDA ( CD );Local: 20 - GALPÃO MIDI;17776;3422 ORGANIZADOR;UN;42029200;120,00;0,00;0,00;0,00;11,50;0,00;1380,00
Loja: 3 - NEWSHOP COMERCIO LTDA ( CD );Local: 20 - GALPÃO MIDI;17777;3420 ORGANIZADOR;UN;42029200;120,00;0,00;0,00;0,00;14,50;0,00;1740,00
Loja: 3 - NEWSHOP COMERCIO LTDA ( CD );Local: 20 - GALPÃO MIDI;17779;3417 ORGANIZADOR;UN;42029200;60,00;0,00;0,00;0,00;39,00;0,00;2340,00
Loja: 3 - NEWSHOP COMERCIO LTDA ( CD );Local: 20 - GALPÃO MIDI;17781;3419 ORGANIZADOR;UN;42029200;120,00;0,00;0,00;1,54;13,50;184,80;1620,00
Loja: 3 - NEWSHOP COMERCIO LTDA ( CD );Local: 20 - GALPÃO MIDI;17782;3415 ORGANIZADOR;UN;42029200;240,00;0,00;0,00;1,46;12,50;350,40;3000,00
Loja: 3 - NEWSHOP COMERCIO LTDA ( CD );Local: 20 - GALPÃO MIDI;17792;1779 KIT PRESENTE STICH;UN;42029900;60,00;0,00;0,00;0,00;55,00;0,00;3300,00
Loja: 3 - NEWSHOP COMERCIO LTDA ( CD );Local: 20 - GALPÃO MIDI;17795;BOM-5119 DISCO REBOLO DE DESBASTE - DIAMANTADO;UN;68042119;500,00;0,00;0,00;5,03;36,50;2515,00;18250,00
Loja: 3 - NEWSHOP COMERCIO LTDA ( CD );Local: 20 - GALPÃO MIDI;17801;BOM-1561 COLHER DE PEDREIRO - TAMANHO 7 POLEGADAS;UN;82055900;240,00;0,00;0,00;1,00;15,00;240,00;3600,00
Loja: 3 - NEWSHOP COMERCIO LTDA ( CD );Local: 20 - GALPÃO MIDI;17802;BOM-5120 DISCO REBOLO DE DESBASTE - DIAMANTADO;UN;68042119;40,00;0,00;0,00;0,00;41,50;0,00;1660,00
Loja: 3 - NEWSHOP COMERCIO LTDA ( CD );Local: 20 - GALPÃO MIDI;17811;G203-10 BOLSA;UN;42029200;16,00;0,00;0,00;0,00;73,50;0,00;1176,00
Loja: 3 - NEWSHOP COMERCIO LTDA ( CD );Local: 20 - GALPÃO MIDI;17821;BOM-1630 ALICATE DE PRESSAO 1M - 250MM;UN;82032010;79,00;0,00;0,00;5,97;25,00;471,63;1975,00
Loja: 3 - NEWSHOP COMERCIO LTDA ( CD );Local: 20 - GALPÃO MIDI;17871;A2037-2 BOLSA;UN;42029200;30,00;0,00;0,00;7,44;79,00;223,20;2370,00
Loja: 3 - NEWSHOP COMERCIO LTDA ( CD );Local: 20 - GALPÃO MIDI;17874;BOM-1617 ALICATE DE CORTE DIAGONAL 5;UN;82032010;2190,00;0,00;0,00;1,17;8,50;2562,30;18615,00
Loja: 3 - NEWSHOP COMERCIO LTDA ( CD );Local: 20 - GALPÃO MIDI;17906;BK6 BOLSA;UN;42029200;25,00;0,00;0,00;4,65;56,00;116,25;1400,00
Loja: 3 - NEWSHOP COMERCIO LTDA ( CD );Local: 20 - GALPÃO MIDI;17924;NFB-011-FONE DE OUVIDO SEM FIO;UN;85183000;50,00;0,00;0,00;5,25;63,00;262,50;3150,00
Loja: 3 - NEWSHOP COMERCIO LTDA ( CD );Local: 20 - GALPÃO MIDI;17933;SLK-D108 FACA PARA CACA E PESCA;UN;82119220;24,00;0,00;0,00;0,00;29,50;0,00;708,00
Loja: 3 - NEWSHOP COMERCIO LTDA ( CD );Local: 20 - GALPÃO MIDI;17949;AL2408 BOLSA;UN;42029200;15,00;0,00;0,00;14,88;80,00;223,20;1200,00
Loja: 3 - NEWSHOP COMERCIO LTDA ( CD );Local: 20 - GALPÃO MIDI;17953;NFN-054 FONE DE OUVIDO COM FIO;UN;85183000;100,00;0,00;0,00;0,00;9,00;0,00;900,00
Loja: 3 - NEWSHOP COMERCIO LTDA ( CD );Local: 20 - GALPÃO MIDI;17958;REF:NTD-095 LUMINARIA DE LED DE PAREDE COM SENSOR DE PRESENCA;UN;94051190;144,00;0,00;0,00;1,00;22,50;144,00;3240,00
Loja: 3 - NEWSHOP COMERCIO LTDA ( CD );Local: 20 - GALPÃO MIDI;17965;88-4 BOLSA;UN;42029200;7,00;0,00;0,00;0,00;78,50;0,00;549,50
Loja: 3 - NEWSHOP COMERCIO LTDA ( CD );Local: 20 - GALPÃO MIDI;17996;LE-0203 FONE DE OUVIDO;UN;85183000;40,00;0,00;0,00;1,00;7,00;40,00;280,00
Loja: 3 - NEWSHOP COMERCIO LTDA ( CD );Local: 20 - GALPÃO MIDI;18011;1811 PULSEIRA 2 UN;UN;91139000;147,00;0,00;0,00;1,91;15,00;280,77;2205,00
Loja: 3 - NEWSHOP COMERCIO LTDA ( CD );Local: 20 - GALPÃO MIDI;18020;BM-P1862 GARRAFA TERMICA DE INOX (SEM VIDRO INTERNO) - CAPACIDADE: 350ML;UN;96170010;90,00;0,00;0,00;4,56;48,50;410,40;4365,00
Loja: 3 - NEWSHOP COMERCIO LTDA ( CD );Local: 20 - GALPÃO MIDI;18030;1830 356-520 PULSEIRA 2 UN;UN;91139000;27,00;0,00;0,00;0,00;24,00;0,00;648,00
Loja: 3 - NEWSHOP COMERCIO LTDA ( CD );Local: 20 - GALPÃO MIDI;18036;8867-11 BOLSA;UN;42029200;21,00;0,00;0,00;4,65;83,00;97,65;1743,00
Loja: 3 - NEWSHOP COMERCIO LTDA ( CD );Local: 20 - GALPÃO MIDI;18041;BOM-1341 FITA ADESIVA (ROLO) MATERIAL:65%;UN;39191020;100,00;0,00;0,00;2,15;13,00;215,00;1300,00
Loja: 3 - NEWSHOP COMERCIO LTDA ( CD );Local: 20 - GALPÃO MIDI;18048;88-2 MOCHILA;UN;42029200;20,00;0,00;0,00;4,65;78,50;93,00;1570,00
Loja: 3 - NEWSHOP COMERCIO LTDA ( CD );Local: 20 - GALPÃO MIDI;18059;6796 BOLSA;UN;42029200;5,00;0,00;0,00;0,00;90,00;0,00;450,00
Loja: 3 - NEWSHOP COMERCIO LTDA ( CD );Local: 20 - GALPÃO MIDI;18063;BOM-1541 MACACO HIDRAULICO MANUAL - MAXIMO 2T;UN;84254200;3,00;0,00;0,00;71,89;208,00;215,67;624,00
Loja: 3 - NEWSHOP COMERCIO LTDA ( CD );Local: 20 - GALPÃO MIDI;18068;XY-1016 BOLSA;UN;42029200;20,00;0,00;0,00;4,65;86,50;93,00;1730,00
Loja: 3 - NEWSHOP COMERCIO LTDA ( CD );Local: 20 - GALPÃO MIDI;18070;6900 BOLSA;UN;42029200;24,00;0,00;0,00;4,65;67,00;111,60;1608,00
Loja: 3 - NEWSHOP COMERCIO LTDA ( CD );Local: 20 - GALPÃO MIDI;18074;46035 NEBULIZADOR;UN;90192020;60,00;0,00;0,00;4,65;40,00;279,00;2400,00
Loja: 3 - NEWSHOP COMERCIO LTDA ( CD );Local: 20 - GALPÃO MIDI;18075;065-32 BOLSA;UN;42029200;21,00;0,00;0,00;4,65;89,50;97,65;1879,50
Loja: 3 - NEWSHOP COMERCIO LTDA ( CD );Local: 20 - GALPÃO MIDI;18076;KM1475 BOLSA;UN;42029200;9,00;0,00;0,00;0,00;64,00;0,00;576,00
Loja: 3 - NEWSHOP COMERCIO LTDA ( CD );Local: 20 - GALPÃO MIDI;18079;KM6827 BOLSA;UN;42029200;13,00;0,00;0,00;4,65;67,00;60,45;871,00
Loja: 3 - NEWSHOP COMERCIO LTDA ( CD );Local: 20 - GALPÃO MIDI;18083;6080-3 BOLSA;UN;42029200;36,00;0,00;0,00;4,65;73,50;167,40;2646,00
Loja: 3 - NEWSHOP COMERCIO LTDA ( CD );Local: 20 - GALPÃO MIDI;18088;5070 BOLSA;UN;42029200;21,00;0,00;0,00;4,65;75,00;97,65;1575,00
Loja: 3 - NEWSHOP COMERCIO LTDA ( CD );Local: 20 - GALPÃO MIDI;18093;HFS-A-1 BOLSA;UN;42029200;8,00;0,00;0,00;0,00;85,00;0,00;680,00
Loja: 3 - NEWSHOP COMERCIO LTDA ( CD );Local: 20 - GALPÃO MIDI;18094;8894 BOLSA;UN;42029200;6,00;0,00;0,00;0,00;62,50;0,00;375,00
Loja: 3 - NEWSHOP COMERCIO LTDA ( CD );Local: 20 - GALPÃO MIDI;18095;KM6880 BOLSA;UN;42029200;15,00;0,00;0,00;0,00;67,00;0,00;1005,00
Loja: 3 - NEWSHOP COMERCIO LTDA ( CD );Local: 20 - GALPÃO MIDI;18096;6712 MOCHILA;UN;42029200;24,00;0,00;0,00;1,00;65,50;24,00;1572,00
Loja: 3 - NEWSHOP COMERCIO LTDA ( CD );Local: 20 - GALPÃO MIDI;18101;6879 MOCHILA;UN;42022900;24,00;0,00;0,00;4,65;67,00;111,60;1608,00
Loja: 3 - NEWSHOP COMERCIO LTDA ( CD );Local: 20 - GALPÃO MIDI;18103;1621 MOCHILA;UN;42029200;18,00;0,00;0,00;0,00;67,00;0,00;1206,00
Loja: 3 - NEWSHOP COMERCIO LTDA ( CD );Local: 20 - GALPÃO MIDI;18109;6877 MOCHILA;UN;42022900;24,00;0,00;0,00;4,65;69,00;111,60;1656,00
Loja: 3 - NEWSHOP COMERCIO LTDA ( CD );Local: 20 - GALPÃO MIDI;18110;KM6924 MOCHILA;UN;42022900;24,00;0,00;0,00;4,65;65,50;111,60;1572,00
Loja: 3 - NEWSHOP COMERCIO LTDA ( CD );Local: 20 - GALPÃO MIDI;18111;KM1312 MOCHILA;UN;42029200;24,00;0,00;0,00;11,90;64,00;285,60;1536,00
Loja: 3 - NEWSHOP COMERCIO LTDA ( CD );Local: 20 - GALPÃO MIDI;18113;KM6851 MOCHILA;UN;42029200;24,00;0,00;0,00;4,65;61,00;111,60;1464,00
Loja: 3 - NEWSHOP COMERCIO LTDA ( CD );Local: 20 - GALPÃO MIDI;18114;OIH-6250 RELOGIO DIGITAL;UN;91039000;50,00;0,00;0,00;1,00;30,00;50,00;1500,00
Loja: 3 - NEWSHOP COMERCIO LTDA ( CD );Local: 20 - GALPÃO MIDI;18117;2058 BOLSA;UN;42022900;24,00;0,00;0,00;4,65;67,00;111,60;1608,00
Loja: 3 - NEWSHOP COMERCIO LTDA ( CD );Local: 20 - GALPÃO MIDI;18118;KM6897 MOCHILA;UN;42029200;24,00;0,00;0,00;4,65;72,00;111,60;1728,00
Loja: 3 - NEWSHOP COMERCIO LTDA ( CD );Local: 20 - GALPÃO MIDI;18131;8075-1 MOCHILA;UN;42029200;36,00;0,00;0,00;4,65;72,00;167,40;2592,00
Loja: 3 - NEWSHOP COMERCIO LTDA ( CD );Local: 20 - GALPÃO MIDI;18137;H2613 BOLSA;UN;42029200;15,00;0,00;0,00;35,73;83,00;535,95;1245,00
Loja: 3 - NEWSHOP COMERCIO LTDA ( CD );Local: 20 - GALPÃO MIDI;18145;KM1430 MOCHILA;UN;42022900;24,00;0,00;0,00;4,65;64,00;111,60;1536,00
Loja: 3 - NEWSHOP COMERCIO LTDA ( CD );Local: 20 - GALPÃO MIDI;18147;KM1446 MOCHILA;UN;42022900;2,00;0,00;0,00;12,83;69,00;25,66;138,00
Loja: 3 - NEWSHOP COMERCIO LTDA ( CD );Local: 20 - GALPÃO MIDI;18148;6080-1 MOCHILA;UN;42022900;16,00;0,00;0,00;13,67;73,50;218,72;1176,00
Loja: 3 - NEWSHOP COMERCIO LTDA ( CD );Local: 20 - GALPÃO MIDI;18149;XL-HY-06 MOCHILA;UN;42022900;54,00;0,00;0,00;4,65;47,00;251,10;2538,00
Loja: 3 - NEWSHOP COMERCIO LTDA ( CD );Local: 20 - GALPÃO MIDI;18151;6080-5 MOCHILA;UN;42022900;36,00;0,00;0,00;73,50;73,50;2646,00;2646,00
Loja: 3 - NEWSHOP COMERCIO LTDA ( CD );Local: 20 - GALPÃO MIDI;18152;KL-L-24 MOCHILA;UN;42022900;36,00;0,00;0,00;4,65;37,00;167,40;1332,00
Loja: 3 - NEWSHOP COMERCIO LTDA ( CD );Local: 20 - GALPÃO MIDI;18153;KM1426 MOCHILA;UN;42022900;24,00;0,00;0,00;4,65;64,00;111,60;1536,00
Loja: 3 - NEWSHOP COMERCIO LTDA ( CD );Local: 20 - GALPÃO MIDI;18154;KM6731 MOCHILA;UN;42022900;24,00;0,00;0,00;0,00;72,00;0,00;1728,00
Loja: 3 - NEWSHOP COMERCIO LTDA ( CD );Local: 20 - GALPÃO MIDI;18155;6898 MOCHILA;UN;42022900;24,00;0,00;0,00;13,39;72,00;321,36;1728,00
Loja: 3 - NEWSHOP COMERCIO LTDA ( CD );Local: 20 - GALPÃO MIDI;18156;KM1469 MOCHILA;UN;42022900;24,00;0,00;0,00;4,65;59,00;111,60;1416,00
Loja: 3 - NEWSHOP COMERCIO LTDA ( CD );Local: 20 - GALPÃO MIDI;18158;XL-2548 MOCHILA;UN;42022900;21,00;0,00;0,00;4,65;45,00;97,65;945,00
Loja: 3 - NEWSHOP COMERCIO LTDA ( CD );Local: 20 - GALPÃO MIDI;18159;A2038-3BOLSA;UN;42022900;1,00;0,00;0,00;4,65;69,00;4,65;69,00
Loja: 3 - NEWSHOP COMERCIO LTDA ( CD );Local: 20 - GALPÃO MIDI;18160;519-1 BOLSA;UN;42022900;22,00;0,00;0,00;0,60;83,00;13,20;1826,00
Loja: 3 - NEWSHOP COMERCIO LTDA ( CD );Local: 20 - GALPÃO MIDI;18161;2861-3 BOLSA;UN;42022900;18,00;0,00;0,00;4,65;81,50;83,70;1467,00
Loja: 3 - NEWSHOP COMERCIO LTDA ( CD );Local: 20 - GALPÃO MIDI;18162;8075-2 MOCHILA;UN;42022900;36,00;0,00;0,00;4,65;72,00;167,40;2592,00
Loja: 3 - NEWSHOP COMERCIO LTDA ( CD );Local: 20 - GALPÃO MIDI;18163;6905 BOLSA;UN;42022900;23,00;0,00;0,00;4,65;69,00;106,95;1587,00
Loja: 3 - NEWSHOP COMERCIO LTDA ( CD );Local: 20 - GALPÃO MIDI;18164;KM1390 MOCHILA;UN;42022900;24,00;0,00;0,00;4,65;73,50;111,60;1764,00
Loja: 3 - NEWSHOP COMERCIO LTDA ( CD );Local: 20 - GALPÃO MIDI;18170;L20-6 MOCHILA;UN;42022900;12,00;0,00;0,00;4,65;77,00;55,80;924,00
Loja: 3 - NEWSHOP COMERCIO LTDA ( CD );Local: 20 - GALPÃO MIDI;18172;KM1473 MOCHILA;UN;42029200;24,00;0,00;0,00;11,90;62,50;285,60;1500,00
Loja: 3 - NEWSHOP COMERCIO LTDA ( CD );Local: 20 - GALPÃO MIDI;18174;XL-2547 BOLSA;UN;42029200;10,00;0,00;0,00;0,00;40,00;0,00;400,00
Loja: 3 - NEWSHOP COMERCIO LTDA ( CD );Local: 20 - GALPÃO MIDI;18175;MSE-2900B ESCOVA SECADORA) COR: DOURADOR VINHO - 220V 1000 W 60 HZ;UN;85163100;10,00;0,00;0,00;29,33;121,00;293,30;1210,00
Loja: 3 - NEWSHOP COMERCIO LTDA ( CD );Local: 20 - GALPÃO MIDI;18178;XL-HY-03 MOCHILA;UN;42022900;54,00;0,00;0,00;4,65;47,00;251,10;2538,00
Loja: 3 - NEWSHOP COMERCIO LTDA ( CD );Local: 20 - GALPÃO MIDI;18186;XL-L-29 MOCHILA;UN;42022900;36,00;0,00;0,00;19,73;37,00;710,28;1332,00
Loja: 3 - NEWSHOP COMERCIO LTDA ( CD );Local: 20 - GALPÃO MIDI;18190;XL-2546 MOCHILA;UN;42029200;17,00;0,00;0,00;4,65;40,00;79,05;680,00
Loja: 3 - NEWSHOP COMERCIO LTDA ( CD );Local: 20 - GALPÃO MIDI;18191;XL-2545 BOLSA;UN;42029200;9,00;0,00;0,00;0,00;40,00;0,00;360,00
Loja: 3 - NEWSHOP COMERCIO LTDA ( CD );Local: 20 - GALPÃO MIDI;18193;18193 MALA DE VIAGEM ELÉTRICA INTELIGENTE PATINETE;UN;42021210;1,00;0,00;0,00;143,78;999,00;143,78;999,00
Loja: 3 - NEWSHOP COMERCIO LTDA ( CD );Local: 20 - GALPÃO MIDI;18207;AS2378 G - POTE HERMÉTICO 2100ML;UN;39241000;37,00;0,00;0,00;0,00;25,00;0,00;925,00
Loja: 3 - NEWSHOP COMERCIO LTDA ( CD );Local: 20 - GALPÃO MIDI;18230;2080 BOLSA;UN;42029200;39,00;0,00;0,00;4,65;70,50;181,35;2749,50
Loja: 3 - NEWSHOP COMERCIO LTDA ( CD );Local: 20 - GALPÃO MIDI;18232;920-13 BOLSA;UN;42029200;19,00;0,00;0,00;4,65;80,00;88,35;1520,00
Loja: 3 - NEWSHOP COMERCIO LTDA ( CD );Local: 20 - GALPÃO MIDI;18247;1529 BRINQUEDO;UN;95030080;6,00;0,00;0,00;3,49;25,00;20,94;150,00
Loja: 3 - NEWSHOP COMERCIO LTDA ( CD );Local: 20 - GALPÃO MIDI;18260;2024-97 MOCHILA;UN;42029200;13,00;0,00;0,00;4,65;72,00;60,45;936,00
Loja: 3 - NEWSHOP COMERCIO LTDA ( CD );Local: 20 - GALPÃO MIDI;18262;XL-2542 BOLSA;UN;42029200;36,00;0,00;0,00;4,65;45,00;167,40;1620,00
Loja: 3 - NEWSHOP COMERCIO LTDA ( CD );Local: 20 - GALPÃO MIDI;18267;38363 CELULAR INFANTIL;UN;85258929;60,00;0,00;0,00;10,00;180,00;600,00;10800,00
Loja: 3 - NEWSHOP COMERCIO LTDA ( CD );Local: 20 - GALPÃO MIDI;18288;OI-3002 SUPORTE DE METAL COMUM PARA USO DOMESTICO COM 24 PECAS;UN;73239900;1,00;0,00;0,00;0,00;38,00;0,00;38,00
Loja: 3 - NEWSHOP COMERCIO LTDA ( CD );Local: 20 - GALPÃO MIDI;18290;OIH-5301 PISTOLA DE MASSAGEM;UN;90191000;20,00;0,00;0,00;0,00;65,60;0,00;1312,00
Loja: 3 - NEWSHOP COMERCIO LTDA ( CD );Local: 20 - GALPÃO MIDI;18322;BOM-5030 CONJUNTO DE BROCAS PARA METAL;UN;82071910;152,00;0,00;0,00;0,00;15,00;0,00;2280,00
Loja: 3 - NEWSHOP COMERCIO LTDA ( CD );Local: 20 - GALPÃO MIDI;18323;BOM-7713 BOLSA DE CINTURA PARA ACONDICIONAR FERRAMENTAS;UN;42022220;10,00;0,00;0,00;0,00;67,00;0,00;670,00
Loja: 3 - NEWSHOP COMERCIO LTDA ( CD );Local: 20 - GALPÃO MIDI;18336;BOM-5021 CONJ DE 3 BROCAS ESCALONADAS;UN;82071910;120,00;0,00;0,00;4,08;32,00;489,60;3840,00
Loja: 3 - NEWSHOP COMERCIO LTDA ( CD );Local: 20 - GALPÃO MIDI;18354;BOM-7714 MOCHILA CINTURA PARA ACONDICIONAR FERRAMENTAS;UN;42029200;4,00;0,00;0,00;17,07;134,00;68,28;536,00
Loja: 3 - NEWSHOP COMERCIO LTDA ( CD );Local: 20 - GALPÃO MIDI;18356;"BOM-1641 ALICATE DE BICO ""MEIA-CANA"" CURVO ISOLADO";UN;82032010;26,00;0,00;0,00;0,00;21,50;0,00;559,00
Loja: 3 - NEWSHOP COMERCIO LTDA ( CD );Local: 20 - GALPÃO MIDI;18357;"BOM-1645 ALICATE UNIVERSAL ""MEIA CANA"" CURVO ISOLADO";UN;82032010;54,00;0,00;0,00;4,09;25,00;220,86;1350,00
Loja: 3 - NEWSHOP COMERCIO LTDA ( CD );Local: 20 - GALPÃO MIDI;18367;K906 BOLSA FEMININA;UN;42022210;234,00;0,00;0,00;7,00;99,00;1638,00;23166,00
Loja: 3 - NEWSHOP COMERCIO LTDA ( CD );Local: 20 - GALPÃO MIDI;18390;NFN-303 FONE DE OUVIDO BLUETOOTH;UN;85183000;21,00;0,00;0,00;0,00;58,00;0,00;1218,00
Loja: 3 - NEWSHOP COMERCIO LTDA ( CD );Local: 20 - GALPÃO MIDI;18403;NFB-112 FONE DE OUVIDO SEM FIO;UN;85183000;130,00;0,00;0,00;2,02;49,00;262,60;6370,00
Loja: 3 - NEWSHOP COMERCIO LTDA ( CD );Local: 20 - GALPÃO MIDI;18406;NFN-304 - FONE DE OUVIDO BLUETOOTH;UN;85183000;90,00;0,00;0,00;4,05;49,00;364,50;4410,00
Loja: 3 - NEWSHOP COMERCIO LTDA ( CD );Local: 20 - GALPÃO MIDI;18414;NMI-01 MICROFONE SEM FIO USB - 2 UNIDADES;UN;85181090;943,00;0,00;0,00;8,10;97,00;7638,30;91471,00
Loja: 3 - NEWSHOP COMERCIO LTDA ( CD );Local: 20 - GALPÃO MIDI;18420;NEW-501 - ASPIRADOR DE PO PORTATIL AUTOMOTIVO RECARREGAVEL USB;UN;85086000;40,00;0,00;0,00;0,00;27,00;0,00;1080,00
Loja: 3 - NEWSHOP COMERCIO LTDA ( CD );Local: 20 - GALPÃO MIDI;18421;SEL-2513-TRIPE DE SELFIE PARA CELULAR;UN;96200000;10,00;0,00;0,00;4,05;49,00;40,50;490,00
Loja: 3 - NEWSHOP COMERCIO LTDA ( CD );Local: 20 - GALPÃO MIDI;18423;NEW-702-UMIDIFICADOR DE AR PORTATIL USB;UN;85098090;82,00;0,00;0,00;0,00;26,00;0,00;2132,00
Loja: 3 - NEWSHOP COMERCIO LTDA ( CD );Local: 20 - GALPÃO MIDI;18426;NFB-128-FONE DE OUVIDO SEM FIO;UN;85183000;50,00;0,00;0,00;2,25;27,00;112,50;1350,00
Loja: 3 - NEWSHOP COMERCIO LTDA ( CD );Local: 20 - GALPÃO MIDI;18429;REF. AC-32 ORGANIZADORA MULTIUSO METAL (FERRO);UN;73239900;50,00;0,00;0,00;1,50;18,00;75,00;900,00
Loja: 3 - NEWSHOP COMERCIO LTDA ( CD );Local: 20 - GALPÃO MIDI;18431;SOM-521 MINI RADIO FM PORTATIL COM ALCA /LED RGB;UN;85271300;65,00;0,00;0,00;2,84;36,00;184,60;2340,00
Loja: 3 - NEWSHOP COMERCIO LTDA ( CD );Local: 20 - GALPÃO MIDI;18432;REF: NEW-270 APARADOR DE PELOS DO NARIZ E ORELHA RECARREGAVEL;UN;85103000;23,00;0,00;0,00;3,45;41,00;79,35;943,00
Loja: 3 - NEWSHOP COMERCIO LTDA ( CD );Local: 20 - GALPÃO MIDI;18436;NCB-9001-CONTROLE REMOTO UNIVERSAL PARA PORTAO;UN;85269200;250,00;0,00;0,00;1,35;16,00;337,50;4000,00
Loja: 3 - NEWSHOP COMERCIO LTDA ( CD );Local: 20 - GALPÃO MIDI;18440;REF. NCB-308 CABO CONECTOR TIPO C;UN;85444200;195,00;0,00;0,00;2,40;16,00;468,00;3120,00
Loja: 3 - NEWSHOP COMERCIO LTDA ( CD );Local: 20 - GALPÃO MIDI;18444;MM-2 CADERNO DE INFANTIL;UN;48202000;1000,00;0,00;0,00;1,50;7,90;1500,00;7900,00
Loja: 3 - NEWSHOP COMERCIO LTDA ( CD );Local: 20 - GALPÃO MIDI;18449;NCA-102V CARREGADOR USB PARA CELULAR;UN;85044010;200,00;0,00;0,00;1,75;21,00;350,00;4200,00
Loja: 3 - NEWSHOP COMERCIO LTDA ( CD );Local: 20 - GALPÃO MIDI;18454;NCB-9004-CONTROLE REMOTO UNIVERSAL PARA PORTAO;UN;85269200;250,00;0,00;0,00;1,35;16,00;337,50;4000,00
Loja: 3 - NEWSHOP COMERCIO LTDA ( CD );Local: 20 - GALPÃO MIDI;18455;NCB-6123-CABO ADAPTADOR TIPO-C;UN;85444200;100,00;0,00;0,00;0,64;8,00;64,00;800,00
Loja: 3 - NEWSHOP COMERCIO LTDA ( CD );Local: 20 - GALPÃO MIDI;18457;NCB-6023-CABO ADAPTADOR P2;UN;85444200;100,00;0,00;0,00;0,75;9,00;75,00;900,00
Loja: 3 - NEWSHOP COMERCIO LTDA ( CD );Local: 20 - GALPÃO MIDI;18461;REF:NCA-001S - CARREGADOR DE CELULAR IOS;UN;85044010;38,00;0,00;0,00;0,00;23,00;0,00;874,00
Loja: 3 - NEWSHOP COMERCIO LTDA ( CD );Local: 20 - GALPÃO MIDI;18463;S-004-JOGO DE DOMINO COM 28 PECAS;UN;95049090;70,00;0,00;0,00;1,50;18,00;105,00;1260,00
Loja: 3 - NEWSHOP COMERCIO LTDA ( CD );Local: 20 - GALPÃO MIDI;18467;NCB-4253-CABO ADAPTADOR DE AUDIO E VIDEO;UN;85444200;200,00;0,00;0,00;0,27;3,00;54,00;600,00
Loja: 3 - NEWSHOP COMERCIO LTDA ( CD );Local: 20 - GALPÃO MIDI;18495;AKL-L001 LUMINARIA DE MESA (LED)5V/03A POTENCIA: 1W BATERIA: 1200MAH;UN;94052100;30,00;0,00;0,00;6,15;39,00;184,50;1170,00
Loja: 3 - NEWSHOP COMERCIO LTDA ( CD );Local: 20 - GALPÃO MIDI;18499;YK-001 CADERNO BOBBIE GOODS;UN;48202000;4760,00;0,00;0,00;1,20;5,90;5712,00;28084,00
Loja: 3 - NEWSHOP COMERCIO LTDA ( CD );Local: 20 - GALPÃO MIDI;18507;OI-0594 - CONJUNTO 4 PECAS 1 DISPENSER PARA SABAO LIQUIDO 2 PORTA ESCOVA;UN;39249000;30,00;0,00;0,00;4,99;47,00;149,70;1410,00
Loja: 3 - NEWSHOP COMERCIO LTDA ( CD );Local: 20 - GALPÃO MIDI;18512;OI-0328 - PORTA COPO DE PLASTICO PARA COZINHA;UN;39241000;198,00;0,00;0,00;1,39;8,00;275,22;1584,00
Loja: 3 - NEWSHOP COMERCIO LTDA ( CD );Local: 20 - GALPÃO MIDI;18513;OI-0137 - SUPORTE DE METAL COMUM PARA COZINHA;UN;73239900;85,00;0,00;0,00;5,30;17,00;450,50;1445,00
Loja: 3 - NEWSHOP COMERCIO LTDA ( CD );Local: 20 - GALPÃO MIDI;18521;OI-0001 - ORGANIZADOR PARA USO DOMESTICO DOBRAVEL DE METAL COMUM;UN;73239900;62,00;0,00;0,00;18,96;66,50;1175,52;4123,00
Loja: 3 - NEWSHOP COMERCIO LTDA ( CD );Local: 20 - GALPÃO MIDI;18522;OI-0165 - FORMA DE GELO DE PLASTICO PARA COZINHA;UN;39241000;354,00;0,00;0,00;0,98;6,00;346,92;2124,00
Loja: 3 - NEWSHOP COMERCIO LTDA ( CD );Local: 20 - GALPÃO MIDI;18524;LXB2506002 CHAVEIRO DE PVC POLIESTER;UN;39269090;120,00;0,00;0,00;13,81;99,00;1657,20;11880,00
Loja: 3 - NEWSHOP COMERCIO LTDA ( CD );Local: 20 - GALPÃO MIDI;18525;OI-0430 - FERRAMENTA MANUAL DE USO DOMESTICO AMASSADOR DE BATATAS;UN;82055100;6,00;0,00;0,00;0,99;6,50;5,94;39,00
Loja: 3 - NEWSHOP COMERCIO LTDA ( CD );Local: 20 - GALPÃO MIDI;18534;OI-0149 - GANCHO COMUM PARA USO DOMESTICO;UN;73239900;687,00;0,00;0,00;0,89;6,50;611,43;4465,50
Loja: 3 - NEWSHOP COMERCIO LTDA ( CD );Local: 20 - GALPÃO MIDI;18562;MBE-F12 - BICICLETA ELETRICA COM CORPO EM ACO RECARREGAVEL;UN;87116000;1,00;0,00;0,00;0,00;5799,00;0,00;5799,00
Loja: 3 - NEWSHOP COMERCIO LTDA ( CD );Local: 20 - GALPÃO MIDI;18572;MPE-08530 - PATINETE ELETRICO RECARREGAVEL;UN;87116000;3,00;0,00;0,00;537,29;2499,00;1611,87;7497,00
Loja: 3 - NEWSHOP COMERCIO LTDA ( CD );Local: 20 - GALPÃO MIDI;18580;MPE-1030 - PATINETE ELETRICO SCOOTER DOBRAVEL CORPO EM ACO RECARREGAVEL;UN;87116000;2,00;0,00;0,00;1,00;2999,00;2,00;5998,00
Loja: 3 - NEWSHOP COMERCIO LTDA ( CD );Local: 20 - GALPÃO MIDI;18583;MPE-2040 - PATINETE ELETRICO RECARREGAVEL;UN;87116000;1,00;0,00;0,00;740,05;4450,00;740,05;4450,00
Loja: 3 - NEWSHOP COMERCIO LTDA ( CD );Local: 20 - GALPÃO MIDI;18644;XJ-PZ0090 RELOGIO;UN;91061000;183,00;0,00;0,00;2,15;25,00;393,45;4575,00
Loja: 3 - NEWSHOP COMERCIO LTDA ( CD );Local: 20 - GALPÃO MIDI;18646;XJ-PZ0003 RELOGIO;UN;91061000;145,00;0,00;0,00;2,31;29,00;334,95;4205,00
Loja: 3 - NEWSHOP COMERCIO LTDA ( CD );Local: 20 - GALPÃO MIDI;18673;LH-050 ISQUEIRO ELETRICO RECARREGAVEL;UN;96138000;180,00;0,00;0,00;2,72;19,50;489,60;3510,00
Loja: 3 - NEWSHOP COMERCIO LTDA ( CD );Local: 20 - GALPÃO MIDI;18678;LK-8137 PORTA AZEITE COM INFUSOR DE ERVAS ESPECIARIAS 500ML;UN;39233090;45,00;0,00;0,00;0,00;10,50;0,00;472,50
Loja: 3 - NEWSHOP COMERCIO LTDA ( CD );Local: 20 - GALPÃO MIDI;18682;LMF-MZ27 ORGANIZADOR PLASTICO MULTIFUNCIONAL GIRATORIO;UN;39269090;84,00;0,00;0,00;5,86;39,00;492,24;3276,00
Loja: 3 - NEWSHOP COMERCIO LTDA ( CD );Local: 20 - GALPÃO MIDI;18684;MAD-052A COOLER BOLSA ISOLANTE COM A FUNCAO DE MANTER A TEMP INTERNA;UN;42029200;80,00;0,00;0,00;3,60;18,50;288,00;1480,00
Loja: 3 - NEWSHOP COMERCIO LTDA ( CD );Local: 20 - GALPÃO MIDI;18688;LMF-MZ56 PORTA JOIAS;UN;42029200;326,00;0,00;0,00;0,00;18,00;0,00;5868,00
Loja: 3 - NEWSHOP COMERCIO LTDA ( CD );Local: 20 - GALPÃO MIDI;18693;LH-061 ISQUEIRO ELETRICO RECARREGAVEL;UN;96138000;200,00;0,00;0,00;1,77;9,00;354,00;1800,00
Loja: 3 - NEWSHOP COMERCIO LTDA ( CD );Local: 20 - GALPÃO MIDI;18695;LK-106 LUPA AMPLIFICADORA DE USO MANUAL;UN;90138000;70,00;0,00;0,00;0,00;15,50;0,00;1085,00
Loja: 3 - NEWSHOP COMERCIO LTDA ( CD );Local: 20 - GALPÃO MIDI;18696;LK-8132 FRASCO DE AZEITE;UN;39233090;62,00;0,00;0,00;3,89;12,90;241,18;799,80
Loja: 3 - NEWSHOP COMERCIO LTDA ( CD );Local: 20 - GALPÃO MIDI;18698;LK-8133 FRASCO DE AZEITE;UN;39233090;72,00;0,00;0,00;3,79;14,90;272,88;1072,80
Loja: 3 - NEWSHOP COMERCIO LTDA ( CD );Local: 20 - GALPÃO MIDI;18701;LK-8134 FRASCO DE AZEITE;UN;39233090;120,00;0,00;0,00;4,54;15,90;544,80;1908,00
Loja: 3 - NEWSHOP COMERCIO LTDA ( CD );Local: 20 - GALPÃO MIDI;18716;04158263 CINTO FEMININO DE STRASS COM FIVELA DUPLO CORAÇÃO - STRASS;UN;83089090;24,00;0,00;0,00;21,00;21,00;504,00;504,00
Loja: 3 - NEWSHOP COMERCIO LTDA ( CD );Local: 20 - GALPÃO MIDI;18722;BS550-5 SAPATO CROC;UN;64039990;36,00;0,00;0,00;9,30;110,00;334,80;3960,00
Loja: 3 - NEWSHOP COMERCIO LTDA ( CD );Local: 20 - GALPÃO MIDI;18739;BS8017  SAPATO CROCS;UN;64039990;34,00;0,00;0,00;0,00;48,00;0,00;1632,00
Loja: 3 - NEWSHOP COMERCIO LTDA ( CD );Local: 20 - GALPÃO MIDI;18744;BS374-2 SAPATO CROC;UN;64039990;50,00;0,00;0,00;9,30;110,00;465,00;5500,00
Loja: 3 - NEWSHOP COMERCIO LTDA ( CD );Local: 20 - GALPÃO MIDI;18746;BS016-1 SAPATO CROC;UN;64039990;50,00;0,00;0,00;9,30;55,00;465,00;2750,00
Loja: 3 - NEWSHOP COMERCIO LTDA ( CD );Local: 20 - GALPÃO MIDI;18749;BOM-7616 MANGUEIRA DE JARDIM FLEXIVEL - FEITO DE PLASTICO;UN;39173900;4,00;0,00;0,00;13,39;100,00;53,56;400,00
Loja: 3 - NEWSHOP COMERCIO LTDA ( CD );Local: 20 - GALPÃO MIDI;18768;BOM-9622 LIXADEIRA PARA PAREDE E TETO 750W 220V;UN;84672999;8,00;0,00;0,00;0,00;431,00;0,00;3448,00
Loja: 3 - NEWSHOP COMERCIO LTDA ( CD );Local: 20 - GALPÃO MIDI;18778;1878 MINI PORTA JOIA DE BOLSA;UN;85437099;3600,00;0,00;0,00;0,74;13,00;2664,00;46800,00
Loja: 3 - NEWSHOP COMERCIO LTDA ( CD );Local: 20 - GALPÃO MIDI;18780;BOM-5008 CONJ DE BROCAS COM 16PCS;UN;82059000;90,00;0,00;0,00;1,00;21,50;90,00;1935,00
Loja: 3 - NEWSHOP COMERCIO LTDA ( CD );Local: 20 - GALPÃO MIDI;18787;BOM-3916 CAIXA DE FERRAMENTAS CONTENDO 148 PC;UN;82059000;15,00;0,00;0,00;24,17;139,00;362,55;2085,00
Loja: 3 - NEWSHOP COMERCIO LTDA ( CD );Local: 20 - GALPÃO MIDI;18798;JPH28324 PULSEIRA DE METAL 12 CTL POR DUZIA;UN;71179000;22,00;0,00;0,00;0,00;19,00;0,00;418,00
Loja: 3 - NEWSHOP COMERCIO LTDA ( CD );Local: 20 - GALPÃO MIDI;18806;APB27155 PULSEIRA DE METAL 12 PCS POR DUZIA;UN;71171900;22,00;0,00;0,00;0,00;21,50;0,00;473,00
Loja: 3 - NEWSHOP COMERCIO LTDA ( CD );Local: 20 - GALPÃO MIDI;18807;APB29162 PULSEIRA DE METAL 12 PCS POR DUZIA;UN;71171900;22,00;0,00;0,00;0,00;26,50;0,00;583,00
Loja: 3 - NEWSHOP COMERCIO LTDA ( CD );Local: 20 - GALPÃO MIDI;18813;APCB76006 PULSEIRA DE METAL 12 CTL POR DUZIA;UN;71179000;66,00;0,00;0,00;0,60;29,00;39,60;1914,00
Loja: 3 - NEWSHOP COMERCIO LTDA ( CD );Local: 20 - GALPÃO MIDI;18817;APCD33502 PULSEIRA DE METAL 12 CTL POR DUZIA;UN;71179000;44,00;0,00;0,00;0,00;20,00;0,00;880,00
Loja: 3 - NEWSHOP COMERCIO LTDA ( CD );Local: 20 - GALPÃO MIDI;18819;APEB56505 PULSEIRA DE METAL 12 CTL POR DUZIA;UN;71179000;33,00;0,00;0,00;0,60;30,50;19,80;1006,50
Loja: 3 - NEWSHOP COMERCIO LTDA ( CD );Local: 20 - GALPÃO MIDI;18832;APEB56804 PULSEIRA DE METAL 12 CTL POR DUZIA;UN;71179000;22,00;0,00;0,00;0,60;31,50;13,20;693,00
Loja: 3 - NEWSHOP COMERCIO LTDA ( CD );Local: 20 - GALPÃO MIDI;18835;APFB36510 PULSEIRA DE METAL 12 CTL POR DUZIA;UN;71179000;22,00;0,00;0,00;0,60;27,50;13,20;605,00
Loja: 3 - NEWSHOP COMERCIO LTDA ( CD );Local: 20 - GALPÃO MIDI;18839;APFB56003 PULSEIRA DE METAL 12 CTL POR DUZIA;UN;71179000;44,00;0,00;0,00;0,60;29,00;26,40;1276,00
Loja: 3 - NEWSHOP COMERCIO LTDA ( CD );Local: 20 - GALPÃO MIDI;18842;OPA111400 PULSEIRA DE METAL 12 PCS POR DUZIA;UN;71171900;44,00;0,00;0,00;0,45;28,00;19,80;1232,00
Loja: 3 - NEWSHOP COMERCIO LTDA ( CD );Local: 20 - GALPÃO MIDI;18847;BPCA41527 PULSEIRA DE METAL 12 CTL POR DUZIA;UN;71179000;22,00;0,00;0,00;0,60;22,50;13,20;495,00
Loja: 3 - NEWSHOP COMERCIO LTDA ( CD );Local: 20 - GALPÃO MIDI;18851;FPB28230 PULSEIRA DE ACO 12 CTL POR DUZIA;UN;71179000;22,00;0,00;0,00;14,88;27,00;327,36;594,00
Loja: 3 - NEWSHOP COMERCIO LTDA ( CD );Local: 20 - GALPÃO MIDI;18855;FPPI02020 PULSEIRA DE METAL 12 PCS POR DUZIA;UN;71171900;11,00;0,00;0,00;0,00;22,50;0,00;247,50
Loja: 3 - NEWSHOP COMERCIO LTDA ( CD );Local: 20 - GALPÃO MIDI;18857;GPB28015 PULSEIRA DE METAL 12 CTL POR DUZIA;UN;71179000;66,00;0,00;0,00;0,60;27,50;39,60;1815,00
Loja: 3 - NEWSHOP COMERCIO LTDA ( CD );Local: 20 - GALPÃO MIDI;18860;HPA117830 PULSEIRA DE METAL 12 PCS POR DUZIA;UN;71171900;222,00;0,00;0,00;0,00;42,50;0,00;9435,00
Loja: 3 - NEWSHOP COMERCIO LTDA ( CD );Local: 20 - GALPÃO MIDI;18863;HPJ02012 PULSEIRA DE METAL 12 PCS POR DUZIA;UN;71171900;23,00;0,00;0,00;0,00;27,50;0,00;632,50
Loja: 3 - NEWSHOP COMERCIO LTDA ( CD );Local: 20 - GALPÃO MIDI;18869;JPA16072 PULSEIRA DE METAL 12 CTL POR DUZIA;UN;71179000;22,00;0,00;0,00;0,60;21,00;13,20;462,00
Loja: 3 - NEWSHOP COMERCIO LTDA ( CD );Local: 20 - GALPÃO MIDI;18873;JPA19015 PULSEIRA DE METAL 12 CTL POR DUZIA;UN;71179000;66,00;0,00;0,00;0,60;30,50;39,60;2013,00
Loja: 3 - NEWSHOP COMERCIO LTDA ( CD );Local: 20 - GALPÃO MIDI;18874;JPB021538 PULSEIRA DE METAL 12 CTL POR DUZIA;UN;71179000;22,00;0,00;0,00;5,95;32,00;130,90;704,00
Loja: 3 - NEWSHOP COMERCIO LTDA ( CD );Local: 20 - GALPÃO MIDI;18889;JPF28304 PULSEIRA DE METAL 12 CTL POR DUZIA;UN;71179000;44,00;0,00;0,00;9,41;17,00;414,04;748,00
Loja: 3 - NEWSHOP COMERCIO LTDA ( CD );Local: 20 - GALPÃO MIDI;18892;JPG28217 PULSEIRA DE METAL 12 CTL POR DUZIA;UN;71179000;22,00;0,00;0,00;0,60;19,00;13,20;418,00
Loja: 3 - NEWSHOP COMERCIO LTDA ( CD );Local: 20 - GALPÃO MIDI;18895;JPG28826 PULSEIRA DE METAL 12 CTL POR DUZIA;UN;71179000;22,00;0,00;0,00;4,92;19,00;108,24;418,00
Loja: 3 - NEWSHOP COMERCIO LTDA ( CD );Local: 20 - GALPÃO MIDI;18900;JPI28512 PULSEIRA DE METAL 12 CTL POR DUZIA;UN;71179000;22,00;0,00;0,00;0,60;24,00;13,20;528,00
Loja: 3 - NEWSHOP COMERCIO LTDA ( CD );Local: 20 - GALPÃO MIDI;18904;QPA18015 PULSEIRA DE METAL 12 CTL POR DUZIA;UN;71179000;22,00;0,00;0,00;0,60;28,50;13,20;627,00
Loja: 3 - NEWSHOP COMERCIO LTDA ( CD );Local: 20 - GALPÃO MIDI;18906;JPJ02037 PULSEIRA DE METAL 12 CTL POR DUZIA;UN;71179000;19,00;0,00;0,00;0,60;25,00;11,40;475,00
Loja: 3 - NEWSHOP COMERCIO LTDA ( CD );Local: 20 - GALPÃO MIDI;18923;JPPF28022 PULSEIRA DE METAL 12 CTL POR DUZIA;UN;71179000;40,00;0,00;0,00;0,60;16,50;24,00;660,00
Loja: 3 - NEWSHOP COMERCIO LTDA ( CD );Local: 20 - GALPÃO MIDI;18926;JPPF28320 PULSEIRA DE METAL 12 CTL POR DUZIA;UN;71179000;22,00;0,00;0,00;0,60;16,50;13,20;363,00
Loja: 3 - NEWSHOP COMERCIO LTDA ( CD );Local: 20 - GALPÃO MIDI;18928;JPPG28221 PULSEIRA DE METAL 12 CTL POR DUZIA;UN;71179000;22,00;0,00;0,00;10,56;19,00;232,32;418,00
Loja: 3 - NEWSHOP COMERCIO LTDA ( CD );Local: 20 - GALPÃO MIDI;18932;JPPJ28010 PULSEIRA DE METAL 12 CTL POR DUZIA;UN;71179000;11,00;0,00;0,00;0,00;26,50;0,00;291,50
Loja: 3 - NEWSHOP COMERCIO LTDA ( CD );Local: 20 - GALPÃO MIDI;18941;KPA110650 PULSEIRA DE METAL 12 CTL POR DUZIA;UN;71179000;22,00;0,00;0,00;4,92;46,50;108,24;1023,00
Loja: 3 - NEWSHOP COMERCIO LTDA ( CD );Local: 20 - GALPÃO MIDI;18943;KPA16075 PULSEIRA DE METAL 12 CTL POR DUZIA;UN;71179000;66,00;0,00;0,00;0,60;23,50;39,60;1551,00
Loja: 3 - NEWSHOP COMERCIO LTDA ( CD );Local: 20 - GALPÃO MIDI;18945;LPA110205 PULSEIRA DE METAL 12 PCS POR DUZIA;UN;71171900;22,00;0,00;0,00;0,45;32,00;9,90;704,00
Loja: 3 - NEWSHOP COMERCIO LTDA ( CD );Local: 20 - GALPÃO MIDI;18949;LPA110435 PULSEIRA DE ACO 12 CTL POR DUZIA;UN;71179000;20,00;0,00;0,00;23,81;35,00;476,20;700,00
Loja: 3 - NEWSHOP COMERCIO LTDA ( CD );Local: 20 - GALPÃO MIDI;18950;LPA19015 PULSEIRA DE METAL 12 PCS POR DUZIA;UN;71171900;22,00;0,00;0,00;18,24;33,00;401,28;726,00
Loja: 3 - NEWSHOP COMERCIO LTDA ( CD );Local: 20 - GALPÃO MIDI;18951;MPA19065 PULSEIRA DE METAL 12 PCS POR DUZIA;UN;71171900;66,00;0,00;0,00;5,67;30,50;374,22;2013,00
Loja: 3 - NEWSHOP COMERCIO LTDA ( CD );Local: 20 - GALPÃO MIDI;18953;LPB69105 PULSEIRA DE METAL 12 PCS POR DUZIA;UN;71171900;22,00;0,00;0,00;5,49;29,50;120,78;649,00
Loja: 3 - NEWSHOP COMERCIO LTDA ( CD );Local: 20 - GALPÃO MIDI;18962;MPA110910 PULSEIRA DE METAL 12 CTL POR DUZIA;UN;71179000;44,00;0,00;0,00;0,60;34,50;26,40;1518,00
Loja: 3 - NEWSHOP COMERCIO LTDA ( CD );Local: 20 - GALPÃO MIDI;18963;NPA112505 PULSEIRA DE ACO 12 CTL POR DUZIA;UN;71179000;88,00;0,00;0,00;0,60;33,50;52,80;2948,00
Loja: 3 - NEWSHOP COMERCIO LTDA ( CD );Local: 20 - GALPÃO MIDI;18964;OPA111215 PULSEIRA DE METAL 12 PCS POR DUZIA;UN;71179000;44,00;0,00;0,00;0,00;36,50;0,00;1606,00
Loja: 3 - NEWSHOP COMERCIO LTDA ( CD );Local: 20 - GALPÃO MIDI;18965;OPA111355 PULSEIRA DE ACO 12 CTL POR DUZIA;UN;71179000;66,00;0,00;0,00;0,60;48,50;39,60;3201,00
Loja: 3 - NEWSHOP COMERCIO LTDA ( CD );Local: 20 - GALPÃO MIDI;18966;OPA111510 PULSEIRA DE METAL 12 CTL POR DUZIA;UN;71179000;66,00;0,00;0,00;19,68;0,00;1298,88;0,00
Loja: 3 - NEWSHOP COMERCIO LTDA ( CD );Local: 20 - GALPÃO MIDI;18967;OPA16015 PULSEIRA DE METAL 12 CTL POR DUZIA;UN;71179000;44,00;0,00;0,00;0,60;22,50;26,40;990,00
Loja: 3 - NEWSHOP COMERCIO LTDA ( CD );Local: 20 - GALPÃO MIDI;18968;OPA17033 PULSEIRA DE METAL 12 CTL POR DUZIA;UN;71179000;22,00;0,00;0,00;0,60;26,00;13,20;572,00
Loja: 3 - NEWSHOP COMERCIO LTDA ( CD );Local: 20 - GALPÃO MIDI;18971;OPA18050 PULSEIRA DE METAL 12 CTL POR DUZIA;UN;71179000;22,00;0,00;0,00;0,60;27,50;13,20;605,00
Loja: 3 - NEWSHOP COMERCIO LTDA ( CD );Local: 20 - GALPÃO MIDI;18972;OPA18065  PULSEIRA DE METAL 12 CTL POR DUZIA;UN;71179000;22,00;0,00;0,00;0,60;29,00;13,20;638,00
Loja: 3 - NEWSHOP COMERCIO LTDA ( CD );Local: 20 - GALPÃO MIDI;18973;OPA18100 PULSEIRA DE METAL 12 PCS POR DUZIA;UN;71171900;24,00;0,00;0,00;0,45;26,00;10,80;624,00
Loja: 3 - NEWSHOP COMERCIO LTDA ( CD );Local: 20 - GALPÃO MIDI;18974;OPA19095 PULSEIRA DE METAL 12 CTL POR DUZIA;UN;71179000;88,00;0,00;0,00;14,40;0,00;1267,20;0,00
Loja: 3 - NEWSHOP COMERCIO LTDA ( CD );Local: 20 - GALPÃO MIDI;18975;PPA110205 PULSEIRA DE METAL 12 CTL POR DUZIA;UN;71179000;33,00;0,00;0,00;4,92;33,50;162,36;1105,50
Loja: 3 - NEWSHOP COMERCIO LTDA ( CD );Local: 20 - GALPÃO MIDI;18976;PPA19015 PULSEIRA DE METAL 12 CTL POR DUZIA;UN;71179000;110,00;0,00;0,00;4,92;30,50;541,20;3355,00
Loja: 3 - NEWSHOP COMERCIO LTDA ( CD );Local: 20 - GALPÃO MIDI;18977;RPA110120 PULSEIRA DE METAL 12 CTL POR DUZIA;UN;71179000;22,00;0,00;0,00;0,60;38,00;13,20;836,00
Loja: 3 - NEWSHOP COMERCIO LTDA ( CD );Local: 20 - GALPÃO MIDI;18979;RPA110410 PULSEIRA DE METAL 12 CTL POR DUZIA;UN;71179000;66,00;0,00;0,00;0,60;35,50;39,60;2343,00
Loja: 3 - NEWSHOP COMERCIO LTDA ( CD );Local: 20 - GALPÃO MIDI;18980;RPA15168 PULSEIRA DE METAL 12 CTL POR DUZIA;UN;71179000;22,00;0,00;0,00;0,60;20,00;13,20;440,00
Loja: 3 - NEWSHOP COMERCIO LTDA ( CD );Local: 20 - GALPÃO MIDI;18981;RPA19035 PULSEIRA DE METAL 12 CTL POR DUZIA;UN;71179000;44,00;0,00;0,00;0,60;32,50;26,40;1430,00
Loja: 3 - NEWSHOP COMERCIO LTDA ( CD );Local: 20 - GALPÃO MIDI;18982;UPEA51001 PULSEIRA DE METAL 12 CTL POR DUZIA;UN;71179000;22,00;0,00;0,00;0,60;32,50;13,20;715,00
Loja: 3 - NEWSHOP COMERCIO LTDA ( CD );Local: 20 - GALPÃO MIDI;18983;VBBA31303 BRINCO DE METAL 12 CTL POR DUZIA;UN;71179000;22,00;0,00;0,00;0,60;14,50;13,20;319,00
Loja: 3 - NEWSHOP COMERCIO LTDA ( CD );Local: 20 - GALPÃO MIDI;18985;VBCA41808 BRINCO DE METAL 12 PCS POR DUZIA;UN;71171900;33,00;0,00;0,00;0,00;23,50;0,00;775,50
Loja: 3 - NEWSHOP COMERCIO LTDA ( CD );Local: 20 - GALPÃO MIDI;18988;VBDA11328 BRINCO DE METAL 12 PCS POR DUZIA;UN;71171900;22,00;0,00;0,00;2,88;15,50;63,36;341,00
Loja: 3 - NEWSHOP COMERCIO LTDA ( CD );Local: 20 - GALPÃO MIDI;18990;VBDA21604C BRINCO DE METAL 12 CTL POR DUZIA;UN;71179000;44,00;0,00;0,00;4,58;20,00;201,52;880,00
Loja: 3 - NEWSHOP COMERCIO LTDA ( CD );Local: 20 - GALPÃO MIDI;19042;BR284 CADERNO;UN;48202000;600,00;0,00;0,00;0,00;12,00;0,00;7200,00
Loja: 3 - NEWSHOP COMERCIO LTDA ( CD );Local: 20 - GALPÃO MIDI;19217;OIP-1150 ARVORE PARA GATOS;UN;39269090;5,00;0,00;0,00;0,00;480,00;0,00;2400,00
Loja: 3 - NEWSHOP COMERCIO LTDA ( CD );Local: 20 - GALPÃO MIDI;19218;OIH-6517 UMIDIFICADOR DE AR;UN;85098090;11,00;0,00;0,00;9,33;137,00;102,63;1507,00
Loja: 3 - NEWSHOP COMERCIO LTDA ( CD );Local: 20 - GALPÃO MIDI;19219;OIA-8601 PENTE COM ESPELHO DE BOLSO 65*40*75MM;UN;96151100;68,00;0,00;0,00;1,05;6,50;71,40;442,00
Loja: 3 - NEWSHOP COMERCIO LTDA ( CD );Local: 20 - GALPÃO MIDI;19262;CA-2001 MINI CAMERA DE RE BORBOLETA;UN;85258929;30,00;0,00;0,00;1,00;22,50;30,00;675,00
Loja: 3 - NEWSHOP COMERCIO LTDA ( CD );Local: 20 - GALPÃO MIDI;19281;SOM AUTOMATICO PARA CARRO;UN;94054900;20,00;0,00;0,00;49,40;89,00;988,00;1780,00
Loja: 3 - NEWSHOP COMERCIO LTDA ( CD );Local: 20 - GALPÃO MIDI;19296;LEY-2069 MP5 PLAY PARA CARRO;UN;94054900;20,00;0,00;0,00;135,85;244,00;2717,00;4880,00
Loja: 3 - NEWSHOP COMERCIO LTDA ( CD );Local: 20 - GALPÃO MIDI;19298;LEY-1565 SOM AUTOMOTIVO MP3 PARA CARRO;UN;94054900;20,00;0,00;0,00;16,48;89,00;329,60;1780,00
Loja: 3 - NEWSHOP COMERCIO LTDA ( CD );Local: 20 - GALPÃO MIDI;19317;UTL-0201-APARELHO DEPILADOR FEMININO RECARREGAVEL USB;UN;85103000;50,00;0,00;0,00;1,05;13,00;52,50;650,00
Loja: 3 - NEWSHOP COMERCIO LTDA ( CD );Local: 20 - GALPÃO MIDI;19452;LMM-MM38 BRIQUEDO PARA PET;UN;85101000;500,00;0,00;0,00;3,69;6,50;1845,00;3250,00
Loja: 3 - NEWSHOP COMERCIO LTDA ( CD );Local: 20 - GALPÃO MIDI;19504;536 BOLSA FEMININA;UN;42023200;50,00;0,00;0,00;4,82;80,00;241,00;4000,00
Loja: 3 - NEWSHOP COMERCIO LTDA ( CD );Local: 20 - GALPÃO MIDI;19541;SM-505 MAQUINA DE COSTURA;UN;84521000;30,00;0,00;0,00;43,52;234,00;1305,60;7020,00
Loja: 3 - NEWSHOP COMERCIO LTDA ( CD );Local: 20 - GALPÃO MIDI;19559;BM-F1265 SUPORTE PORTA OVOS COM 2 CAMADAS DE PLASTICO;UN;39241000;100,00;0,00;0,00;1,02;11,00;102,00;1100,00
Loja: 3 - NEWSHOP COMERCIO LTDA ( CD );Local: 20 - GALPÃO MIDI;19574;BT-434 CONJUNTO DE 10 SOQUETES INTERCAMBIAVEIS COM CATRACA;UN;82042000;1,00;0,00;0,00;0,00;69,50;0,00;69,50
Loja: 3 - NEWSHOP COMERCIO LTDA ( CD );Local: 20 - GALPÃO MIDI;19575;BM-F1221 PORTA CANETAS PARA MESA - FEITO DE METAL;UN;73239900;10,00;0,00;0,00;13,05;23,50;130,50;235,00
Loja: 3 - NEWSHOP COMERCIO LTDA ( CD );Local: 20 - GALPÃO MIDI;19579;BM-F1233 ORGANIZADOR DE MAQUIAGENS E COSMETICOS;UN;39269090;12,00;0,00;0,00;20,32;86,00;243,84;1032,00
Loja: 3 - NEWSHOP COMERCIO LTDA ( CD );Local: 20 - GALPÃO MIDI;19584;BT-429 CORTADOR DE TUBOS DE PVC MARCA B-TEK;UN;82034000;30,00;0,00;0,00;0,00;19,50;0,00;585,00
Loja: 3 - NEWSHOP COMERCIO LTDA ( CD );Local: 20 - GALPÃO MIDI;19589;BM-F1240 CONJUNTO PORTA TEMPEROS COM 16 POTES DE VIDRO + BASE GIRATORIA DE INOX;UN;70134900;8,00;0,00;0,00;65,70;118,00;525,60;944,00
Loja: 3 - NEWSHOP COMERCIO LTDA ( CD );Local: 20 - GALPÃO MIDI;19590;BM-F1062 FORMA DE GELO DE SILICONE COM TAMPA DE PLASTICO;UN;39241000;40,00;0,00;0,00;2,88;31,00;115,20;1240,00
Loja: 3 - NEWSHOP COMERCIO LTDA ( CD );Local: 20 - GALPÃO MIDI;19593;BM-F1220 PORTA TRECO ORGANIZADOR PARA MESA - FEITO DE METAL;UN;94032090;24,00;0,00;0,00;31,72;22,00;761,28;528,00
Loja: 3 - NEWSHOP COMERCIO LTDA ( CD );Local: 20 - GALPÃO MIDI;19598;SIGMA-1010 CAMERA IP WIFI INTERNA 720P - QUALIDADE DE RESOLUCAO: 1MP;UN;85258919;50,00;0,00;0,00;40,50;78,00;2025,00;3900,00
Loja: 3 - NEWSHOP COMERCIO LTDA ( CD );Local: 20 - GALPÃO MIDI;19599;BM-F1120 ORGANIZADOR MULTIUSO COM 3 PRATELEIRAS E RODIZIO;UN;73239900;8,00;0,00;0,00;3,15;154,00;25,20;1232,00
Loja: 3 - NEWSHOP COMERCIO LTDA ( CD );Local: 20 - GALPÃO MIDI;19605;SE5402  MOEDOR DE GRAOS DDE CAFE;UN;85098090;10,00;0,00;0,00;0,13;360,00;1,30;3600,00
Loja: 3 - NEWSHOP COMERCIO LTDA ( CD );Local: 20 - GALPÃO MIDI;19628;OI-0450 SACO DE PLASTICO PARA EMBALAGEM DE PRESENTE;UN;39232990;106,00;0,00;0,00;4,04;18,00;428,24;1908,00
Loja: 3 - NEWSHOP COMERCIO LTDA ( CD );Local: 20 - GALPÃO MIDI;19629;OI-0547 POTE DE PLASTICO PARA COZINHA 1150ML;UN;39241000;300,00;0,00;0,00;1,06;4,50;318,00;1350,00
Loja: 3 - NEWSHOP COMERCIO LTDA ( CD );Local: 20 - GALPÃO MIDI;19630;OI-0543 POTE DE PLASTICO PARA COZINHA 300ML;UN;39241000;220,00;0,00;0,00;0,84;4,00;184,80;880,00
Loja: 3 - NEWSHOP COMERCIO LTDA ( CD );Local: 20 - GALPÃO MIDI;19631;OI-0544 POTE DE PLASTICO PARA COZINHA 300ML;UN;39241000;172,00;0,00;0,00;0,97;4,50;166,84;774,00
Loja: 3 - NEWSHOP COMERCIO LTDA ( CD );Local: 20 - GALPÃO MIDI;19635;OI-0451 SUPORTE PARA SACO DE PLASTICO PARA PET;UN;39269090;250,00;0,00;0,00;0,24;2,50;60,00;625,00
Loja: 3 - NEWSHOP COMERCIO LTDA ( CD );Local: 20 - GALPÃO MIDI;19637;OI-0535 POTE DE PLASTICO PARA COZINHA 500ML;UN;39241000;30,00;0,00;0,00;3,57;20,00;107,10;600,00
Loja: 3 - NEWSHOP COMERCIO LTDA ( CD );Local: 20 - GALPÃO MIDI;19638;OI-0545 POTE DE PLASTICO PARA COZINHA 500ML;UN;39241000;144,00;0,00;0,00;1,13;8,50;162,72;1224,00
Loja: 3 - NEWSHOP COMERCIO LTDA ( CD );Local: 20 - GALPÃO MIDI;19639;OI-0546 POTE DE PLASTICO PARA COZINHA 760ML;UN;39241000;500,00;0,00;0,00;4,00;4,00;2000,00;2000,00
Loja: 3 - NEWSHOP COMERCIO LTDA ( CD );Local: 20 - GALPÃO MIDI;19643;OI-0539 POTE DE PLASTICO PARA COZINHA 15KG;UN;39241000;1,00;0,00;0,00;0,00;13,50;0,00;13,50
Loja: 3 - NEWSHOP COMERCIO LTDA ( CD );Local: 20 - GALPÃO MIDI;19649;OIH-6002 MINI VENTILADOR;UN;84145990;96,00;0,00;0,00;0,83;21,50;79,68;2064,00
Loja: 3 - NEWSHOP COMERCIO LTDA ( CD );Local: 20 - GALPÃO MIDI;19712;LLZ-QZ62 PAINEL AUTOADESIVO PE 60X60CM 25MM C/ PAPEL ANTIADERENTE;UN;39199090;135,00;0,00;0,00;79,90;73,90;10786,50;9976,50
Loja: 3 - NEWSHOP COMERCIO LTDA ( CD );Local: 20 - GALPÃO MIDI;19717;LLZ-QZ65 PAINEL DECORATIVO AUTOADESIVO EM PE 60X60CM 25MM;UN;39199090;135,00;0,00;0,00;79,90;73,90;10786,50;9976,50
Loja: 3 - NEWSHOP COMERCIO LTDA ( CD );Local: 20 - GALPÃO MIDI;19720;LLZ-QZ63 PAINEL DECORATIVO AUTOADESIVO EM PE 60X60CM 25MM;UN;39199090;135,00;0,00;0,00;79,90;73,90;10786,50;9976,50
Loja: 3 - NEWSHOP COMERCIO LTDA ( CD );Local: 20 - GALPÃO MIDI;19724;LLZ-QZ68 PAINEL DECORATIVO AUTOADESIVO EM PE 60X60CM 25MM;UN;39199090;135,00;0,00;0,00;79,90;73,90;10786,50;9976,50
Loja: 3 - NEWSHOP COMERCIO LTDA ( CD );Local: 20 - GALPÃO MIDI;19725;LLZ-QZ69 PAINEL DECORATIVO AUTOADESIVO EM PE 60X60CM 25MM;UN;39199090;135,00;0,00;0,00;79,90;73,90;10786,50;9976,50
Loja: 3 - NEWSHOP COMERCIO LTDA ( CD );Local: 20 - GALPÃO MIDI;19746;LE-052 SUPORTE PARA CELULAR;UN;39269090;50,00;10,00;100,00;1,00;6,50;50,00;325,00
Loja: 3 - NEWSHOP COMERCIO LTDA ( CD );Local: 20 - GALPÃO MIDI;19889;JSP06 - POPOQUEIRA;UN;85167990;13,00;0,00;0,00;0,00;77,00;0,00;1001,00
Loja: 3 - NEWSHOP COMERCIO LTDA ( CD );Local: 20 - GALPÃO MIDI;19904;A5-21811-40 - CADERNO PARA ANOTAÇÕES;UN;48202000;103,00;0,00;0,00;0,00;10,00;0,00;1030,00
Loja: 3 - NEWSHOP COMERCIO LTDA ( CD );Local: 20 - GALPÃO MIDI;19907;SRQ-008 - MINI MIXER MISTURADOR DE BEBIDAS PORTATIL - ALIMENTACAO: 2 PILHAS;UN;85098090;50,00;0,00;0,00;0,00;31,00;0,00;1550,00
Loja: 3 - NEWSHOP COMERCIO LTDA ( CD );Local: 20 - GALPÃO MIDI;19908;MR-803 CADERNO;UN;48202000;6,00;0,00;0,00;2,39;40,00;14,34;240,00
Loja: 3 - NEWSHOP COMERCIO LTDA ( CD );Local: 20 - GALPÃO MIDI;19909;"SRQ-019 - MIXER PORTATIL ELETRICO - FUNCIONAMENTO VIA 2 PILHAS """"AA""""";UN;85098090;100,00;0,00;0,00;0,00;26,00;0,00;2600,00
Loja: 3 - NEWSHOP COMERCIO LTDA ( CD );Local: 20 - GALPÃO MIDI;19911;MR - 082 - CADERNO;UN;48202000;60,00;0,00;0,00;0,00;40,00;0,00;2400,00
Loja: 3 - NEWSHOP COMERCIO LTDA ( CD );Local: 20 - GALPÃO MIDI;19916;811-12 - BOLSA DE SILICONE;UN;42022220;8,00;0,00;0,00;3,44;28,00;27,52;224,00
Loja: 3 - NEWSHOP COMERCIO LTDA ( CD );Local: 20 - GALPÃO MIDI;20228;OIP-1505 ESCOVA DUPLA FACE PARA PETS (G): OIP-1505;UN;96039000;57,00;0,00;0,00;0,00;6,50;0,00;370,50
Loja: 3 - NEWSHOP COMERCIO LTDA ( CD );Local: 20 - GALPÃO MIDI;20400;BOB GOODS MATRIZ;UN;49030000;500,00;0,00;0,00;0,00;0,00;0,00;0,00
Loja: 3 - NEWSHOP COMERCIO LTDA ( CD );Local: 20 - GALPÃO MIDI;20440;LE-3903 SUPORTE UNIVERSAL PARA CELULAR:;UN;39269090;15,00;0,00;0,00;1,00;499,00;15,00;7485,00
Loja: 3 - NEWSHOP COMERCIO LTDA ( CD );Local: 20 - GALPÃO MIDI;20632;NFB-127 FONE DE OUVINDO;UN;85271300;300,00;0,00;0,00;4,05;48,50;1215,00;14550,00
Loja: 3 - NEWSHOP COMERCIO LTDA ( CD );Local: 20 - GALPÃO MIDI;20739;CX-70187 36LED JOGO DE LUZ C/CONTROLE  CX-36;UN;85437020;18,00;0,00;0,00;52,20;94,00;939,60;1692,00
Loja: 3 - NEWSHOP COMERCIO LTDA ( CD );Local: 20 - GALPÃO MIDI;20741;MY-7412 ESCOVA DENTAL ELETRICA 2PC CX-100;UN;85163200;13,00;0,00;0,00;1,00;48,50;13,00;630,50
Loja: 3 - NEWSHOP COMERCIO LTDA ( CD );Local: 20 - GALPÃO MIDI;20758;549-2 TOQUE E SINTA - VEICULOS;UN;49030000;50,00;0,00;0,00;10,00;20,00;500,00;1000,00
Loja: 3 - NEWSHOP COMERCIO LTDA ( CD );Local: 20 - GALPÃO MIDI;20850;SSH01-3S-2 PORTA JOIAS;UN;42021210;6000,00;0,00;0,00;1,30;9,99;7800,00;59940,00
Loja: 3 - NEWSHOP COMERCIO LTDA ( CD );Local: 20 - GALPÃO MIDI;20851;LE-2229 LED COLORIDO SOLAR:;UN;94054200;50,00;0,00;0,00;0,00;26,00;0,00;1300,00
Loja: 3 - NEWSHOP COMERCIO LTDA ( CD );Local: 20 - GALPÃO MIDI;20893;S-1777 MAQUINA DE GATO DE BONECA;UN;95030080;6,00;0,00;0,00;0,00;288,00;0,00;1728,00
Loja: 3 - NEWSHOP COMERCIO LTDA ( CD );Local: 20 - GALPÃO MIDI;20936;J368-50 - ANEL;UN;71171900;172,00;0,00;0,00;0,39;5,50;67,08;946,00
Loja: 3 - NEWSHOP COMERCIO LTDA ( CD );Local: 20 - GALPÃO MIDI;20941;LK-8138 GARRAFA SENDO PORTA AZEITE COM CABO;UN;39233090;60,00;0,00;0,00;1,00;20,00;60,00;1200,00
Loja: 3 - NEWSHOP COMERCIO LTDA ( CD );Local: 20 - GALPÃO MIDI;20943;LK-8130 FRASCOS DE PLASTICO;UN;39233090;49,00;0,00;0,00;1,72;9,00;84,28;441,00
Loja: 3 - NEWSHOP COMERCIO LTDA ( CD );Local: 20 - GALPÃO MIDI;21045;AMO-S2003 MOUSE OPTICO COM FIO - CONEXAO VIA USB;UN;84716053;200,00;0,00;0,00;1,96;14,50;392,00;2900,00
Loja: 3 - NEWSHOP COMERCIO LTDA ( CD );Local: 20 - GALPÃO MIDI;21049;AMO-G1003 MOUSE GAMER COM LED RGB - 1000 DPI - 3 BOTOES;UN;84716053;176,00;0,00;0,00;1,48;11,50;260,48;2024,00
Loja: 3 - NEWSHOP COMERCIO LTDA ( CD );Local: 20 - GALPÃO MIDI;21050;AKT-G1713 CONJUNTO DE TECLADO E MOUSE GAMER COM FIO COM LED RGB USB;UN;84716052;45,00;0,00;0,00;8,20;55,00;369,00;2475,00
Loja: 3 - NEWSHOP COMERCIO LTDA ( CD );Local: 20 - GALPÃO MIDI;21051;SIGMA-LKM3013 CAMPAINHA SEM FIO 110 VOLTS 32 TIPOS DE MELODIAS;UN;85318000;45,00;0,00;0,00;0,00;15,50;0,00;697,50
Loja: 3 - NEWSHOP COMERCIO LTDA ( CD );Local: 20 - GALPÃO MIDI;21052;SIGMA-LKM3013PTB CAMPAINHA SEM FIO 110 VOLTS 32 TIPOS DE MELODIAS;UN;85318000;85,00;0,00;0,00;0,00;15,50;0,00;1317,50
Loja: 3 - NEWSHOP COMERCIO LTDA ( CD );Local: 20 - GALPÃO MIDI;21063;ST-599 VARAL ORGANIZADOR PARA A SECAGEM DE ROUPAS;UN;73239900;6,00;0,00;0,00;0,00;67,00;0,00;402,00
Loja: 3 - NEWSHOP COMERCIO LTDA ( CD );Local: 20 - GALPÃO MIDI;21065;ST-377 - LIXEIRA AUTOMATICA COM SENSOR DE APROXIMACAO;UN;85098090;45,00;0,00;0,00;15,41;83,50;693,45;3757,50
Loja: 3 - NEWSHOP COMERCIO LTDA ( CD );Local: 20 - GALPÃO MIDI;21067;ST-721 - FORMA DE GELO EM PLASTICO;UN;39241000;50,00;0,00;0,00;2,08;10,50;104,00;525,00
Loja: 3 - NEWSHOP COMERCIO LTDA ( CD );Local: 20 - GALPÃO MIDI;21070;ST-723 - FORMA DE SEIS MOLDE PARA BOLOS CUPCAKE E SORVETE;UN;39241000;1,00;0,00;0,00;0,00;9,00;0,00;9,00
Loja: 3 - NEWSHOP COMERCIO LTDA ( CD );Local: 20 - GALPÃO MIDI;21098;BL20705 CARTEIRA;UN;42029200;75,00;0,00;0,00;0,00;14,00;0,00;1050,00
Loja: 3 - NEWSHOP COMERCIO LTDA ( CD );Local: 20 - GALPÃO MIDI;21122;BL20703 CARTEIRA;UN;42029200;1,00;0,00;0,00;8,80;14,00;8,80;14,00
Loja: 3 - NEWSHOP COMERCIO LTDA ( CD );Local: 20 - GALPÃO MIDI;21163;NFB-1080 CABO DE DADOS USB 4 EM 1;UN;85444200;239,00;0,00;0,00;0,74;9,50;176,86;2270,50
Loja: 3 - NEWSHOP COMERCIO LTDA ( CD );Local: 20 - GALPÃO MIDI;21192;NMI-05 -  MICROFONE COM FIO - 1 UNIDADE;UN;85181090;15,00;0,00;0,00;0,00;54,00;0,00;810,00
Loja: 3 - NEWSHOP COMERCIO LTDA ( CD );Local: 20 - GALPÃO MIDI;21238;OI-0575 - ORGANIZADOR ARMAZENAR CALCADOS;UN;73239900;15,00;0,00;0,00;25,40;90,00;381,00;1350,00
Loja: 3 - NEWSHOP COMERCIO LTDA ( CD );Local: 20 - GALPÃO MIDI;21244;KP-PJ005 PROJETOR DE IMAGENS MULTIMIDIA CONEXAO DE VIDEO HDMI PORTA USB;UN;85286200;1,00;0,00;0,00;0,00;1839,00;0,00;1839,00
Loja: 3 - NEWSHOP COMERCIO LTDA ( CD );Local: 20 - GALPÃO MIDI;21255;PJ010 PROJETOR DE IMAGENS MULTIMIDIA COM SISTEMA DE SOM;UN;85286200;5,00;0,00;0,00;0,00;619,00;0,00;3095,00
Loja: 3 - NEWSHOP COMERCIO LTDA ( CD );Local: 20 - GALPÃO MIDI;21271;LH-062 ISQUEIRO ELETRICO RECARREGAVEL;UN;96138000;120,00;0,00;0,00;0,00;17,00;0,00;2040,00
Loja: 3 - NEWSHOP COMERCIO LTDA ( CD );Local: 20 - GALPÃO MIDI;21272;LH-064 ISQUEIRO ELETRICO RECARREGAVEL;UN;96138000;150,00;0,00;0,00;11,70;23,50;1755,00;3525,00
Loja: 3 - NEWSHOP COMERCIO LTDA ( CD );Local: 20 - GALPÃO MIDI;21273;LH-068 ISQUEIRO ELETRICO RECARREGAVEL;UN;96138000;70,00;0,00;0,00;0,00;19,50;0,00;1365,00
Loja: 3 - NEWSHOP COMERCIO LTDA ( CD );Local: 20 - GALPÃO MIDI;21280;BOM-7723 CAIXA DE FERRAMENTAS SANFONADA COM 7 GAVETAS;UN;73269090;6,00;0,00;0,00;60,49;208,00;362,94;1248,00
Loja: 3 - NEWSHOP COMERCIO LTDA ( CD );Local: 20 - GALPÃO MIDI;21287;BL20192 BOSA TRANSVERSAL;UN;42021210;47,00;0,00;0,00;0,00;40,00;0,00;1880,00
Loja: 3 - NEWSHOP COMERCIO LTDA ( CD );Local: 20 - GALPÃO MIDI;21288;BL20189 BOLSA TRANSVERSAL;UN;42021210;22,00;0,00;0,00;0,00;40,00;0,00;880,00
Loja: 3 - NEWSHOP COMERCIO LTDA ( CD );Local: 20 - GALPÃO MIDI;21289;BL20191 BOLSA TRANSVERSAL;UN;42021210;19,00;0,00;0,00;0,00;32,00;0,00;608,00
Loja: 3 - NEWSHOP COMERCIO LTDA ( CD );Local: 20 - GALPÃO MIDI;21290;BL20783 BOLSA MASCULINA;UN;42021210;1,00;0,00;0,00;0,00;72,00;0,00;72,00
Loja: 3 - NEWSHOP COMERCIO LTDA ( CD );Local: 20 - GALPÃO MIDI;21291;BL20782 BOLSA MASCULINA;UN;42021210;1,00;0,00;0,00;0,00;72,00;0,00;72,00
Loja: 3 - NEWSHOP COMERCIO LTDA ( CD );Local: 20 - GALPÃO MIDI;21313;019-28-10 CHINELO;UN;64022000;30,00;0,00;0,00;0,00;92,00;0,00;2760,00
Loja: 3 - NEWSHOP COMERCIO LTDA ( CD );Local: 20 - GALPÃO MIDI;21318;8535-10 CROCS LABUBU;UN;64022000;8,00;0,00;0,00;35,00;70,00;280,00;560,00
Loja: 3 - NEWSHOP COMERCIO LTDA ( CD );Local: 20 - GALPÃO MIDI;21319;2501 CHINELO;UN;64022000;28,00;0,00;0,00;4,92;96,00;137,76;2688,00
Loja: 3 - NEWSHOP COMERCIO LTDA ( CD );Local: 20 - GALPÃO MIDI;21320;716-29-5 CHINELO;UN;64022000;6,00;0,00;0,00;0,00;92,00;0,00;552,00
Loja: 3 - NEWSHOP COMERCIO LTDA ( CD );Local: 20 - GALPÃO MIDI;21327;8999-5 CHINELO;UN;64022000;10,00;0,00;0,00;0,00;96,00;0,00;960,00
Loja: 3 - NEWSHOP COMERCIO LTDA ( CD );Local: 20 - GALPÃO MIDI;21328;M8030-5 CHINELO;UN;64022000;15,00;0,00;0,00;0,00;70,00;0,00;1050,00
Loja: 3 - NEWSHOP COMERCIO LTDA ( CD );Local: 20 - GALPÃO MIDI;21330;E956-7-10 CHINELO;UN;64022000;1,00;0,00;0,00;46,00;92,00;46,00;92,00
Loja: 3 - NEWSHOP COMERCIO LTDA ( CD );Local: 20 - GALPÃO MIDI;21457;LCW-TTC13 CARRINHO PASSEIO AR LIVRE CAMINHADA;UN;73269090;1,00;0,00;0,00;0,00;430,00;0,00;430,00
Loja: 3 - NEWSHOP COMERCIO LTDA ( CD );Local: 20 - GALPÃO MIDI;21463;LCW-TTC14 CARRINHO  PASSEIO AR LIVRE CAMINHADA;UN;73269090;2,00;0,00;0,00;166,50;300,00;333,00;600,00
Loja: 3 - NEWSHOP COMERCIO LTDA ( CD );Local: 20 - GALPÃO MIDI;21465;LCW-TTC11 CARRINHO PASSEIO AR LIVRE CAMINHADA;UN;73269090;1,00;0,00;0,00;48,39;397,00;48,39;397,00
Loja: 3 - NEWSHOP COMERCIO LTDA ( CD );Local: 20 - GALPÃO MIDI;21467;LCW-TTC07 CARRINHO PASSEIO AR LIVRE CAMINHADA;UN;73269090;2,00;0,00;0,00;0,00;462,00;0,00;924,00
Loja: 3 - NEWSHOP COMERCIO LTDA ( CD );Local: 20 - GALPÃO MIDI;21470;LCW-TTC12 CARRINHO PASSEIO AR LIVRE CAMINHADA;UN;73269090;1,00;0,00;0,00;463,50;835,00;463,50;835,00
Loja: 3 - NEWSHOP COMERCIO LTDA ( CD );Local: 20 - GALPÃO MIDI;21472;LCW-TTC09 CARRINHO PASSEIO AR LIVRE CAMINHADA;UN;73269090;2,00;0,00;0,00;283,50;512,00;567,00;1024,00
Loja: 3 - NEWSHOP COMERCIO LTDA ( CD );Local: 20 - GALPÃO MIDI;21474;LCW-TTC10 CARRINHO PASSEIO AR LIVRE CAMINHADA;UN;73269090;2,00;0,00;0,00;0,00;495,00;0,00;990,00
Loja: 3 - NEWSHOP COMERCIO LTDA ( CD );Local: 20 - GALPÃO MIDI;21475;LCW-TTC16 CARRINHO PASSEIO AR LIVRE CAMINHADA;UN;73269090;2,00;0,00;0,00;0,00;592,00;0,00;1184,00
Loja: 3 - NEWSHOP COMERCIO LTDA ( CD );Local: 20 - GALPÃO MIDI;21487;OI-BZ012 - PAPEL DE PAREDE REVESTIDO DE PLASTICO PVC;UN;48142000;150,00;0,00;0,00;0,00;16,00;0,00;2400,00
Loja: 3 - NEWSHOP COMERCIO LTDA ( CD );Local: 20 - GALPÃO MIDI;21494;OI-BZ021 - PAPEL DE PAREDE REVESTIDO DE PLASTICO PVC;UN;48142000;90,00;0,00;0,00;5,13;16,00;461,70;1440,00
Loja: 3 - NEWSHOP COMERCIO LTDA ( CD );Local: 20 - GALPÃO MIDI;21497;OI-BZ024 - PAPEL DE PAREDE REVESTIDO DE PLASTICO PVC;UN;48142000;150,00;0,00;0,00;0,00;16,00;0,00;2400,00
Loja: 3 - NEWSHOP COMERCIO LTDA ( CD );Local: 20 - GALPÃO MIDI;21500;OI-BZ028 - PAPEL DE PAREDE REVESTIDO DE PLASTICO PVC;UN;48142000;150,00;0,00;0,00;0,00;16,00;0,00;2400,00
Loja: 3 - NEWSHOP COMERCIO LTDA ( CD );Local: 20 - GALPÃO MIDI;21504;OI-BZ035 - PAPEL DE PAREDE REVESTIDO DE PLASTICO PVC;UN;48142000;150,00;0,00;0,00;0,00;16,00;0,00;2400,00
Loja: 3 - NEWSHOP COMERCIO LTDA ( CD );Local: 20 - GALPÃO MIDI;21506;OI-BZ036 - PAPEL DE PAREDE REVESTIDO DE PLASTICO PVC;UN;48142000;30,00;0,00;0,00;0,00;16,00;0,00;480,00
Loja: 3 - NEWSHOP COMERCIO LTDA ( CD );Local: 20 - GALPÃO MIDI;21507;OI-BZ037 - PAPEL DE PAREDE REVESTIDO DE PLASTICO PVC;UN;48142000;150,00;0,00;0,00;0,00;16,00;0,00;2400,00
Loja: 3 - NEWSHOP COMERCIO LTDA ( CD );Local: 20 - GALPÃO MIDI;21511;OI-BZ041 - PAPEL DE PAREDE REVESTIDO DE PLASTICO PVC;UN;48142000;30,00;0,00;0,00;0,00;16,00;0,00;480,00
Loja: 3 - NEWSHOP COMERCIO LTDA ( CD );Local: 20 - GALPÃO MIDI;21512;OI-BZ066 - REVESTIMENTO DE PAREDE DE PLASTICO;UN;39189000;150,00;0,00;0,00;1,00;16,00;150,00;2400,00
Loja: 3 - NEWSHOP COMERCIO LTDA ( CD );Local: 20 - GALPÃO MIDI;21514;OI-BZ067 - REVESTIMENTO DE PAREDE DE PLASTICO;UN;39189000;150,00;0,00;0,00;0,00;16,00;0,00;2400,00
Loja: 3 - NEWSHOP COMERCIO LTDA ( CD );Local: 20 - GALPÃO MIDI;21515;OI-BZ068 - REVESTIMENTO DE PAREDE DE PLASTICO;UN;39189000;150,00;0,00;0,00;0,00;16,00;0,00;2400,00
Loja: 3 - NEWSHOP COMERCIO LTDA ( CD );Local: 20 - GALPÃO MIDI;21517;OI-BZ069 - REVESTIMENTO DE PAREDE DE PLASTICO;UN;39189000;90,00;0,00;0,00;0,00;16,00;0,00;1440,00
Loja: 3 - NEWSHOP COMERCIO LTDA ( CD );Local: 20 - GALPÃO MIDI;21519;OI-BZ071 - REVESTIMENTO DE PAREDE DE PLASTICO;UN;39189000;90,00;0,00;0,00;9,22;16,00;829,80;1440,00
Loja: 3 - NEWSHOP COMERCIO LTDA ( CD );Local: 20 - GALPÃO MIDI;21520;OI-5081 - APARELHO DETECTOR DE TENSAO ELETRICA;UN;90303319;62,00;0,00;0,00;1,62;4,50;100,44;279,00
Loja: 3 - NEWSHOP COMERCIO LTDA ( CD );Local: 20 - GALPÃO MIDI;21521;OI-5104 - CONJUNTO 6 PECAS DE FERRAMENTA MANUAL DE METAL;UN;82054000;30,00;0,00;0,00;2,76;8,50;82,80;255,00
Loja: 3 - NEWSHOP COMERCIO LTDA ( CD );Local: 20 - GALPÃO MIDI;21522;OI-5056 - CHAVE DE FENDA;UN;82054000;4,00;0,00;0,00;1,59;6,00;6,36;24,00
Loja: 3 - NEWSHOP COMERCIO LTDA ( CD );Local: 20 - GALPÃO MIDI;21523;OI-5129 - G ORGANIZADOR DE PLASTICO;UN;39269090;2,00;0,00;0,00;13,25;95,00;26,50;190,00
Loja: 3 - NEWSHOP COMERCIO LTDA ( CD );Local: 20 - GALPÃO MIDI;21526;MC-46 PUFF INFLAVEL - TAMANHO: 100*100*35CM;UN;94018000;30,00;0,00;0,00;0,00;95,50;0,00;2865,00
Loja: 3 - NEWSHOP COMERCIO LTDA ( CD );Local: 20 - GALPÃO MIDI;21528;MTC-016 BOMBA P GALAO DE AGUA;UN;84138100;80,00;0,00;0,00;1,56;19,50;124,80;1560,00
Loja: 3 - NEWSHOP COMERCIO LTDA ( CD );Local: 20 - GALPÃO MIDI;21538;OIH-2030 FRIGIDEIRA ANTIADERENTE 4 DIVISORIAS;UN;73239900;192,00;0,00;0,00;34,41;49,90;6606,72;9580,80
Loja: 3 - NEWSHOP COMERCIO LTDA ( CD );Local: 20 - GALPÃO MIDI;21539;OIF-7502 POCHETE ESPORTIVA;UN;42029200;1,00;0,00;0,00;3,38;18,00;3,38;18,00
Loja: 3 - NEWSHOP COMERCIO LTDA ( CD );Local: 20 - GALPÃO MIDI;21540;OIH-2028 FRIGIDEIRA ANTIADERENTE 4 DIVISORIAS;UN;73239900;214,00;0,00;0,00;0,00;49,90;0,00;10678,60
Loja: 3 - NEWSHOP COMERCIO LTDA ( CD );Local: 20 - GALPÃO MIDI;21541;BOM-7512 CABO DESENTUPIDOR DE CANOS;UN;73249000;25,00;0,00;0,00;0,94;8,50;23,50;212,50
Loja: 3 - NEWSHOP COMERCIO LTDA ( CD );Local: 20 - GALPÃO MIDI;21542;OIF-7417 CINTA ESPORTIVA PARA SUPORTE DAS COSTAS;UN;95069900;30,00;0,00;0,00;7,99;50,00;239,70;1500,00
Loja: 3 - NEWSHOP COMERCIO LTDA ( CD );Local: 20 - GALPÃO MIDI;21543;OIH-2024 FRIGIDEIRA ANTIADERENTE;UN;73239900;24,00;0,00;0,00;0,00;80,50;0,00;1932,00
Loja: 3 - NEWSHOP COMERCIO LTDA ( CD );Local: 20 - GALPÃO MIDI;21544;OIH-2026 FRIGIDEIRA ANTIADERENTE 3 DIVISORIAS;UN;73239900;162,00;0,00;0,00;34,41;49,90;5574,42;8083,80
Loja: 3 - NEWSHOP COMERCIO LTDA ( CD );Local: 20 - GALPÃO MIDI;21546;BOM-3917 JOGO DE SOQUETES COM 37 PCS;UN;82059000;10,00;0,00;0,00;8,70;208,00;87,00;2080,00
Loja: 3 - NEWSHOP COMERCIO LTDA ( CD );Local: 20 - GALPÃO MIDI;21547;BOM-3918 JOGO DE SOQUETES 1/2POL. CATRACA REVERSIVEL 22 PECAS;UN;82059000;15,00;0,00;0,00;30,54;163,00;458,10;2445,00
Loja: 3 - NEWSHOP COMERCIO LTDA ( CD );Local: 20 - GALPÃO MIDI;21548;BOM-7626 ESGUICHO PARA MANGUEIRA;UN;39269090;72,00;0,00;0,00;0,13;2,00;9,36;144,00
Loja: 3 - NEWSHOP COMERCIO LTDA ( CD );Local: 20 - GALPÃO MIDI;21557;OIF-7407 MUNHEQUEIRA ESPORTIVA COM FECHO;UN;95069900;14,00;0,00;0,00;0,00;10,50;0,00;147,00
Loja: 3 - NEWSHOP COMERCIO LTDA ( CD );Local: 20 - GALPÃO MIDI;21558;OIF-7408 MUNHEQUEIRA COM AJUSTE;UN;95069900;120,00;0,00;0,00;1,04;9,00;124,80;1080,00
Loja: 3 - NEWSHOP COMERCIO LTDA ( CD );Local: 20 - GALPÃO MIDI;21565;LE-114 SUPORTE DE PLASTICO;UN;39269090;50,00;0,00;0,00;21,39;38,50;1069,50;1925,00
Loja: 3 - NEWSHOP COMERCIO LTDA ( CD );Local: 20 - GALPÃO MIDI;21568;LE-019 SUPORTE PARA CELULAR;UN;39269090;20,00;0,00;0,00;4,18;22,50;83,60;450,00
Loja: 3 - NEWSHOP COMERCIO LTDA ( CD );Local: 20 - GALPÃO MIDI;21573;MAX-0533 CARREGADOR PORTATIL (POWER BANK):;UN;85076000;2,00;0,00;0,00;0,00;58,50;0,00;117,00
Loja: 3 - NEWSHOP COMERCIO LTDA ( CD );Local: 20 - GALPÃO MIDI;21577;LE-013 SUPORTE UNIVERSAL PARA CELULAR DE PLASTICO;UN;39269090;16,00;0,00;0,00;0,00;15,50;0,00;248,00
Loja: 3 - NEWSHOP COMERCIO LTDA ( CD );Local: 20 - GALPÃO MIDI;21579;YP1541-17 - CONJUNTO COM 2 PECAS SOBRANCELHA;UN;82142000;55,00;0,00;0,00;0,00;10,50;0,00;577,50
Loja: 3 - NEWSHOP COMERCIO LTDA ( CD );Local: 20 - GALPÃO MIDI;21580;LE-104 SUPORTE PARA CELULAR;UN;39269090;50,00;0,00;0,00;6,32;11,50;316,00;575,00
Loja: 3 - NEWSHOP COMERCIO LTDA ( CD );Local: 20 - GALPÃO MIDI;21586;LE-2447 FONE DE OUVIDO INTRA-AURICULAR SEM FIO;UN;85183000;28,00;0,00;0,00;44,64;80,50;1249,92;2254,00
Loja: 3 - NEWSHOP COMERCIO LTDA ( CD );Local: 20 - GALPÃO MIDI;21588;W505 CHINELO PLATAFORMA EVA;UN;64029990;54,00;0,00;0,00;11,71;56,00;632,34;3024,00
Loja: 3 - NEWSHOP COMERCIO LTDA ( CD );Local: 20 - GALPÃO MIDI;21592;LE-136 SUPORTE DE PLASTICO PARA COPO;UN;39269090;70,00;0,00;0,00;6,41;11,50;448,70;805,00
Loja: 3 - NEWSHOP COMERCIO LTDA ( CD );Local: 20 - GALPÃO MIDI;21610;OI-0244 - CAIXA ORGANIZADORA DE POLIESTER PARA ROUPAS ACONDICIONADO EM CAIXA;UN;63079090;100,00;0,00;0,00;7,50;13,50;750,00;1350,00
Loja: 3 - NEWSHOP COMERCIO LTDA ( CD );Local: 20 - GALPÃO MIDI;21618;OI-0274A - PORTA CONDIMENTOS DE PLASTICO PARA COZINHA;UN;39241000;8,00;0,00;0,00;0,00;104,00;0,00;832,00
Loja: 3 - NEWSHOP COMERCIO LTDA ( CD );Local: 20 - GALPÃO MIDI;21646;UTL-0205-APARELHO DEPILADOR FEMININO RECARREGAVEL USB;UN;85103000;128,00;0,00;0,00;1,05;13,00;134,40;1664,00
Loja: 3 - NEWSHOP COMERCIO LTDA ( CD );Local: 20 - GALPÃO MIDI;21647;YP3328-06 ARTIGO DE PLATICO PARA CABELO PRENDEDOR;UN;96159000;110,00;0,00;0,00;2,79;7,00;306,90;770,00
Loja: 3 - NEWSHOP COMERCIO LTDA ( CD );Local: 20 - GALPÃO MIDI;21649;-1 APARADOR REMOVEDOR DE CUTICULA;UN;39269090;55,00;0,00;0,00;0,93;2,00;51,15;110,00
Loja: 3 - NEWSHOP COMERCIO LTDA ( CD );Local: 20 - GALPÃO MIDI;21651;BM-8701B ADAPTADOR PARA TOMADA COM PINO TRIPLOLAR 161X56X36MM;UN;85366990;65,00;10,00;100,00;3,84;21,00;249,60;1365,00
Loja: 3 - NEWSHOP COMERCIO LTDA ( CD );Local: 20 - GALPÃO MIDI;21654;BM-F1230 SPRAY BORRIFADOR PARA OLEOS DE COZINHA - CAPACIDADE: 470ML;UN;70134900;25,00;0,00;0,00;3,30;21,00;82,50;525,00
Loja: 3 - NEWSHOP COMERCIO LTDA ( CD );Local: 20 - GALPÃO MIDI;21656;BM-F1241 CONJUNTO PORTA TEMPEROS COM 20 POTES DE VIDRO;UN;70134900;1,00;0,00;0,00;0,00;134,00;0,00;134,00
Loja: 3 - NEWSHOP COMERCIO LTDA ( CD );Local: 20 - GALPÃO MIDI;21658;YP1541-7/6 - PINÇA DE METAL;UN;82142000;44,00;0,00;0,00;2,79;3,50;122,76;154,00
Loja: 3 - NEWSHOP COMERCIO LTDA ( CD );Local: 20 - GALPÃO MIDI;21661;I806 CHINELO YZ;UN;64029990;14,00;0,00;0,00;12,18;58,00;170,52;812,00
Loja: 3 - NEWSHOP COMERCIO LTDA ( CD );Local: 20 - GALPÃO MIDI;21664;M806 CHINELO;UN;64029990;414,00;0,00;0,00;15,94;76,00;6599,16;31464,00
Loja: 3 - NEWSHOP COMERCIO LTDA ( CD );Local: 20 - GALPÃO MIDI;21666;YP0515-8 PRESILHA DE CABELO;UN;96151100;110,00;0,00;0,00;0,47;5,50;51,70;605,00
Loja: 3 - NEWSHOP COMERCIO LTDA ( CD );Local: 20 - GALPÃO MIDI;21668;W814 CHINELO NUVEM EVA;UN;64029990;167,00;0,00;0,00;9,83;45,00;1641,61;7515,00
Loja: 3 - NEWSHOP COMERCIO LTDA ( CD );Local: 20 - GALPÃO MIDI;21670;W817 CHINELO PLATAFORMA EVA;UN;64029990;48,00;0,00;0,00;10,73;44,00;515,04;2112,00
Loja: 3 - NEWSHOP COMERCIO LTDA ( CD );Local: 20 - GALPÃO MIDI;21672;YP3328-05 PRENDEDOR PARA CABELO;UN;96159000;110,00;0,00;0,00;0,00;6,00;0,00;660,00
Loja: 3 - NEWSHOP COMERCIO LTDA ( CD );Local: 20 - GALPÃO MIDI;21676;YP0515-4 ARTIGO  PARA CABELO PRENDEDOR;UN;96151100;110,00;0,00;0,00;0,00;6,00;0,00;660,00
Loja: 3 - NEWSHOP COMERCIO LTDA ( CD );Local: 20 - GALPÃO MIDI;21677;W822 CHINELO NUVEM EVA;UN;64029990;157,00;0,00;0,00;25,00;50,00;3925,00;7850,00
Loja: 3 - NEWSHOP COMERCIO LTDA ( CD );Local: 20 - GALPÃO MIDI;21680;YP0515-7 PRESILHA DE CABELO;UN;96151100;110,00;0,00;0,00;0,47;5,50;51,70;605,00
Loja: 3 - NEWSHOP COMERCIO LTDA ( CD );Local: 20 - GALPÃO MIDI;21682;W825 CHINELO PLATAFORMA EVA;UN;64029990;182,00;0,00;0,00;11,71;50,00;2131,22;9100,00
Loja: 3 - NEWSHOP COMERCIO LTDA ( CD );Local: 20 - GALPÃO MIDI;21684;YP1541-14 UTENSILIO DE METAL COMUM PARA MANICURE ESPATULA EXTRATORA;UN;82142000;55,00;0,00;0,00;0,00;4,00;0,00;220,00
Loja: 3 - NEWSHOP COMERCIO LTDA ( CD );Local: 20 - GALPÃO MIDI;21686;YP3328-10 ARTIGO DE PLATICO PARA CABELO PRENDEDOR;UN;96159000;55,00;0,00;0,00;0,00;6,00;0,00;330,00
Loja: 3 - NEWSHOP COMERCIO LTDA ( CD );Local: 20 - GALPÃO MIDI;21688;YP3328-12 ARTIGO DE PLATICO PARA CABELO PRENDEDOR;UN;96159000;110,00;0,00;0,00;0,00;6,00;0,00;660,00
Loja: 3 - NEWSHOP COMERCIO LTDA ( CD );Local: 20 - GALPÃO MIDI;21690;1002  MOCILHA;UN;42022210;20,00;0,00;0,00;0,00;70,50;0,00;1410,00
Loja: 3 - NEWSHOP COMERCIO LTDA ( CD );Local: 20 - GALPÃO MIDI;21692;M8022  MOCHILA;UN;42022210;20,00;0,00;0,00;0,00;81,50;0,00;1630,00
Loja: 3 - NEWSHOP COMERCIO LTDA ( CD );Local: 20 - GALPÃO MIDI;21695;8793 MOCHILA;UN;42022210;20,00;0,00;0,00;0,00;80,00;0,00;1600,00
Loja: 3 - NEWSHOP COMERCIO LTDA ( CD );Local: 20 - GALPÃO MIDI;21697;1003 MOCHILA;UN;42022210;5,00;0,00;0,00;0,00;70,50;0,00;352,50
Loja: 3 - NEWSHOP COMERCIO LTDA ( CD );Local: 20 - GALPÃO MIDI;21698;1006 MOCHILA;UN;42022210;20,00;0,00;0,00;0,00;67,00;0,00;1340,00
Loja: 3 - NEWSHOP COMERCIO LTDA ( CD );Local: 20 - GALPÃO MIDI;21699;X040 MOCHILA;UN;42022210;20,00;0,00;0,00;0,00;70,50;0,00;1410,00
Loja: 3 - NEWSHOP COMERCIO LTDA ( CD );Local: 20 - GALPÃO MIDI;21706;X066  BOLSA;UN;42022210;20,00;0,00;0,00;0,00;51,00;0,00;1020,00
Loja: 3 - NEWSHOP COMERCIO LTDA ( CD );Local: 20 - GALPÃO MIDI;21707;D473 BOLSA;UN;42022210;20,00;0,00;0,00;0,00;27,00;0,00;540,00
Loja: 3 - NEWSHOP COMERCIO LTDA ( CD );Local: 20 - GALPÃO MIDI;21708;V2414  BOLSA;UN;42022210;13,00;0,00;0,00;0,00;30,50;0,00;396,50
Loja: 3 - NEWSHOP COMERCIO LTDA ( CD );Local: 20 - GALPÃO MIDI;21709;X141 BOLSA;UN;42022210;20,00;0,00;0,00;0,00;27,00;0,00;540,00
Loja: 3 - NEWSHOP COMERCIO LTDA ( CD );Local: 20 - GALPÃO MIDI;21710;V2424 BOLSA;UN;42022210;20,00;0,00;0,00;0,00;30,50;0,00;610,00
Loja: 3 - NEWSHOP COMERCIO LTDA ( CD );Local: 20 - GALPÃO MIDI;21712;V2390 BOLSA;UN;42022210;12,00;0,00;0,00;0,00;30,50;0,00;366,00
Loja: 3 - NEWSHOP COMERCIO LTDA ( CD );Local: 20 - GALPÃO MIDI;21714;J12 BOLSA;UN;42022210;50,00;0,00;0,00;0,00;30,50;0,00;1525,00
Loja: 3 - NEWSHOP COMERCIO LTDA ( CD );Local: 20 - GALPÃO MIDI;21718;JET001 BOLSA;UN;42022210;20,00;0,00;0,00;5,76;31,00;115,20;620,00
Loja: 3 - NEWSHOP COMERCIO LTDA ( CD );Local: 20 - GALPÃO MIDI;21721;X003 BOLSA;UN;42022210;20,00;0,00;0,00;3,00;59,00;60,00;1180,00
Loja: 3 - NEWSHOP COMERCIO LTDA ( CD );Local: 20 - GALPÃO MIDI;21736;LB753069 BONECA;UN;95030080;50,00;0,00;0,00;12,09;58,30;604,50;2915,00
Loja: 3 - NEWSHOP COMERCIO LTDA ( CD );Local: 20 - GALPÃO MIDI;21738;BOM-2357 VALVULA DE ESCOAMENTO DE INOX 1.1/4 PARA PARA CUBA DE BANHEIRO;UN;84818011;50,00;0,00;0,00;14,80;26,50;740,00;1325,00
Loja: 3 - NEWSHOP COMERCIO LTDA ( CD );Local: 20 - GALPÃO MIDI;21740;"BOM-2358 VALVULA DE ESCOAMENTO DE INOX 7/8"" PARA PIA";UN;84818011;50,00;0,00;0,00;13,90;25,00;695,00;1250,00
Loja: 3 - NEWSHOP COMERCIO LTDA ( CD );Local: 20 - GALPÃO MIDI;21741;BOM-2359 RALO QUADRADO CLICK UP INTELIGENTE;UN;73249000;15,00;0,00;0,00;0,00;23,00;0,00;345,00
Loja: 3 - NEWSHOP COMERCIO LTDA ( CD );Local: 20 - GALPÃO MIDI;21743;BOM-7627 IRRIGADOR DE PLASTICO POR ASPERSAO PARA JARDIM;UN;84248221;36,00;0,00;0,00;1,57;13,00;56,52;468,00
Loja: 3 - NEWSHOP COMERCIO LTDA ( CD );Local: 20 - GALPÃO MIDI;21750;BM-F1283 CONJUNTO DE POTE HERMETICOS DE VIDRO COM TAMPA;UN;70139900;18,00;0,00;0,00;11,00;36,00;198,00;648,00
Loja: 3 - NEWSHOP COMERCIO LTDA ( CD );Local: 20 - GALPÃO MIDI;21753;BM-F1285 POTE HERMETICOS DE VIDRO COM TAMPA;UN;70139900;36,00;0,00;0,00;7,54;27,50;271,44;990,00
Loja: 3 - NEWSHOP COMERCIO LTDA ( CD );Local: 20 - GALPÃO MIDI;21754;BM-F1278 POTE ORGANIZADOR DE GELADEIRA COM 4 DIVISORIAS;UN;39233090;24,00;0,00;0,00;0,00;32,00;0,00;768,00
Loja: 3 - NEWSHOP COMERCIO LTDA ( CD );Local: 20 - GALPÃO MIDI;21755;BM-F1279 POTE COM 8 DIVISORIAS DE PLÁSTICO;UN;39233090;9,00;0,00;0,00;0,00;65,00;0,00;585,00
Loja: 3 - NEWSHOP COMERCIO LTDA ( CD );Local: 20 - GALPÃO MIDI;21759;BM-F1297 PEN DRIVE 32G COM CHAVEIRO;UN;85235190;250,00;0,00;0,00;19,50;19,50;4875,00;4875,00
Loja: 3 - NEWSHOP COMERCIO LTDA ( CD );Local: 20 - GALPÃO MIDI;21761;BM-F1298 PEN DRIVE 64G COM CHAVEIRO;UN;85235190;220,00;0,00;0,00;3,40;26,00;748,00;5720,00
Loja: 3 - NEWSHOP COMERCIO LTDA ( CD );Local: 20 - GALPÃO MIDI;21763;BM-F1309 BALDE DOBRAVEL - FEITO DE PLASTICO - CAPACIDADE: 10L;UN;39269090;20,00;0,00;0,00;13,41;24,00;268,20;480,00
Loja: 3 - NEWSHOP COMERCIO LTDA ( CD );Local: 20 - GALPÃO MIDI;21765;BM-F1331 CONJUNTO DE FORMAS PARA MINI CUPCAKE;UN;39269090;45,00;0,00;0,00;0,00;17,50;0,00;787,50
Loja: 3 - NEWSHOP COMERCIO LTDA ( CD );Local: 20 - GALPÃO MIDI;21767;BM-F1332 CONJUNTO DE FORMAS DE PLASTICO PARA MINI CUPCAKE;UN;39269090;30,00;0,00;0,00;16,11;29,00;483,30;870,00
Loja: 3 - NEWSHOP COMERCIO LTDA ( CD );Local: 20 - GALPÃO MIDI;21768;BM-F1334 CONJUNTO DE QUATRO POTES QUADRADOS COM TAMPA;UN;39239090;18,00;0,00;0,00;6,25;35,50;112,50;639,00
Loja: 3 - NEWSHOP COMERCIO LTDA ( CD );Local: 20 - GALPÃO MIDI;21773;BM-F1338 ARARA MULTIFUNCIONAL DE CANTO COM CABIDEIRO;UN;94032090;40,00;0,00;0,00;11,87;52,00;474,80;2080,00
Loja: 3 - NEWSHOP COMERCIO LTDA ( CD );Local: 20 - GALPÃO MIDI;21776;BM-F1343 ADAPTADOR DE MOEDOR DE CAFE PORTATIL;UN;39241000;60,00;0,00;0,00;31,50;56,50;1890,00;3390,00
Loja: 3 - NEWSHOP COMERCIO LTDA ( CD );Local: 20 - GALPÃO MIDI;21794;LT-006 CAFETEIRA 300ML;UN;85167100;36,00;0,00;0,00;1,00;49,90;36,00;1796,40
Loja: 3 - NEWSHOP COMERCIO LTDA ( CD );Local: 20 - GALPÃO MIDI;21799;BM-S105 CAIXA DE SOM BLUETHOOT/USB;UN;85271300;6,00;0,00;0,00;5,24;27,50;31,44;165,00
Loja: 3 - NEWSHOP COMERCIO LTDA ( CD );Local: 20 - GALPÃO MIDI;21801;BM-S207 CAIXA SOM MULTIMIDIA DIGITAL;UN;85185000;5,00;0,00;0,00;1,00;34,00;5,00;170,00
Loja: 3 - NEWSHOP COMERCIO LTDA ( CD );Local: 20 - GALPÃO MIDI;21803;BM-8696B EXTENSÃO COM 5 TOMADAS + 4 USB CABO 2 METROS BIVOLT;UN;85363090;1,00;0,00;0,00;0,00;45,50;0,00;45,50
Loja: 3 - NEWSHOP COMERCIO LTDA ( CD );Local: 20 - GALPÃO MIDI;21820;LT-8655 BOMBA DE AGUA;UN;84142000;1,00;0,00;0,00;0,00;23,50;0,00;23,50
Loja: 3 - NEWSHOP COMERCIO LTDA ( CD );Local: 20 - GALPÃO MIDI;21822;LT-012 CAFETEIRA 600ML;UN;85167100;60,00;0,00;0,00;56,00;79,90;3360,00;4794,00
Loja: 3 - NEWSHOP COMERCIO LTDA ( CD );Local: 20 - GALPÃO MIDI;21827;MAZ-121B CASCATA DE CHOCOLATE -- 220 V - 35 W - 60 HZ - IPX0 - CLASSE II;UN;85167990;24,00;0,00;0,00;0,00;113,00;0,00;2712,00
Loja: 3 - NEWSHOP COMERCIO LTDA ( CD );Local: 20 - GALPÃO MIDI;21831;BMG-01  SUPORTE PARA GPS/CELULAR DE PLASTICO;UN;39269090;130,00;10,00;200,00;1,53;24,50;198,90;3185,00
Loja: 3 - NEWSHOP COMERCIO LTDA ( CD );Local: 20 - GALPÃO MIDI;21851;BM-8637 CABO COM CONECTOR USB PARA V8 - TAMANHO: 12M;UN;85049090;400,00;0,00;0,00;0,00;3,00;0,00;1200,00
Loja: 3 - NEWSHOP COMERCIO LTDA ( CD );Local: 20 - GALPÃO MIDI;21853;BMG-54 SUPORTE DE PLASTICO PARA CELULAR;UN;39269090;66,00;0,00;0,00;2,69;16,50;177,54;1089,00
Loja: 3 - NEWSHOP COMERCIO LTDA ( CD );Local: 20 - GALPÃO MIDI;21854;BMG-56 SUPORTE DE PLASTICO PARA CELULAR (UNIVERSAL);UN;39269090;50,00;0,00;0,00;0,00;19,50;0,00;975,00
Loja: 3 - NEWSHOP COMERCIO LTDA ( CD );Local: 20 - GALPÃO MIDI;21855;UV-5R RADIO COMUNICADOR (WALKIE TALKIE) 128 CANAIS UHF CERTIFICADO ANATEL;UN;85171410;24,00;0,00;0,00;0,00;121,00;0,00;2904,00
Loja: 3 - NEWSHOP COMERCIO LTDA ( CD );Local: 20 - GALPÃO MIDI;21858;BOM-2107 CONJUNTO DE CHUVEIRO (DUCHA) DE MAO;UN;39249000;30,00;0,00;0,00;21,30;38,50;639,00;1155,00
Loja: 3 - NEWSHOP COMERCIO LTDA ( CD );Local: 20 - GALPÃO MIDI;21862;BOM-2108 ACESSORIOS PARA CHUVEIRO SENDO CHUVEIRINHO;UN;39249000;25,00;0,00;0,00;12,00;21,50;300,00;537,50
Loja: 3 - NEWSHOP COMERCIO LTDA ( CD );Local: 20 - GALPÃO MIDI;21871;BOM-2805 ESCADA ARTICULADA DE ALUMINIO 16 DEGRAUS;UN;76169900;2,00;0,00;0,00;0,00;831,00;0,00;1662,00
Loja: 3 - NEWSHOP COMERCIO LTDA ( CD );Local: 20 - GALPÃO MIDI;21872;BOM-2852 CARRINHO DE PLATAFORMA;UN;87168000;1,00;0,00;0,00;56,35;355,00;56,35;355,00
Loja: 3 - NEWSHOP COMERCIO LTDA ( CD );Local: 20 - GALPÃO MIDI;21873;BOM-2853 CARRINHO DE PLATAFORMA - 150KG;UN;87168000;1,00;0,00;0,00;99,84;474,00;99,84;474,00
Loja: 3 - NEWSHOP COMERCIO LTDA ( CD );Local: 20 - GALPÃO MIDI;21885;OIP-0800 TUNEL COLORIDO PARA GATOS;UN;39269090;80,00;0,00;0,00;19,53;35,00;1562,40;2800,00
Loja: 3 - NEWSHOP COMERCIO LTDA ( CD );Local: 20 - GALPÃO MIDI;21893;OIP-0804 TUNEL PARA GATOS;UN;39269090;40,00;0,00;0,00;0,00;60,50;0,00;2420,00
Loja: 3 - NEWSHOP COMERCIO LTDA ( CD );Local: 20 - GALPÃO MIDI;21897;OIP-0805 TUNEL COLORIDO DOBRAVEL PARA GATOS;UN;39269090;40,00;0,00;0,00;35,34;63,50;1413,60;2540,00
Loja: 3 - NEWSHOP COMERCIO LTDA ( CD );Local: 20 - GALPÃO MIDI;21901;OIP-0200 COMEDOURO AUTOMATICO PARA PETS;UN;85098090;6,00;0,00;0,00;295,74;319,90;1774,44;1919,40
Loja: 3 - NEWSHOP COMERCIO LTDA ( CD );Local: 20 - GALPÃO MIDI;21904;OIH-5950 AUTOMATIZADOR DE CORTINAS;UN;84798999;16,00;0,00;0,00;160,00;160,00;2560,00;2560,00
Loja: 3 - NEWSHOP COMERCIO LTDA ( CD );Local: 20 - GALPÃO MIDI;21907;OIP-0801 TUNEL COLORIDO PARA GATOS;UN;39269090;20,00;0,00;0,00;0,00;35,00;0,00;700,00
Loja: 3 - NEWSHOP COMERCIO LTDA ( CD );Local: 20 - GALPÃO MIDI;21908;OIP-1630 MAQUINA DE TOSA PARA PETS;UN;85102000;6,00;0,00;0,00;6,51;35,00;39,06;210,00
Loja: 3 - NEWSHOP COMERCIO LTDA ( CD );Local: 20 - GALPÃO MIDI;21910;OIP-1631 MAQUINA DE TOSA PARA PETS;UN;85102000;14,00;0,00;0,00;0,00;72,00;0,00;1008,00
Loja: 3 - NEWSHOP COMERCIO LTDA ( CD );Local: 20 - GALPÃO MIDI;21912;OIH-7620 ESPREGUICADEIRA DOBRAVEL;UN;94017900;1,00;0,00;0,00;267,84;482,00;267,84;482,00
Loja: 3 - NEWSHOP COMERCIO LTDA ( CD );Local: 20 - GALPÃO MIDI;21916;OIH-2590 MAQUINA PARA MASSA DE MACARRAO;UN;85098090;12,00;0,00;0,00;66,96;67,00;803,52;804,00
Loja: 3 - NEWSHOP COMERCIO LTDA ( CD );Local: 20 - GALPÃO MIDI;21918;OIH-4351 PRATELEIRA COM RODINHAS;UN;94032090;3,00;0,00;0,00;109,74;197,00;329,22;591,00
Loja: 3 - NEWSHOP COMERCIO LTDA ( CD );Local: 20 - GALPÃO MIDI;21923;OIF-7900 SUPORTE PARA CELULAR;UN;39269090;12,00;0,00;0,00;4,55;124,00;54,60;1488,00
Loja: 3 - NEWSHOP COMERCIO LTDA ( CD );Local: 20 - GALPÃO MIDI;21935;BOM-5498 PACOTE DE ABRACADEIRA DE NYLON;UN;39169090;180,00;0,00;0,00;8,30;15,00;1494,00;2700,00
Loja: 3 - NEWSHOP COMERCIO LTDA ( CD );Local: 20 - GALPÃO MIDI;21948;110012 FRIGIDEIRA WOK IRON MAX INDUCAO 34CM;UN;73239900;20,00;0,00;0,00;14,70;54,50;294,00;1090,00
Loja: 3 - NEWSHOP COMERCIO LTDA ( CD );Local: 20 - GALPÃO MIDI;21951;111004 FERVEDOR REVEST + CERAMICA PREMIUM 14CM;UN;76151000;24,00;0,00;0,00;16,10;61,50;386,40;1476,00
Loja: 3 - NEWSHOP COMERCIO LTDA ( CD );Local: 20 - GALPÃO MIDI;21952;111005 FRIGIDEIRA 12 REVEST+ CEREMICA;UN;76151000;1,00;0,00;0,00;5,84;22,00;5,84;22,00
Loja: 3 - NEWSHOP COMERCIO LTDA ( CD );Local: 20 - GALPÃO MIDI;21969;111006 KIT 2 FRIGIDEIRAS REVEST+ CERAMICA 12/18CM  + ESPATULA;UN;76151000;29,00;0,00;0,00;15,15;59,00;439,35;1711,00
Loja: 3 - NEWSHOP COMERCIO LTDA ( CD );Local: 20 - GALPÃO MIDI;22132;LE-6041 PERFURADOR DE PAPEL 2 FUROS;UN;84729040;60,00;0,00;0,00;3,88;7,50;232,80;450,00
Loja: 3 - NEWSHOP COMERCIO LTDA ( CD );Local: 20 - GALPÃO MIDI;22142;BLL90224 BOLSA FEMININA;UN;42022220;12,00;0,00;0,00;75,00;120,00;900,00;1440,00
Loja: 3 - NEWSHOP COMERCIO LTDA ( CD );Local: 20 - GALPÃO MIDI;22146;1741-SF BOLSA LATERAL;UN;42022220;12,00;0,00;0,00;0,00;77,00;0,00;924,00
Loja: 3 - NEWSHOP COMERCIO LTDA ( CD );Local: 20 - GALPÃO MIDI;22147;SL0725B PAINEL DE LED COM WI-FI  (LETREIRO);UN;85312000;3,00;0,00;0,00;33,70;335,00;101,10;1005,00
Loja: 3 - NEWSHOP COMERCIO LTDA ( CD );Local: 20 - GALPÃO MIDI;22153;BOM-9670 FURADEIRA/PARAFUSADEIRA ELETRICA - 220V;UN;84672992;5,00;0,00;0,00;15,48;133,00;77,40;665,00
Loja: 3 - NEWSHOP COMERCIO LTDA ( CD );Local: 20 - GALPÃO MIDI;22154;LE 2005 PAINEL DE LED;UN;85312000;5,00;0,00;0,00;0,00;58,50;0,00;292,50
Loja: 3 - NEWSHOP COMERCIO LTDA ( CD );Local: 20 - GALPÃO MIDI;22155;BLL90229 BOLSA;UN;42022220;12,00;0,00;0,00;0,00;120,00;0,00;1440,00
Loja: 3 - NEWSHOP COMERCIO LTDA ( CD );Local: 20 - GALPÃO MIDI;22156;BL20617 MOCHILA;UN;62061000;15,00;0,00;0,00;0,00;61,00;0,00;915,00
Loja: 3 - NEWSHOP COMERCIO LTDA ( CD );Local: 20 - GALPÃO MIDI;22157;KH30164 BOLSA;UN;42022220;12,00;0,00;0,00;0,00;72,00;0,00;864,00
Loja: 3 - NEWSHOP COMERCIO LTDA ( CD );Local: 20 - GALPÃO MIDI;22158;KH30165 BOLSA FEMININA;UN;42022220;12,00;0,00;0,00;0,00;104,00;0,00;1248,00
Loja: 3 - NEWSHOP COMERCIO LTDA ( CD );Local: 20 - GALPÃO MIDI;22164;BL20165 BOLSA;UN;42022220;12,00;0,00;0,00;0,00;51,00;0,00;612,00
Loja: 3 - NEWSHOP COMERCIO LTDA ( CD );Local: 20 - GALPÃO MIDI;22165;BL20169 BOLSA;UN;42022220;60,00;0,00;0,00;0,00;56,00;0,00;3360,00
Loja: 3 - NEWSHOP COMERCIO LTDA ( CD );Local: 20 - GALPÃO MIDI;22166;BM21375 MOCHILA TOY STORY;UN;62061000;15,00;0,00;0,00;0,00;56,00;0,00;840,00
Loja: 3 - NEWSHOP COMERCIO LTDA ( CD );Local: 20 - GALPÃO MIDI;22167;BM21377 MOCHILA;UN;62061000;30,00;0,00;0,00;0,00;53,00;0,00;1590,00
Loja: 3 - NEWSHOP COMERCIO LTDA ( CD );Local: 20 - GALPÃO MIDI;22169;KH30167 BOLSA;UN;42022220;12,00;0,00;0,00;0,00;72,00;0,00;864,00
Loja: 3 - NEWSHOP COMERCIO LTDA ( CD );Local: 20 - GALPÃO MIDI;22170;KH30168 BOLSA;UN;42022220;12,00;0,00;0,00;0,00;77,00;0,00;924,00
Loja: 3 - NEWSHOP COMERCIO LTDA ( CD );Local: 20 - GALPÃO MIDI;22171;KH30169 BOLSA;UN;42022220;12,00;0,00;0,00;0,00;77,00;0,00;924,00
Loja: 3 - NEWSHOP COMERCIO LTDA ( CD );Local: 20 - GALPÃO MIDI;22172;MN50033 MOCHILA;UN;62061000;15,00;0,00;0,00;0,00;83,00;0,00;1245,00
Loja: 3 - NEWSHOP COMERCIO LTDA ( CD );Local: 20 - GALPÃO MIDI;22173;MN50048 MOCHILA;UN;62061000;30,00;0,00;0,00;0,00;56,00;0,00;1680,00
Loja: 3 - NEWSHOP COMERCIO LTDA ( CD );Local: 20 - GALPÃO MIDI;22174;MN50049 MOCHILA CAPÍVARA COM 5 BOTTONS E ADESIVO;UN;62061000;15,00;0,00;0,00;0,00;61,00;0,00;915,00
Loja: 3 - NEWSHOP COMERCIO LTDA ( CD );Local: 20 - GALPÃO MIDI;22178;SP50110 BOLSA DE PRAIA;UN;42022220;12,00;0,00;0,00;0,00;72,00;0,00;864,00
Loja: 3 - NEWSHOP COMERCIO LTDA ( CD );Local: 20 - GALPÃO MIDI;22179;SP50116 BOLSA CHAVEIRO;UN;42022220;78,00;0,00;0,00;0,00;11,50;0,00;897,00
Loja: 3 - NEWSHOP COMERCIO LTDA ( CD );Local: 20 - GALPÃO MIDI;22180;SP50119 BOLSA;UN;42022220;78,00;0,00;0,00;0,00;24,00;0,00;1872,00
Loja: 3 - NEWSHOP COMERCIO LTDA ( CD );Local: 20 - GALPÃO MIDI;22181;SP50138 BOLSA DE PRAIA;UN;42022220;12,00;0,00;0,00;0,00;88,00;0,00;1056,00
Loja: 3 - NEWSHOP COMERCIO LTDA ( CD );Local: 20 - GALPÃO MIDI;22182;SP50139 BOLSA DE PRAIA;UN;42022220;12,00;0,00;0,00;0,00;88,00;0,00;1056,00
Loja: 3 - NEWSHOP COMERCIO LTDA ( CD );Local: 20 - GALPÃO MIDI;22183;SP50140 BOLSA DE PRAIA;UN;42022220;12,00;0,00;0,00;0,00;80,00;0,00;960,00
Loja: 3 - NEWSHOP COMERCIO LTDA ( CD );Local: 20 - GALPÃO MIDI;22186;5919-SF BOLSA;UN;42022220;12,00;0,00;0,00;0,00;57,50;0,00;690,00
Loja: 3 - NEWSHOP COMERCIO LTDA ( CD );Local: 20 - GALPÃO MIDI;22187;5920-SF BOLSA;UN;42022220;12,00;0,00;0,00;0,00;48,00;0,00;576,00
Loja: 3 - NEWSHOP COMERCIO LTDA ( CD );Local: 20 - GALPÃO MIDI;22188;SP50150 BOLSA DE PRAIA;UN;42022220;12,00;0,00;0,00;0,00;88,00;0,00;1056,00
Loja: 3 - NEWSHOP COMERCIO LTDA ( CD );Local: 20 - GALPÃO MIDI;22247;BLL8878 BOLSA;UN;42022220;36,00;0,00;0,00;0,00;64,00;0,00;2304,00
Loja: 3 - NEWSHOP COMERCIO LTDA ( CD );Local: 20 - GALPÃO MIDI;22387;MCH018 CAIXA DE JOIAS;UN;39241000;5240,00;0,00;0,00;0,00;9,99;0,00;52347,60
Loja: 3 - NEWSHOP COMERCIO LTDA ( CD );Local: 20 - GALPÃO MIDI;22434;OIH-2027 FRIGIDEIRA ANTIADERENTE METAL;UN;73239900;144,00;0,00;0,00;0,00;49,90;0,00;7185,60
Loja: 3 - NEWSHOP COMERCIO LTDA ( CD );Local: 20 - GALPÃO MIDI;22437;OIH-2029 FRIGIDEIRA ANTIADERENTE 3 DIVISORIAS;UN;73239900;33,00;0,00;0,00;0,00;62,00;0,00;2046,00
Loja: 3 - NEWSHOP COMERCIO LTDA ( CD );Local: 20 - GALPÃO MIDI;22441;OIH-2031 FRIGIDEIRA ANTIADERENTE 3 DIVISORIAS;UN;73239900;33,00;0,00;0,00;0,00;90,00;0,00;2970,00
Loja: 3 - NEWSHOP COMERCIO LTDA ( CD );Local: 20 - GALPÃO MIDI;22442;OIH-2021 FRIGIDEIRA GRILL ANTIADERENTE;UN;73239900;192,00;0,00;0,00;0,00;49,90;0,00;9580,80
Loja: 3 - NEWSHOP COMERCIO LTDA ( CD );Local: 20 - GALPÃO MIDI;22446;OIH-7302 ASSENTO ESTOFADO PARA EXERCICIOS;UN;94017100;4,00;0,00;0,00;0,00;499,00;0,00;1996,00
Loja: 3 - NEWSHOP COMERCIO LTDA ( CD );Local: 20 - GALPÃO MIDI;22587;CX-70324 MARTELETE 220V CX-4;UN;85177900;2,00;0,00;0,00;342,00;615,00;684,00;1230,00
Loja: 3 - NEWSHOP COMERCIO LTDA ( CD );Local: 20 - GALPÃO MIDI;22588;MY-7271 CORTINA LED CX-100;UN;91029900;50,00;0,00;0,00;19,80;35,50;990,00;1775,00
Loja: 3 - NEWSHOP COMERCIO LTDA ( CD );Local: 20 - GALPÃO MIDI;22591;MY-7270 CORTINA LED CX-100;UN;91029900;50,00;0,00;0,00;21,60;39,00;1080,00;1950,00
Loja: 3 - NEWSHOP COMERCIO LTDA ( CD );Local: 20 - GALPÃO MIDI;22595;MY-7272 CORTINA LED CX-100;UN;91029900;50,00;0,00;0,00;18,00;32,50;900,00;1625,00
Loja: 3 - NEWSHOP COMERCIO LTDA ( CD );Local: 20 - GALPÃO MIDI;22603;XJ-SX-50 LEGO MINECRAFT 50 PÇS;UN;95030060;2,00;0,00;0,00;0,00;76,00;0,00;152,00
Loja: 3 - NEWSHOP COMERCIO LTDA ( CD );Local: 20 - GALPÃO MIDI;22612;CX-70325 220V MAQUINA DE SOLDA CX-6;UN;85177900;3,00;0,00;0,00;44,00;376,00;132,00;1128,00
Loja: 3 - NEWSHOP COMERCIO LTDA ( CD );Local: 20 - GALPÃO MIDI;22613;CX-70327 SERRA TICO TICO CX-10;UN;85177900;5,00;0,00;0,00;20,00;171,00;100,00;855,00
Loja: 3 - NEWSHOP COMERCIO LTDA ( CD );Local: 20 - GALPÃO MIDI;22622;MJ-6988 FONE DE OUVIDO PESCOCO;UN;85183000;26,00;0,00;0,00;1,77;34,50;46,02;897,00
Loja: 3 - NEWSHOP COMERCIO LTDA ( CD );Local: 20 - GALPÃO MIDI;22627;TG-312 CAIXA DE SOM;UN;85182100;20,00;0,00;0,00;4,65;50,00;93,00;1000,00
Loja: 3 - NEWSHOP COMERCIO LTDA ( CD );Local: 20 - GALPÃO MIDI;22628;HO20652 BOLSA FEMININA;UN;42022210;1,00;0,00;0,00;0,00;109,00;0,00;109,00
Loja: 3 - NEWSHOP COMERCIO LTDA ( CD );Local: 20 - GALPÃO MIDI;22630;C2501 MICROFONE SEM FIO Q8;UN;85181090;21,00;0,00;0,00;4,65;90,00;97,65;1890,00
Loja: 3 - NEWSHOP COMERCIO LTDA ( CD );Local: 20 - GALPÃO MIDI;22633;TG-193 CAIXA DE SOM;UN;85182100;1,00;0,00;0,00;3,25;35,00;3,25;35,00
Loja: 3 - NEWSHOP COMERCIO LTDA ( CD );Local: 20 - GALPÃO MIDI;22634;G9S FONE BLUETOOTH;UN;85183000;36,00;0,00;0,00;0,00;39,50;0,00;1422,00
Loja: 3 - NEWSHOP COMERCIO LTDA ( CD );Local: 20 - GALPÃO MIDI;22635;TG-313 CAIXA DE SOM;UN;85182100;30,00;0,00;0,00;0,00;45,00;0,00;1350,00
Loja: 3 - NEWSHOP COMERCIO LTDA ( CD );Local: 20 - GALPÃO MIDI;22638;HO20648 BOLSA FEMININA;UN;42022210;1,00;0,00;0,00;0,00;109,00;0,00;109,00
Loja: 3 - NEWSHOP COMERCIO LTDA ( CD );Local: 20 - GALPÃO MIDI;22640;5286193 ADEREÇO DE CROCS VARIOS PERSONAGENS;UN;83089010;450,00;0,00;0,00;0,00;2,00;0,00;900,00
Loja: 3 - NEWSHOP COMERCIO LTDA ( CD );Local: 20 - GALPÃO MIDI;22641;HO20685 BOLSA FEMININA;UN;42022210;1,00;0,00;0,00;0,00;138,00;0,00;138,00
Loja: 3 - NEWSHOP COMERCIO LTDA ( CD );Local: 20 - GALPÃO MIDI;22648;HQ20660 BOLSA FEMININA;UN;42022210;6,00;0,00;0,00;58,00;93,00;348,00;558,00
Loja: 3 - NEWSHOP COMERCIO LTDA ( CD );Local: 20 - GALPÃO MIDI;22693;OI-0445 - FORMA DE GELO DE PLASTICO;UN;39241000;150,00;0,00;0,00;0,90;6,50;135,00;975,00
Loja: 3 - NEWSHOP COMERCIO LTDA ( CD );Local: 20 - GALPÃO MIDI;22695;HO-19856-3 BOLSA  FEMININA TAMANHO: PEQUENO;UN;42022210;12,00;0,00;0,00;40,00;65,00;480,00;780,00
Loja: 3 - NEWSHOP COMERCIO LTDA ( CD );Local: 20 - GALPÃO MIDI;22698;HO-20820-2 BOLSA FEMININA TAMANHO: MEDIO;UN;42022210;12,00;0,00;0,00;55,00;89,00;660,00;1068,00
Loja: 3 - NEWSHOP COMERCIO LTDA ( CD );Local: 20 - GALPÃO MIDI;22701;OI-0495 - ORGANIZADOR DE METAL COMUM CONTENDO 16 PEC;UN;73239900;2,00;0,00;0,00;0,00;63,00;0,00;126,00
Loja: 3 - NEWSHOP COMERCIO LTDA ( CD );Local: 20 - GALPÃO MIDI;22702;HO-20820-3 BOLSA FEMININA TAMANHO: PEQUENO;UN;42022210;12,00;0,00;0,00;43,00;69,00;516,00;828,00
Loja: 3 - NEWSHOP COMERCIO LTDA ( CD );Local: 20 - GALPÃO MIDI;22705;MS19712-2 BOLSA FEMININA TAMANHO: PEQUENA;UN;42022210;15,00;0,00;0,00;45,00;72,00;675,00;1080,00
Loja: 3 - NEWSHOP COMERCIO LTDA ( CD );Local: 20 - GALPÃO MIDI;22707;OI-0403 - CORTADOR DE LEGUMES COM ARMAZENAMENTO;UN;82055100;25,00;0,00;0,00;0,00;36,00;0,00;900,00
Loja: 3 - NEWSHOP COMERCIO LTDA ( CD );Local: 20 - GALPÃO MIDI;22714;HO-19856-2 BOLSA  FEMININA TAMANHO: MEDIO;UN;42022210;12,00;0,00;0,00;55,00;89,00;660,00;1068,00
Loja: 3 - NEWSHOP COMERCIO LTDA ( CD );Local: 20 - GALPÃO MIDI;22716;OIF-7631 POLTRONA INFLAVEL PORTATIL;UN;94018000;6,00;0,00;0,00;86,49;155,00;518,94;930,00
Loja: 3 - NEWSHOP COMERCIO LTDA ( CD );Local: 20 - GALPÃO MIDI;22717;HO-20809-2 BOLSA FEMININA TAMANHO: MEDIO;UN;42022210;12,00;0,00;0,00;53,00;85,00;636,00;1020,00
Loja: 3 - NEWSHOP COMERCIO LTDA ( CD );Local: 20 - GALPÃO MIDI;22718;HO-20809-3 BOLSA FEMININA TAMANHO: PEQUENO;UN;42022210;12,00;0,00;0,00;40,00;65,00;480,00;780,00
Loja: 3 - NEWSHOP COMERCIO LTDA ( CD );Local: 20 - GALPÃO MIDI;22720;HO-20810-2 BOLSA FEMININA TAMANHO: MEDIO;UN;42022210;12,00;0,00;0,00;53,00;85,00;636,00;1020,00
Loja: 3 - NEWSHOP COMERCIO LTDA ( CD );Local: 20 - GALPÃO MIDI;22721;HO-20810-3 BOLSA FEMININA TAMANHO: PEQUENO;UN;42022210;12,00;0,00;0,00;40,00;65,00;480,00;780,00
Loja: 3 - NEWSHOP COMERCIO LTDA ( CD );Local: 20 - GALPÃO MIDI;22734;HO-20811-2 BOLSA FEMININA TAMANHO: MEDIO;UN;42022210;12,00;0,00;0,00;53,00;85,00;636,00;1020,00
Loja: 3 - NEWSHOP COMERCIO LTDA ( CD );Local: 20 - GALPÃO MIDI;22752;HO-20811-3 BOLSA FEMININA TAMANHO: PEQUENO;UN;42022210;12,00;0,00;0,00;40,00;65,00;480,00;780,00
Loja: 3 - NEWSHOP COMERCIO LTDA ( CD );Local: 20 - GALPÃO MIDI;22769;HO-20821-2 BOLSA FEMININA TAMANHO: MEDIO;UN;42022210;12,00;0,00;0,00;43,00;89,00;516,00;1068,00
Loja: 3 - NEWSHOP COMERCIO LTDA ( CD );Local: 20 - GALPÃO MIDI;22772;HO-20821-3 BOLSA FEMININA TAMANHO: PEQUENO;UN;42022210;12,00;0,00;0,00;36,60;69,00;439,20;828,00
Loja: 3 - NEWSHOP COMERCIO LTDA ( CD );Local: 20 - GALPÃO MIDI;22775;BOM-5541 KIT TUBO TERMORRETRATIL;UN;39269090;200,00;0,00;0,00;0,60;8,50;120,00;1700,00
Loja: 3 - NEWSHOP COMERCIO LTDA ( CD );Local: 20 - GALPÃO MIDI;22818;CADERNO DE PAPEL - NCM:48202000 - MATRIZ;UN;48202000;60,00;0,00;0,00;1,96;0,00;117,60;0,00
Loja: 3 - NEWSHOP COMERCIO LTDA ( CD );Local: 20 - GALPÃO MIDI;22821;6250-31 - CADERNO DE ANOTAÇÕES CAPIVARA COM FECHO DE IMÃ;UN;48202000;2,00;0,00;0,00;13,20;31,50;26,40;63,00
Loja: 3 - NEWSHOP COMERCIO LTDA ( CD );Local: 20 - GALPÃO MIDI;22826;DT-003 CADERNO DE ANOTAÇÕES COM CALCULADORA CAPIVARA;UN;48202000;5,00;0,00;0,00;0,00;34,50;0,00;172,50
Loja: 3 - NEWSHOP COMERCIO LTDA ( CD );Local: 20 - GALPÃO MIDI;22829;YS-101-24 GIZ DE CERA PATINHA DE GATO;UN;96099000;48,00;0,00;0,00;3,67;29,00;176,16;1392,00
Loja: 3 - NEWSHOP COMERCIO LTDA ( CD );Local: 20 - GALPÃO MIDI;22844;ER1002 BORRACHA ESCOLAR CAPIVARA;UN;40169200;5,00;0,00;0,00;2,50;2,50;12,50;12,50
Loja: 3 - NEWSHOP COMERCIO LTDA ( CD );Local: 20 - GALPÃO MIDI;22879;TESOURA- NCM:38249929- MATRIZ;UN;38249929;614,00;0,00;0,00;1,89;0,00;1160,46;0,00
Loja: 3 - NEWSHOP COMERCIO LTDA ( CD );Local: 20 - GALPÃO MIDI;22893;BOM-1126 CHAVE PHILLIPS DE 12 POLEGADAS;UN;84672992;120,00;0,00;0,00;1,91;8,50;229,20;1020,00
Loja: 3 - NEWSHOP COMERCIO LTDA ( CD );Local: 20 - GALPÃO MIDI;22966;BM-F1353 MINI MAQUINA DE LAVAR PORTATIL/DOBRAVEL;UN;85098090;5,00;0,00;0,00;27,19;137,00;135,95;685,00
Loja: 3 - NEWSHOP COMERCIO LTDA ( CD );Local: 20 - GALPÃO MIDI;22986;BOM-9250 GERADOR PORTATIL  A  GASOLINA;UN;85013220;1,00;0,00;0,00;0,00;2810,00;0,00;2810,00
Loja: 3 - NEWSHOP COMERCIO LTDA ( CD );Local: 20 - GALPÃO MIDI;22988;BOM-5664 ADAPTADOR PARA CONVERTER ESMILHADEIRA EM LIXADEIRA DE CINTA;UN;82055900;25,00;0,00;0,00;21,30;38,50;532,50;962,50
Loja: 3 - NEWSHOP COMERCIO LTDA ( CD );Local: 20 - GALPÃO MIDI;22989;BOM-9205 CORTADOR DE GRAMA CARRINHO;UN;84331100;1,00;0,00;0,00;0,00;2825,00;0,00;2825,00
Loja: 3 - NEWSHOP COMERCIO LTDA ( CD );Local: 20 - GALPÃO MIDI;23015;BM-F1341-3 CESTO ORGANIZADOR PEQUENO 26X17.3X12.8;UN;39261000;8,00;0,00;0,00;0,00;25,00;0,00;200,00
Loja: 3 - NEWSHOP COMERCIO LTDA ( CD );Local: 20 - GALPÃO MIDI;23143;BOM-6514 ESQUADRO COMBINADO COM NIVEL E REGUA;UN;90172000;30,00;0,00;0,00;3,07;16,50;92,10;495,00
Loja: 3 - NEWSHOP COMERCIO LTDA ( CD );Local: 20 - GALPÃO MIDI;23155;BOM-5321 CONJUNTO DE PARAFUSO GANCHO PITAO (EMBALAGEM COM 8 PCS);UN;73181500;144,00;0,00;0,00;0,92;4,50;132,48;648,00
Loja: 3 - NEWSHOP COMERCIO LTDA ( CD );Local: 20 - GALPÃO MIDI;23158;BOM-7641 PISTOLA DE PULVERIZACAO ELETRICA PORTATIL;UN;84248990;12,00;0,00;0,00;15,53;83,50;186,36;1002,00
Loja: 3 - NEWSHOP COMERCIO LTDA ( CD );Local: 20 - GALPÃO MIDI;23159;BOM-7642 PULVERIZADOR ELETRICO PORTATIL;UN;84248990;3,00;0,00;0,00;16,67;134,00;50,01;402,00
Loja: 3 - NEWSHOP COMERCIO LTDA ( CD );Local: 20 - GALPÃO MIDI;23213;NN11 SQUISHY BALL;UN;95030080;80,00;0,00;0,00;0,00;7,50;0,00;600,00
Loja: 3 - NEWSHOP COMERCIO LTDA ( CD );Local: 20 - GALPÃO MIDI;23259;23259 COLAR;UN;71171100;207,00;0,00;0,00;2,42;13,00;500,94;2691,00
Loja: 3 - NEWSHOP COMERCIO LTDA ( CD );Local: 20 - GALPÃO MIDI;23266;23266 PULSEIRA;UN;71171100;158,00;0,00;0,00;1,30;7,00;205,40;1106,00
Loja: 3 - NEWSHOP COMERCIO LTDA ( CD );Local: 20 - GALPÃO MIDI;23267;23267 ANEL;UN;71171100;560,00;0,00;0,00;1,77;9,50;991,20;5320,00
Loja: 3 - NEWSHOP COMERCIO LTDA ( CD );Local: 20 - GALPÃO MIDI;23316;BO0024 BORRACHA OVAL NEON;UN;40169200;84,00;0,00;0,00;0,00;2,50;0,00;210,00
Loja: 3 - NEWSHOP COMERCIO LTDA ( CD );Local: 20 - GALPÃO MIDI;23322;BO0210 BORRACHA PEQUENA PASTEL C/ CAPA PLÁSTICA;UN;40169200;12,00;0,00;0,00;0,00;2,50;0,00;30,00
Loja: 3 - NEWSHOP COMERCIO LTDA ( CD );Local: 20 - GALPÃO MIDI;23354;CA2011 MARCA-TEXTO FLUORESCENTE AMARELO -  C/ 2UN;UN;96082000;32,00;0,00;0,00;2,72;7,50;87,04;240,00
Loja: 3 - NEWSHOP COMERCIO LTDA ( CD );Local: 20 - GALPÃO MIDI;23356;CA2013 MARCA-TEXTO COR PASTEL;UN;96082000;3,00;0,00;0,00;0,00;6,50;0,00;19,50
Loja: 3 - NEWSHOP COMERCIO LTDA ( CD );Local: 20 - GALPÃO MIDI;23423;LI1011 SPRAY LIMPA QUADRO BRANCO 60ML;UN;34029039;42,00;0,00;0,00;25,91;10,50;1088,22;441,00
Loja: 3 - NEWSHOP COMERCIO LTDA ( CD );Local: 20 - GALPÃO MIDI;23510;CYC-9066771 BOLSA PARA GARRAFA TÉRMICA;UN;42029200;80,00;0,00;0,00;0,00;28,00;0,00;2240,00
Loja: 3 - NEWSHOP COMERCIO LTDA ( CD );Local: 20 - GALPÃO MIDI;23645;OIH-5601 ASPIRADOR DE PO E LIMPEZA MULTIFUNCIONAL SEM FIO;UN;85098090;1,00;1,00;4,00;0,00;2499,00;0,00;2499,00
Loja: 3 - NEWSHOP COMERCIO LTDA ( CD );Local: 20 - GALPÃO MIDI;23688;LE-7381 CONTROLE REMOTO PARA TV;UN;85269200;100,00;0,00;0,00;1,30;8,00;130,00;800,00
Loja: 3 - NEWSHOP COMERCIO LTDA ( CD );Local: 20 - GALPÃO MIDI;23690;LE-7384 CONTROLE REMOTO PARA TV;UN;85269200;100,00;0,00;0,00;0,96;7,00;96,00;700,00
Loja: 3 - NEWSHOP COMERCIO LTDA ( CD );Local: 20 - GALPÃO MIDI;23693;C1191 BOLSA TERMICA DE POLIESTER;UN;42022210;30,00;0,00;0,00;5,30;56,00;159,00;1680,00
Loja: 3 - NEWSHOP COMERCIO LTDA ( CD );Local: 20 - GALPÃO MIDI;23694;C1203 NECESSAIRE EM POLIESTER;UN;42029200;10,00;0,00;0,00;1,30;13,50;13,00;135,00
Loja: 3 - NEWSHOP COMERCIO LTDA ( CD );Local: 20 - GALPÃO MIDI;23695;C1204 NECESSAIRE EM POLIESTER;UN;42029200;9,00;0,00;0,00;3,00;32,00;27,00;288,00
Loja: 3 - NEWSHOP COMERCIO LTDA ( CD );Local: 20 - GALPÃO MIDI;23696;C1205 NECESSAIRE EM POLIESTER;UN;42029200;8,00;0,00;0,00;3,00;32,00;24,00;256,00
Loja: 3 - NEWSHOP COMERCIO LTDA ( CD );Local: 20 - GALPÃO MIDI;23697;C1206 NECESSAIRE EM POLIESTER;UN;42029200;22,00;0,00;0,00;3,30;35,00;72,60;770,00
Loja: 3 - NEWSHOP COMERCIO LTDA ( CD );Local: 20 - GALPÃO MIDI;23699;C1210 BOLSA TERMICA DE POLIESTER;UN;42022210;30,00;0,00;0,00;0,80;9,00;24,00;270,00
Loja: 3 - NEWSHOP COMERCIO LTDA ( CD );Local: 20 - GALPÃO MIDI;23700;C1211 BOLSA TERMICA DE POLIESTER;UN;42022210;18,00;0,00;0,00;3,50;37,00;63,00;666,00
Loja: 3 - NEWSHOP COMERCIO LTDA ( CD );Local: 20 - GALPÃO MIDI;23701;C1219 NECESSAIRE EM POLIESTER;UN;42029200;13,00;0,00;0,00;1,00;21,00;13,00;273,00
Loja: 3 - NEWSHOP COMERCIO LTDA ( CD );Local: 20 - GALPÃO MIDI;23702;C1221 NECESSAIRE EM POLIESTER;UN;42029200;22,00;0,00;0,00;1,00;51,00;22,00;1122,00
Loja: 3 - NEWSHOP COMERCIO LTDA ( CD );Local: 20 - GALPÃO MIDI;23707;C1252 MOCHILA MATERIAL DE PU;UN;42029200;3,00;0,00;0,00;6,00;64,00;18,00;192,00
Loja: 3 - NEWSHOP COMERCIO LTDA ( CD );Local: 20 - GALPÃO MIDI;23708;C1255 MOCHILA MATERIAL DE PU;UN;42029200;30,00;0,00;0,00;3,00;35,00;90,00;1050,00
Loja: 3 - NEWSHOP COMERCIO LTDA ( CD );Local: 20 - GALPÃO MIDI;23709;C1257 BOLSA EM MATERIAL PU;UN;42022210;30,00;0,00;0,00;3,30;35,00;99,00;1050,00
Loja: 3 - NEWSHOP COMERCIO LTDA ( CD );Local: 20 - GALPÃO MIDI;23710;C1258 BOLSA EM MATERIAL PU;UN;42022210;80,00;0,00;0,00;2,90;30,50;232,00;2440,00
Loja: 3 - NEWSHOP COMERCIO LTDA ( CD );Local: 20 - GALPÃO MIDI;23755;MAX0335 CADERNO DE GATO 21X29CM 80 FOLHAS;UN;48202000;17,00;0,00;0,00;0,00;34,50;0,00;586,50
Loja: 3 - NEWSHOP COMERCIO LTDA ( CD );Local: 20 - GALPÃO MIDI;23776;LV-01 TERMOMETRO DIGITAL;UN;90251990;400,00;0,00;0,00;0,82;8,50;328,00;3400,00
Loja: 3 - NEWSHOP COMERCIO LTDA ( CD );Local: 20 - GALPÃO MIDI;23777;LK-034 BUSSOLA DE SOBREVIVENCIA;UN;90141000;150,00;0,00;0,00;1,50;12,50;225,00;1875,00
Loja: 3 - NEWSHOP COMERCIO LTDA ( CD );Local: 20 - GALPÃO MIDI;23779;LWJ-164 JOGO DE BROCAS ESCALONADAS;UN;82075019;50,00;0,00;0,00;1,00;35,50;50,00;1775,00
Loja: 3 - NEWSHOP COMERCIO LTDA ( CD );Local: 20 - GALPÃO MIDI;23780;LWJ-176 KIT FERRAMENTAS CONTENDO;UN;82060000;108,00;0,00;0,00;2,20;15,50;237,60;1674,00
Loja: 3 - NEWSHOP COMERCIO LTDA ( CD );Local: 20 - GALPÃO MIDI;23782;LWJ-230 CONJUNTO PARAFUSADEIRA;UN;84672992;30,00;0,00;0,00;0,00;51,00;0,00;1530,00
Loja: 3 - NEWSHOP COMERCIO LTDA ( CD );Local: 20 - GALPÃO MIDI;23830;BOM-1353 FITA ADESIVA ACRILICA DUPLA FACE (ROLO);UN;39191090;4,00;0,00;0,00;2,40;18,00;9,60;72,00
Loja: 3 - NEWSHOP COMERCIO LTDA ( CD );Local: 20 - GALPÃO MIDI;23832;BOM-2064 TORNEIRA DUPLA SAIDA FEITA DE METAL;UN;84818019;30,00;0,00;0,00;93,79;31,50;2813,70;945,00
Loja: 3 - NEWSHOP COMERCIO LTDA ( CD );Local: 20 - GALPÃO MIDI;23833;"BOM-2252 VALVULA ESFERA DE LATAO PARA GAS 1/2"" 90 GRAUS";UN;84818095;100,00;0,00;0,00;13,86;25,00;1386,00;2500,00
Loja: 3 - NEWSHOP COMERCIO LTDA ( CD );Local: 20 - GALPÃO MIDI;23834;BOM-2253 VALVULA/REGISTRO DE GAS ESFERICA 1/2 MACHO;UN;84818095;100,00;0,00;0,00;10,14;18,50;1014,00;1850,00
Loja: 3 - NEWSHOP COMERCIO LTDA ( CD );Local: 20 - GALPÃO MIDI;23835;BOM-3102 KIT COM 31 CHAVES DE PRECISAO:BOM-3102;UN;82059000;60,00;0,00;0,00;6,98;12,50;418,80;750,00
Loja: 3 - NEWSHOP COMERCIO LTDA ( CD );Local: 20 - GALPÃO MIDI;23836;BOM-5131 CONJ DE SERRAS MOD SERRA SABRE;UN;82029990;100,00;0,00;0,00;4,56;8,00;456,00;800,00
Loja: 3 - NEWSHOP COMERCIO LTDA ( CD );Local: 20 - GALPÃO MIDI;23837;BOM-5571 GRAMPO TIPO RETO 8MM PARA GRAMPEADOR;UN;83052000;100,00;0,00;0,00;3,44;6,00;344,00;600,00
Loja: 3 - NEWSHOP COMERCIO LTDA ( CD );Local: 20 - GALPÃO MIDI;23842;BOM-5906 BOMBA DE SUCCAO MANUAL TRANSFERENCIA;UN;84672200;125,00;0,00;0,00;0,00;16,50;0,00;2062,50
Loja: 3 - NEWSHOP COMERCIO LTDA ( CD );Local: 20 - GALPÃO MIDI;23977;BM-F1197B LUMINARIA DE MESA ARTICULAVEL DE LED;UN;94052100;8,00;0,00;0,00;0,00;89,00;0,00;712,00
Loja: 3 - NEWSHOP COMERCIO LTDA ( CD );Local: 20 - GALPÃO MIDI;23980;096920000 LAPIS DE COR C/12;UN;96091000;10,00;0,00;0,00;6,76;15,00;67,60;150,00
Loja: 3 - NEWSHOP COMERCIO LTDA ( CD );Local: 20 - GALPÃO MIDI;23982;096940000 LAPIS DE COR C/24;UN;96091000;5,00;0,00;0,00;13,68;30,00;68,40;150,00
Loja: 3 - NEWSHOP COMERCIO LTDA ( CD );Local: 20 - GALPÃO MIDI;23995;BM-F1516 ESPELHO HEXAGONAL FLEXIVEL;UN;70099200;30,00;0,00;0,00;0,00;11,00;0,00;330,00
Loja: 3 - NEWSHOP COMERCIO LTDA ( CD );Local: 20 - GALPÃO MIDI;24014;BM-DJ384 FACA DE CACA DE LAMINA FIXA PRODUTOS;UN;82119220;120,00;0,00;0,00;7,57;45,50;908,40;5460,00
Loja: 3 - NEWSHOP COMERCIO LTDA ( CD );Local: 20 - GALPÃO MIDI;24015;BM-F1062 FORMA DE GELO DE SILICONE COM TAMPA DE PLASTICO;UN;39241000;20,00;0,00;0,00;0,00;31,00;0,00;620,00
Loja: 3 - NEWSHOP COMERCIO LTDA ( CD );Local: 20 - GALPÃO MIDI;24021;BM-F1396 POLTRONA INFLAVEL ESTILO PUFF;UN;94018000;20,00;0,00;0,00;0,00;95,00;0,00;1900,00
Loja: 3 - NEWSHOP COMERCIO LTDA ( CD );Local: 20 - GALPÃO MIDI;24022;BM-F1397 POLTRONA INFLAVEL ESTILO PUFF;UN;94018000;10,00;0,00;0,00;0,00;154,00;0,00;1540,00
Loja: 3 - NEWSHOP COMERCIO LTDA ( CD );Local: 20 - GALPÃO MIDI;24037;BM-F979 LUMINARIA ARTICULADA DE MESA - LED;UN;94052100;4,00;0,00;0,00;1,00;27,50;4,00;110,00
Loja: 3 - NEWSHOP COMERCIO LTDA ( CD );Local: 20 - GALPÃO MIDI;24040;BT-544 MARTELO DE BORRACHA MANUAL - 315CM;UN;82052000;50,00;0,00;0,00;5,93;17,50;296,50;875,00
Loja: 3 - NEWSHOP COMERCIO LTDA ( CD );Local: 20 - GALPÃO MIDI;24042;BT-561 ALICATE MANUAL PARA ILHOS 135CM COM 100 ILHOS;UN;82032010;72,00;0,00;0,00;1,88;12,50;135,36;900,00
Loja: 3 - NEWSHOP COMERCIO LTDA ( CD );Local: 20 - GALPÃO MIDI;24043;BT-591 DESEMPENADEIRA DE ACO INOX COM CABO DE PLASTICO 280*120MM;UN;82055900;30,00;0,00;0,00;3,00;11,00;90,00;330,00
Loja: 3 - NEWSHOP COMERCIO LTDA ( CD );Local: 20 - GALPÃO MIDI;24047;KP-RC03 GELADEIRA PORTATIL AUTOMOTIVA;UN;84186999;1,00;0,00;0,00;0,00;999,00;0,00;999,00
Loja: 3 - NEWSHOP COMERCIO LTDA ( CD );Local: 20 - GALPÃO MIDI;24050;KP-RC01 GELADEIRA PORTATIL AUTOMOTIVA;UN;84186999;1,00;0,00;0,00;0,00;1450,00;0,00;1450,00
Loja: 3 - NEWSHOP COMERCIO LTDA ( CD );Local: 20 - GALPÃO MIDI;24093;LWJ-2331 APLICADOR DE METAL PARA FITAS ADESIVAS;UN;84224090;39,00;0,00;0,00;0,00;10,00;0,00;390,00
Loja: 3 - NEWSHOP COMERCIO LTDA ( CD );Local: 20 - GALPÃO MIDI;24094;MAD-056A BOLSA TERMICA BOLSA ISOLANTE;UN;42029200;39,00;0,00;0,00;0,00;37,00;0,00;1443,00
Loja: 3 - NEWSHOP COMERCIO LTDA ( CD );Local: 20 - GALPÃO MIDI;24101;LB199253 BRINCO;UN;71171900;24,00;0,00;0,00;0,00;3,50;0,00;84,00
Loja: 3 - NEWSHOP COMERCIO LTDA ( CD );Local: 20 - GALPÃO MIDI;24145;LE-0264 FONE DE OUVIDO;UN;85183000;1,00;0,00;0,00;0,00;12,50;0,00;12,50
Loja: 3 - NEWSHOP COMERCIO LTDA ( CD );Local: 20 - GALPÃO MIDI;24147;LE-651 RADIO PORTATIL;UN;85271300;100,00;0,00;0,00;0,00;36,50;0,00;3650,00
Loja: 3 - NEWSHOP COMERCIO LTDA ( CD );Local: 20 - GALPÃO MIDI;24149;LE-836C CABO DE DADOS MICRO USB /C;UN;85444200;1,00;0,00;0,00;0,74;5,50;0,74;5,50
Loja: 3 - NEWSHOP COMERCIO LTDA ( CD );Local: 20 - GALPÃO MIDI;24151;LE-885C CABO DE DADOS TIPO-C;UN;85444200;170,00;0,00;0,00;0,56;8,00;95,20;1360,00
Loja: 3 - NEWSHOP COMERCIO LTDA ( CD );Local: 20 - GALPÃO MIDI;24156;LE-138 SUPORTE DE PLASTICO PARA CELULAR UNIVERSAL;UN;39269090;1,00;0,00;0,00;0,00;30,00;0,00;30,00
Loja: 3 - NEWSHOP COMERCIO LTDA ( CD );Local: 20 - GALPÃO MIDI;24158;LE-231FP CARREGADOR DE VIAGEM;UN;85044010;49,00;0,00;0,00;0,00;14,50;0,00;710,50
Loja: 3 - NEWSHOP COMERCIO LTDA ( CD );Local: 20 - GALPÃO MIDI;24160;LE-533 CARREGADOR VEICULAR;UN;85044010;1,00;0,00;0,00;0,00;6,50;0,00;6,50
Loja: 3 - NEWSHOP COMERCIO LTDA ( CD );Local: 20 - GALPÃO MIDI;24316;OI-0607.2 - CONJUNTO 3 PECAS: SABONETEIRA PORTA ESCOVA;UN;39249000;12,00;0,00;0,00;0,00;55,90;0,00;670,80
Loja: 3 - NEWSHOP COMERCIO LTDA ( CD );Local: 20 - GALPÃO MIDI;24588;RD1516 DESCASCADOR E RALADOR;UN;82055100;44,00;0,00;0,00;1,00;5,50;44,00;242,00
Loja: 3 - NEWSHOP COMERCIO LTDA ( CD );Local: 20 - GALPÃO MIDI;24605;SIGMA-FE05 FECHADURA DIGITAL ELETRONICA INTELIGENTE;UN;83014000;1,00;0,00;0,00;0,00;324,00;0,00;324,00
Loja: 3 - NEWSHOP COMERCIO LTDA ( CD );Local: 20 - GALPÃO MIDI;24639;LUX507-040 CINTO;UN;42033000;1380,00;0,00;0,00;9,97;23,50;13758,60;32430,00
Loja: 3 - NEWSHOP COMERCIO LTDA ( CD );Local: 20 - GALPÃO MIDI;24696;LK-5105-A FILAMENTO PARA CANETA 3D;UN;39261000;550,00;0,00;0,00;0,75;5,00;412,50;2750,00
Loja: 3 - NEWSHOP COMERCIO LTDA ( CD );Local: 20 - GALPÃO MIDI;24816;SLK-AF114 FACA PARA PESCA E CACA;UN;82119220;40,00;0,00;0,00;1,00;25,00;40,00;1000,00
Loja: 3 - NEWSHOP COMERCIO LTDA ( CD );Local: 20 - GALPÃO MIDI;24819;SLK-D02_R CANIVETE PARA PESCA E CACA;UN;82119320;60,00;0,00;0,00;18,45;37,00;1107,00;2220,00
Loja: 3 - NEWSHOP COMERCIO LTDA ( CD );Local: 20 - GALPÃO MIDI;24822;SLK-D03 CANIVETE PARA PESCA E CACA;UN;82119320;60,00;0,00;0,00;18,90;38,00;1134,00;2280,00
Loja: 3 - NEWSHOP COMERCIO LTDA ( CD );Local: 20 - GALPÃO MIDI;24823;SLK-D114 FACA PARA PESCA E CACA;UN;82119220;42,00;0,00;0,00;15,12;30,00;635,04;1260,00
Loja: 3 - NEWSHOP COMERCIO LTDA ( CD );Local: 20 - GALPÃO MIDI;24824;SLK-D300 CANIVETE PARA PESCA E CACA;UN;82119320;60,00;0,00;0,00;15,75;31,50;945,00;1890,00
Loja: 3 - NEWSHOP COMERCIO LTDA ( CD );Local: 20 - GALPÃO MIDI;24826;SLK-D306 CANIVETE PARA PESCA E CACA;UN;82119320;60,00;0,00;0,00;15,75;31,50;945,00;1890,00
Loja: 3 - NEWSHOP COMERCIO LTDA ( CD );Local: 20 - GALPÃO MIDI;24828;SLK-D309 CANIVETE PARA PESCA E CACA;UN;82119320;60,00;0,00;0,00;15,75;31,50;945,00;1890,00
Loja: 3 - NEWSHOP COMERCIO LTDA ( CD );Local: 20 - GALPÃO MIDI;24830;SLK-LAF76 FACA LAMINA FIXA PARA PESCA E CACA;UN;82119220;60,00;0,00;0,00;26,10;52,00;1566,00;3120,00
Loja: 3 - NEWSHOP COMERCIO LTDA ( CD );Local: 20 - GALPÃO MIDI;24835;LH-076 ISQUEIRO ELETRICO RECARREGAVEL;UN;96138000;50,00;0,00;0,00;26,10;47,00;1305,00;2350,00
Loja: 3 - NEWSHOP COMERCIO LTDA ( CD );Local: 20 - GALPÃO MIDI;24845;SLK-A64 FACA PARA PESCA E CACA;UN;82119220;30,00;0,00;0,00;29,70;59,00;891,00;1770,00
Loja: 3 - NEWSHOP COMERCIO LTDA ( CD );Local: 20 - GALPÃO MIDI;24854;SLK-K08 FACA PARA PESCA E CACA;UN;82119220;22,00;0,00;0,00;29,70;59,00;653,40;1298,00
Loja: 3 - NEWSHOP COMERCIO LTDA ( CD );Local: 20 - GALPÃO MIDI;24857;SLK-K09 FACA PARA CACA E PESCA;UN;82119220;30,00;0,00;0,00;26,10;52,00;783,00;1560,00
Loja: 3 - NEWSHOP COMERCIO LTDA ( CD );Local: 20 - GALPÃO MIDI;24868;LH-063 ISQUEIRO ELETRICO RECARREGAVEL;UN;96138000;50,00;0,00;0,00;15,75;29,00;787,50;1450,00
Loja: 3 - NEWSHOP COMERCIO LTDA ( CD );Local: 20 - GALPÃO MIDI;24916;LH-067 ISQUEIRO ELETRICO RECARREGAVEL;UN;96138000;50,00;0,00;0,00;20,70;37,50;1035,00;1875,00
Loja: 3 - NEWSHOP COMERCIO LTDA ( CD );Local: 20 - GALPÃO MIDI;24927;LK-CD50 KIT CONTENDO: CANTIL DE ACO INOXIDAVEL;UN;73239300;20,00;0,00;0,00;0,00;121,00;0,00;2420,00
Loja: 3 - NEWSHOP COMERCIO LTDA ( CD );Local: 20 - GALPÃO MIDI;24933;LCW-QQY201 TIGELA PARA ANIMAIS DE ESTIMACAO EM PLASTICO;UN;39269090;1,00;0,00;0,00;0,00;16,00;0,00;16,00
Loja: 3 - NEWSHOP COMERCIO LTDA ( CD );Local: 20 - GALPÃO MIDI;24936;LK-CD05 CANTIL DE BOLSO EM ACO INOX;UN;73239300;25,00;0,00;0,00;12,42;22,50;310,50;562,50
Loja: 3 - NEWSHOP COMERCIO LTDA ( CD );Local: 20 - GALPÃO MIDI;24937;LK-CD06 CANTIL DE BOLSO EM ACO INOX;UN;73239300;25,00;0,00;0,00;12,42;22,50;310,50;562,50
Loja: 3 - NEWSHOP COMERCIO LTDA ( CD );Local: 20 - GALPÃO MIDI;24938;LK-CD07 CANTIL DE BOLSO EM ACO INOX;UN;73239300;25,00;0,00;0,00;12,42;22,50;310,50;562,50
Loja: 3 - NEWSHOP COMERCIO LTDA ( CD );Local: 20 - GALPÃO MIDI;24939;LK-CD08 CANTIL DE BOLSO EM ACO INOX;UN;73239300;25,00;0,00;0,00;12,42;22,50;310,50;562,50
Loja: 3 - NEWSHOP COMERCIO LTDA ( CD );Local: 20 - GALPÃO MIDI;24940;LT-467 TASER ELETRICO COM LANTERNA;UN;85131010;180,00;0,00;0,00;2,97;34,00;534,60;6120,00
Loja: 3 - NEWSHOP COMERCIO LTDA ( CD );Local: 20 - GALPÃO MIDI;24941;LT-468 TASER ELETRICO COM LANTERNA;UN;85131010;170,00;0,00;0,00;3,06;39,00;520,20;6630,00
Loja: 3 - NEWSHOP COMERCIO LTDA ( CD );Local: 20 - GALPÃO MIDI;24944;LWJ-179-12 JOGO DE CATRACA UTILIZADA PARA APERTAR E DESAPERTAR PARAFUSOS;UN;82060000;10,00;0,00;0,00;10,47;69,00;104,70;690,00
Loja: 3 - NEWSHOP COMERCIO LTDA ( CD );Local: 20 - GALPÃO MIDI;24946;LWJ-2232 KIT ESGUICHO PARA MANGUEIRA 3 EM 1;UN;84249090;50,00;0,00;0,00;2,27;18,00;113,50;900,00
Loja: 3 - NEWSHOP COMERCIO LTDA ( CD );Local: 20 - GALPÃO MIDI;24947;LWJ-2240 LWJ-2241 JOGO DE CHAVE L CONTENDO 5 PECAS COM DIVERSA;UN;82041100;30,00;0,00;0,00;8,55;15,50;256,50;465,00
Loja: 3 - NEWSHOP COMERCIO LTDA ( CD );Local: 20 - GALPÃO MIDI;24951;LWJ-PC1903-115MM DISCO DE CORTE SECO DIAMANTADO UTILIZADOS PARA CORTE;UN;68042211;51,00;0,00;0,00;4,95;9,00;252,45;459,00
Loja: 3 - NEWSHOP COMERCIO LTDA ( CD );Local: 20 - GALPÃO MIDI;24953;LWJ-PC1903-125MM DISCO DE CORTE SECO DIAMANTADO UTILIZADOS PARA CORTE;UN;68042211;80,00;0,00;0,00;5,40;9,50;432,00;760,00
Loja: 3 - NEWSHOP COMERCIO LTDA ( CD );Local: 20 - GALPÃO MIDI;24958;LWJ-PC1903-185MM DISCO DE CORTE SECO DIAMANTADO UTILIZADOS PARA CORTE;UN;68042211;50,00;0,00;0,00;8,55;15,50;427,50;775,00
Loja: 3 - NEWSHOP COMERCIO LTDA ( CD );Local: 20 - GALPÃO MIDI;24959;LWJ-PC1903-230MM DISCO DE CORTE SECO DIAMANTADO UTILIZADOS PARA CORTE;UN;68042211;10,00;0,00;0,00;0,00;26,00;0,00;260,00
Loja: 3 - NEWSHOP COMERCIO LTDA ( CD );Local: 20 - GALPÃO MIDI;24980;LE-805BS CONECTOR BLUETOOH USB PARA P2;UN;85369090;49,00;0,00;0,00;0,00;10,00;0,00;490,00
Loja: 3 - NEWSHOP COMERCIO LTDA ( CD );Local: 20 - GALPÃO MIDI;24981;LE-3624 SUPORTE UNIVERSAL DE PLASTICO PARA CELULAR;UN;39269090;25,00;0,00;0,00;1,00;32,00;25,00;800,00
Loja: 3 - NEWSHOP COMERCIO LTDA ( CD );Local: 20 - GALPÃO MIDI;25142;ND7557 - ENFEITE NATALINO EM FORMATO DE LACO. COM 2 PECAS. MED: 15*18CM;UN;95051000;30,00;0,00;0,00;0,00;13,00;0,00;390,00
Loja: 3 - NEWSHOP COMERCIO LTDA ( CD );Local: 20 - GALPÃO MIDI;25155;TW883-96B BRINQUEDO;UN;95030080;30,00;0,00;0,00;1,00;80,00;30,00;2400,00
Loja: 3 - NEWSHOP COMERCIO LTDA ( CD );Local: 20 - GALPÃO MIDI;25158;ND7590 - BOLAS DE NATAL;UN;95051000;30,00;0,00;0,00;0,00;10,00;0,00;300,00
Loja: 3 - NEWSHOP COMERCIO LTDA ( CD );Local: 20 - GALPÃO MIDI;25166;0053 TABUA MULTIUSO C/ ALCA;UN;44199000;12,00;0,00;0,00;2,38;24,00;28,56;288,00
Loja: 3 - NEWSHOP COMERCIO LTDA ( CD );Local: 20 - GALPÃO MIDI;25176;QC20314 BOLSA FEMININA;UN;42022210;2,00;0,00;0,00;0,00;62,00;0,00;124,00
Loja: 3 - NEWSHOP COMERCIO LTDA ( CD );Local: 20 - GALPÃO MIDI;25193;006 COADOR DE PANO P/ CAFE GRANDE;UN;63080000;50,00;0,00;0,00;0,79;8,00;39,50;400,00
Loja: 3 - NEWSHOP COMERCIO LTDA ( CD );Local: 20 - GALPÃO MIDI;25215;WK001 BOLSA FEMININA;UN;42022210;24,00;0,00;0,00;40,00;64,00;960,00;1536,00
Loja: 3 - NEWSHOP COMERCIO LTDA ( CD );Local: 20 - GALPÃO MIDI;25216;C1112 BOLSA FESTA;UN;42022210;100,00;0,00;0,00;0,00;0,00;0,00;0,00
Loja: 3 - NEWSHOP COMERCIO LTDA ( CD );Local: 20 - GALPÃO MIDI;25217;KR-402 BOLSA FEMININA;UN;42022210;24,00;0,00;0,00;46,00;73,50;1104,00;1764,00
Loja: 3 - NEWSHOP COMERCIO LTDA ( CD );Local: 20 - GALPÃO MIDI;25220;KR-6150 BOLSA FEMININA;UN;42022210;24,00;0,00;0,00;8,33;41,50;199,92;996,00
Loja: 3 - NEWSHOP COMERCIO LTDA ( CD );Local: 20 - GALPÃO MIDI;25221;1601 BOLSA FEMININA EM POLIESTER;UN;42022220;1,00;0,00;0,00;0,00;70,00;0,00;70,00
Loja: 3 - NEWSHOP COMERCIO LTDA ( CD );Local: 20 - GALPÃO MIDI;25224;9502 BOLSA FEMININA EM POLIESTER;UN;42022220;30,00;0,00;0,00;0,00;77,00;0,00;2310,00
Loja: 3 - NEWSHOP COMERCIO LTDA ( CD );Local: 20 - GALPÃO MIDI;25225;WK007 BOLSA FEMININA;UN;42022210;24,00;0,00;0,00;40,00;64,00;960,00;1536,00
Loja: 3 - NEWSHOP COMERCIO LTDA ( CD );Local: 20 - GALPÃO MIDI;25227;C1094 BOLSA FESTA;UN;42022210;120,00;0,00;0,00;1,00;0,00;120,00;0,00
Loja: 3 - NEWSHOP COMERCIO LTDA ( CD );Local: 20 - GALPÃO MIDI;25228;C1095 BOLSA FESTA;UN;42022210;50,00;0,00;0,00;1,00;0,00;50,00;0,00
Loja: 3 - NEWSHOP COMERCIO LTDA ( CD );Local: 20 - GALPÃO MIDI;25231;C1144 BOLSA FEMININA EM POLIESTER;UN;42022220;30,00;0,00;0,00;0,00;35,00;0,00;1050,00
Loja: 3 - NEWSHOP COMERCIO LTDA ( CD );Local: 20 - GALPÃO MIDI;25234;CR-1942 BOLSINHA FEMININA;UN;42022220;30,00;0,00;0,00;0,00;43,00;0,00;1290,00
Loja: 3 - NEWSHOP COMERCIO LTDA ( CD );Local: 20 - GALPÃO MIDI;25235;CR-1950 BOLSINHA FEMININA;UN;42022220;30,00;0,00;0,00;0,00;43,00;0,00;1290,00
Loja: 3 - NEWSHOP COMERCIO LTDA ( CD );Local: 20 - GALPÃO MIDI;25238;C1261 BOLSA FEMININA EM POLIESTER;UN;42022220;20,00;0,00;0,00;1,00;56,00;20,00;1120,00
Loja: 3 - NEWSHOP COMERCIO LTDA ( CD );Local: 20 - GALPÃO MIDI;25240;C1265 BOLSA FEMININA EM POLIESTER;UN;42022220;10,00;0,00;0,00;0,00;46,00;0,00;460,00
Loja: 3 - NEWSHOP COMERCIO LTDA ( CD );Local: 20 - GALPÃO MIDI;25241;C1301 BOLSA FEMININA EM POLIESTER;UN;42022220;48,00;0,00;0,00;2,85;30,00;136,80;1440,00
Loja: 3 - NEWSHOP COMERCIO LTDA ( CD );Local: 20 - GALPÃO MIDI;25242;C732 BOLSA INFANTIL;UN;42022210;12,00;0,00;0,00;0,00;27,00;0,00;324,00
Loja: 3 - NEWSHOP COMERCIO LTDA ( CD );Local: 20 - GALPÃO MIDI;25250;CR-1951 BOLSINHA FEMININA;UN;42022220;30,00;0,00;0,00;0,00;43,00;0,00;1290,00
Loja: 3 - NEWSHOP COMERCIO LTDA ( CD );Local: 20 - GALPÃO MIDI;25255;FN-19956 BOLSINHA FEMININA;UN;42022210;10,00;0,00;0,00;0,00;61,00;0,00;610,00
Loja: 3 - NEWSHOP COMERCIO LTDA ( CD );Local: 20 - GALPÃO MIDI;25260;SIGMA-C3128 CARTAO DE MEMORIA (128GB) MARCA AITEK REFERENCIA;UN;85235110;50,00;0,00;0,00;9,48;78,00;474,00;3900,00
Loja: 3 - NEWSHOP COMERCIO LTDA ( CD );Local: 20 - GALPÃO MIDI;25262;CR-2102 BOLSINHA FEMININA;UN;42022220;10,00;0,00;0,00;0,00;41,50;0,00;415,00
Loja: 3 - NEWSHOP COMERCIO LTDA ( CD );Local: 20 - GALPÃO MIDI;25265;FN-20613 BOLSA FEMININA;UN;42022220;10,00;0,00;0,00;0,00;72,00;0,00;720,00
Loja: 3 - NEWSHOP COMERCIO LTDA ( CD );Local: 20 - GALPÃO MIDI;25273;OIF-7811 JOGO DE CARTAS BARALHO DOURADO;UN;95044000;26,00;0,00;0,00;0,00;13,50;0,00;351,00
Loja: 3 - NEWSHOP COMERCIO LTDA ( CD );Local: 20 - GALPÃO MIDI;25291;CR-1919 BOLSINHA FEMININA;UN;42022220;10,00;0,00;0,00;36,80;29,00;368,00;290,00
Loja: 3 - NEWSHOP COMERCIO LTDA ( CD );Local: 20 - GALPÃO MIDI;25352;BC-5770 BOLSA FEMININA;UN;42023200;22,00;0,00;0,00;17,80;28,50;391,60;627,00
Loja: 3 - NEWSHOP COMERCIO LTDA ( CD );Local: 20 - GALPÃO MIDI;25354;QC-20309 BOLSA FEMININA;UN;42023200;5,00;0,00;0,00;0,08;46,00;0,40;230,00
Loja: 3 - NEWSHOP COMERCIO LTDA ( CD );Local: 20 - GALPÃO MIDI;25355;BC-5768 BOLSA FEMININA;UN;42023200;5,00;0,00;0,00;11,52;25,50;57,60;127,50
Loja: 3 - NEWSHOP COMERCIO LTDA ( CD );Local: 20 - GALPÃO MIDI;25356;BC-5769 BOLSA FEMININA;UN;42023200;4,00;0,00;0,00;17,80;28,50;71,20;114,00
Loja: 3 - NEWSHOP COMERCIO LTDA ( CD );Local: 20 - GALPÃO MIDI;25360;BC-1809 BOLSA FEMININA;UN;42023200;10,00;0,00;0,00;0,00;75,00;0,00;750,00
Loja: 3 - NEWSHOP COMERCIO LTDA ( CD );Local: 20 - GALPÃO MIDI;25362;XX-20361 BOLSA FEMININA;UN;42023200;37,00;0,00;0,00;24,80;39,50;917,60;1461,50
Loja: 3 - NEWSHOP COMERCIO LTDA ( CD );Local: 20 - GALPÃO MIDI;25379;FN-20610 FEMININA;UN;42023200;10,00;0,00;0,00;0,00;69,00;0,00;690,00
Loja: 3 - NEWSHOP COMERCIO LTDA ( CD );Local: 20 - GALPÃO MIDI;25394;BOM-6214  NIVEL A LASER PORTATIL COM COLETOR SP;UN;90153000;25,00;0,00;0,00;64,08;115,50;1602,00;2887,50
Loja: 3 - NEWSHOP COMERCIO LTDA ( CD );Local: 20 - GALPÃO MIDI;25403;XX-20360 BOLSA FEMININA;UN;42023200;12,00;0,00;0,00;31,80;51,00;381,60;612,00
Loja: 3 - NEWSHOP COMERCIO LTDA ( CD );Local: 20 - GALPÃO MIDI;25412;JO-5409 BOLSA FEMININA;UN;42022220;35,00;0,00;0,00;21,80;35,00;763,00;1225,00
Loja: 3 - NEWSHOP COMERCIO LTDA ( CD );Local: 20 - GALPÃO MIDI;25415;BOM-5134 CONJUNTO COM 5 LAMINAS DE SERRA TICO TICO  SP;UN;82029990;400,00;0,00;0,00;1,18;11,50;472,00;4600,00
Loja: 3 - NEWSHOP COMERCIO LTDA ( CD );Local: 20 - GALPÃO MIDI;25418;LUX347030 MOCHILA;UN;42029200;168,00;0,00;0,00;15,00;30,50;2520,00;5124,00
Loja: 3 - NEWSHOP COMERCIO LTDA ( CD );Local: 20 - GALPÃO MIDI;25421;LUX432101 CARTEIRA;UN;42022100;24,00;0,00;0,00;0,00;10,00;0,00;240,00
Loja: 3 - NEWSHOP COMERCIO LTDA ( CD );Local: 20 - GALPÃO MIDI;25428;BOM-1591 COLA ADESIVA INSTANTANEA 2G;UN;35061010;50,00;0,00;0,00;0,08;1,50;4,00;75,00
Loja: 3 - NEWSHOP COMERCIO LTDA ( CD );Local: 20 - GALPÃO MIDI;25432;BOM-3643 CONJUNTO COM 3 ESCOVAS PARA LIMPEZA SENDO  SP;UN;96039000;28,00;0,00;0,00;0,50;6,50;14,00;182,00
Loja: 3 - NEWSHOP COMERCIO LTDA ( CD );Local: 20 - GALPÃO MIDI;25438;YH-5527 BOLSA FEMININA;UN;42022210;25,00;0,00;0,00;16,72;67,00;418,00;1675,00
Loja: 3 - NEWSHOP COMERCIO LTDA ( CD );Local: 20 - GALPÃO MIDI;25449;BOM-9716 KIT MARTELETE ELETRICO POTENCIA NOMINAL 21V;UN;84672993;10,00;0,00;0,00;64,73;446,00;647,30;4460,00
Loja: 3 - NEWSHOP COMERCIO LTDA ( CD );Local: 20 - GALPÃO MIDI;25451;CRB-5805 BOLSA KIT FEMININA G (CRB-5806);UN;42022210;108,00;0,00;0,00;0,00;38,00;0,00;4104,00
Loja: 3 - NEWSHOP COMERCIO LTDA ( CD );Local: 20 - GALPÃO MIDI;25452;CRB5807 BOLSA KIT FEMININA G;UN;42022210;51,00;0,00;0,00;2,00;38,00;102,00;1938,00
Loja: 3 - NEWSHOP COMERCIO LTDA ( CD );Local: 20 - GALPÃO MIDI;25453;CRB5808 BOLSA KIT FEMININA G;UN;42022210;138,00;0,00;0,00;2,00;38,00;276,00;5244,00
Loja: 3 - NEWSHOP COMERCIO LTDA ( CD );Local: 20 - GALPÃO MIDI;25454;CRB5811 BOLSA KIT FEMIININA G;UN;42022210;171,00;0,00;0,00;0,00;38,00;0,00;6498,00
Loja: 3 - NEWSHOP COMERCIO LTDA ( CD );Local: 20 - GALPÃO MIDI;25456;HC-21043 BOLSA FEMININA;UN;42022210;21,00;0,00;0,00;0,00;46,00;0,00;966,00
Loja: 3 - NEWSHOP COMERCIO LTDA ( CD );Local: 20 - GALPÃO MIDI;25464;KA-5592 BOLSA FEMININA;UN;42022220;50,00;0,00;0,00;0,00;43,00;0,00;2150,00
Loja: 3 - NEWSHOP COMERCIO LTDA ( CD );Local: 20 - GALPÃO MIDI;25465;BOM-5322 CONJUNTO DE PARAFUSOS COM PORCAS  SP;UN;73181500;72,00;0,00;0,00;2,78;5,00;200,16;360,00
Loja: 3 - NEWSHOP COMERCIO LTDA ( CD );Local: 20 - GALPÃO MIDI;25470;QC-21187 BOLSA FEMININA;UN;42022210;1,00;0,00;0,00;0,00;79,50;0,00;79,50
Loja: 3 - NEWSHOP COMERCIO LTDA ( CD );Local: 20 - GALPÃO MIDI;25472;QC-21188 CROSSBODY PACKETS BOLSA EM MATERIAL;UN;42022210;1,00;0,00;0,00;19,52;78,00;19,52;78,00
Loja: 3 - NEWSHOP COMERCIO LTDA ( CD );Local: 20 - GALPÃO MIDI;25476;YH-5501 BOLSA FEMININA;UN;42022220;10,00;0,00;0,00;14,72;59,00;147,20;590,00
Loja: 3 - NEWSHOP COMERCIO LTDA ( CD );Local: 20 - GALPÃO MIDI;25477;YH-5502 BOLSA FEMININA;UN;42022210;1,00;0,00;0,00;0,00;60,50;0,00;60,50
Loja: 3 - NEWSHOP COMERCIO LTDA ( CD );Local: 20 - GALPÃO MIDI;25478;YH-5503 BOLSA FEMININA;UN;42022210;10,00;0,00;0,00;0,00;59,00;0,00;590,00
Loja: 3 - NEWSHOP COMERCIO LTDA ( CD );Local: 20 - GALPÃO MIDI;25479;YH-5504 BOLSA FEMININA;UN;42022210;10,00;0,00;0,00;13,92;55,50;139,20;555,00
Loja: 3 - NEWSHOP COMERCIO LTDA ( CD );Local: 20 - GALPÃO MIDI;25480;YH-5505 BOLSA FEMININA;UN;42022210;10,00;0,00;0,00;14,32;57,50;143,20;575,00
Loja: 3 - NEWSHOP COMERCIO LTDA ( CD );Local: 20 - GALPÃO MIDI;25482;YH-5507 BOLSA FEMININA;UN;42022210;10,00;0,00;0,00;16,72;67,00;167,20;670,00
Loja: 3 - NEWSHOP COMERCIO LTDA ( CD );Local: 20 - GALPÃO MIDI;25484;YH-5509 BOLSA FEMININA;UN;42022210;10,00;0,00;0,00;0,00;62,00;0,00;620,00
Loja: 3 - NEWSHOP COMERCIO LTDA ( CD );Local: 20 - GALPÃO MIDI;25486;YH5512 BOLSA FEMININA;UN;42022210;10,00;0,00;0,00;0,00;62,00;0,00;620,00
Loja: 3 - NEWSHOP COMERCIO LTDA ( CD );Local: 20 - GALPÃO MIDI;25487;YH-5514 BOLSA FEMININA;UN;42022210;20,00;0,00;0,00;1,00;39,50;20,00;790,00
Loja: 3 - NEWSHOP COMERCIO LTDA ( CD );Local: 20 - GALPÃO MIDI;25488;YH-5516 BOLSA FEMININA;UN;42022210;10,00;0,00;0,00;0,00;60,50;0,00;605,00
Loja: 3 - NEWSHOP COMERCIO LTDA ( CD );Local: 20 - GALPÃO MIDI;25489;YH-5526 BOLSA FEMININA;UN;42022210;18,00;0,00;0,00;16,72;67,00;300,96;1206,00
Loja: 3 - NEWSHOP COMERCIO LTDA ( CD );Local: 20 - GALPÃO MIDI;25490;BOM-7520  PLACAS SINALIZADORAS MOD.: BANHEIRO MASCULINO E FEMININO;UN;39269090;10,00;0,00;0,00;0,67;6,50;6,70;65,00
Loja: 3 - NEWSHOP COMERCIO LTDA ( CD );Local: 20 - GALPÃO MIDI;25511;BOM-3307 ESTILETE BISTURI DE PRECISAO ALUMINIO C/6 LAMINAS;UN;82119390;120,00;0,00;0,00;0,34;7,50;40,80;900,00
Loja: 3 - NEWSHOP COMERCIO LTDA ( CD );Local: 20 - GALPÃO MIDI;25539;TW881E BRINQUEDO;UN;95030099;10,00;0,00;0,00;4,46;48,00;44,60;480,00
Loja: 3 - NEWSHOP COMERCIO LTDA ( CD );Local: 20 - GALPÃO MIDI;25540;TW881C JOGO LOGICO BRINQUEDO;UN;95030099;30,00;0,00;0,00;4,46;48,00;133,80;1440,00
Loja: 3 - NEWSHOP COMERCIO LTDA ( CD );Local: 20 - GALPÃO MIDI;25541;TW881B JOGO LOGICO  BRINQUEDO;UN;95030080;10,00;0,00;0,00;4,46;48,00;44,60;480,00
Loja: 3 - NEWSHOP COMERCIO LTDA ( CD );Local: 20 - GALPÃO MIDI;25542;BJG00040 LEGO;UN;95030060;1,00;0,00;0,00;0,00;190,00;0,00;190,00
Loja: 3 - NEWSHOP COMERCIO LTDA ( CD );Local: 20 - GALPÃO MIDI;25544;LE-247 CARREGADOR PARA CELULAR;UN;85044010;55,00;0,00;0,00;0,00;25,50;0,00;1402,50
Loja: 3 - NEWSHOP COMERCIO LTDA ( CD );Local: 20 - GALPÃO MIDI;25545;LE-295P CARREGADOR PARA CELULAR;UN;85044010;100,00;0,00;0,00;0,00;31,50;0,00;3150,00
Loja: 3 - NEWSHOP COMERCIO LTDA ( CD );Local: 20 - GALPÃO MIDI;25546;BM-L26 LUMINARIA LED RGB PORTATIL COM CLIP AJUSTAVEL;UN;94054200;2,00;0,00;0,00;0,00;32,00;0,00;64,00
Loja: 3 - NEWSHOP COMERCIO LTDA ( CD );Local: 20 - GALPÃO MIDI;25547;LE-296V CARREGADOR PARA CELULAR;UN;85044010;70,00;0,00;0,00;0,00;30,00;0,00;2100,00
Loja: 3 - NEWSHOP COMERCIO LTDA ( CD );Local: 20 - GALPÃO MIDI;25552;SIGMA-ML210IC CAMERA DE SEGURANCA IP EXTERNA HD 720P;UN;85258919;45,00;0,00;0,00;30,19;117,00;1358,55;5265,00
Loja: 3 - NEWSHOP COMERCIO LTDA ( CD );Local: 20 - GALPÃO MIDI;25624;LWJ-149 MALETA CONJUNTO FERRAMENTAS CONTENDO: MARTELO ALICATE ESTILETE;UN;82060000;10,00;0,00;0,00;0,00;32,00;0,00;320,00
Loja: 3 - NEWSHOP COMERCIO LTDA ( CD );Local: 20 - GALPÃO MIDI;25665;UTL-1102 REMOVEDOR DE PELO E FIAPOS DAS ROUPAS RECARREGAVEL USB;UN;85098090;10,00;0,00;0,00;1,57;29,00;15,70;290,00
Loja: 3 - NEWSHOP COMERCIO LTDA ( CD );Local: 20 - GALPÃO MIDI;25667;AC-863 CADEIRA PARA PET;UN;63079090;80,00;0,00;0,00;4,65;56,00;372,00;4480,00
Loja: 3 - NEWSHOP COMERCIO LTDA ( CD );Local: 20 - GALPÃO MIDI;25671;A5315 MINI SUPORTE DE PLASTICO PVC PARA CELULAR;UN;39269090;240,00;0,00;0,00;0,00;4,50;0,00;1080,00
Loja: 3 - NEWSHOP COMERCIO LTDA ( CD );Local: 20 - GALPÃO MIDI;25672;A3793 MINI PROTETOR DE CABOS EM PP;UN;39269090;388,00;0,00;0,00;0,00;2,00;0,00;776,00
Loja: 3 - NEWSHOP COMERCIO LTDA ( CD );Local: 20 - GALPÃO MIDI;25675;DB-1142 BOLSA FEMININA G;UN;42022220;90,00;0,00;0,00;38,00;38,00;3420,00;3420,00
Loja: 3 - NEWSHOP COMERCIO LTDA ( CD );Local: 20 - GALPÃO MIDI;25679;LWJ-148 C JOGO DE FERRAMENTAS 7 PECAS;UN;82060000;180,00;0,00;0,00;0,00;19,50;0,00;3510,00
Loja: 3 - NEWSHOP COMERCIO LTDA ( CD );Local: 20 - GALPÃO MIDI;25680;DB-1145 BOLSA FEMININA G;UN;42022220;80,00;0,00;0,00;4,92;38,00;393,60;3040,00
Loja: 3 - NEWSHOP COMERCIO LTDA ( CD );Local: 20 - GALPÃO MIDI;25687;DB-1146 BOLSA FEMININA G;UN;42022220;90,00;0,00;0,00;4,92;38,00;442,80;3420,00
Loja: 3 - NEWSHOP COMERCIO LTDA ( CD );Local: 20 - GALPÃO MIDI;25688;DB-1217 BOLSA FEMININA G;UN;42022220;90,00;0,00;0,00;4,92;38,00;442,80;3420,00
Loja: 3 - NEWSHOP COMERCIO LTDA ( CD );Local: 20 - GALPÃO MIDI;25689;JF103 BOLSA FEMININA;UN;42022220;12,00;0,00;0,00;15,00;75,00;180,00;900,00
Loja: 3 - NEWSHOP COMERCIO LTDA ( CD );Local: 20 - GALPÃO MIDI;25691;JF105 BOLSA FEMININA;UN;42022220;12,00;0,00;0,00;0,00;67,00;0,00;804,00
Loja: 3 - NEWSHOP COMERCIO LTDA ( CD );Local: 20 - GALPÃO MIDI;25692;JF106 BOLSA FEMININA;UN;42022220;12,00;0,00;0,00;15,00;41,50;180,00;498,00
Loja: 3 - NEWSHOP COMERCIO LTDA ( CD );Local: 20 - GALPÃO MIDI;25693;JF107 BOLSA FEMININA;UN;42022220;12,00;0,00;0,00;15,00;67,00;180,00;804,00
Loja: 3 - NEWSHOP COMERCIO LTDA ( CD );Local: 20 - GALPÃO MIDI;25694;JF113 BOLSA FEMININA;UN;42022220;12,00;0,00;0,00;15,00;83,00;180,00;996,00
Loja: 3 - NEWSHOP COMERCIO LTDA ( CD );Local: 20 - GALPÃO MIDI;25696;JF119 BOLSA FEMININA;UN;42022220;12,00;0,00;0,00;4,92;57,50;59,04;690,00
Loja: 3 - NEWSHOP COMERCIO LTDA ( CD );Local: 20 - GALPÃO MIDI;25697;JF120 BOLSA FEMININA;UN;42022220;12,00;0,00;0,00;15,00;75,00;180,00;900,00
Loja: 3 - NEWSHOP COMERCIO LTDA ( CD );Local: 20 - GALPÃO MIDI;25699;JF124 BOLSA FEMININA;UN;42022220;12,00;0,00;0,00;0,00;41,50;0,00;498,00
Loja: 3 - NEWSHOP COMERCIO LTDA ( CD );Local: 20 - GALPÃO MIDI;25700;JF130 BOLSA FEMININA;UN;42022220;12,00;0,00;0,00;0,00;75,00;0,00;900,00
Loja: 3 - NEWSHOP COMERCIO LTDA ( CD );Local: 20 - GALPÃO MIDI;25701;JF131 BOLSA FEMININA;UN;42022220;12,00;0,00;0,00;15,00;67,00;180,00;804,00
Loja: 3 - NEWSHOP COMERCIO LTDA ( CD );Local: 20 - GALPÃO MIDI;25702;JF133 BOLSA FEMININA;UN;42022220;122,00;0,00;0,00;0,00;61,00;0,00;7442,00
Loja: 3 - NEWSHOP COMERCIO LTDA ( CD );Local: 20 - GALPÃO MIDI;25802;P460-9 MOCHILA;UN;42029200;230,00;0,00;0,00;0,00;67,00;0,00;15410,00
Loja: 3 - NEWSHOP COMERCIO LTDA ( CD );Local: 20 - GALPÃO MIDI;25896;BY70-25 CINTO;UN;42033000;8,00;0,00;0,00;0,93;23,50;7,44;188,00
Loja: 3 - NEWSHOP COMERCIO LTDA ( CD );Local: 20 - GALPÃO MIDI;25898;BY41-30 CINTO;UN;42033000;8,00;0,00;0,00;0,93;10,50;7,44;84,00
Loja: 3 - NEWSHOP COMERCIO LTDA ( CD );Local: 20 - GALPÃO MIDI;25900;04 LIP BUNNY - MORANGO - GLOSS DA FRAN;UN;33041000;100,00;0,00;0,00;0,00;11,90;0,00;1190,00
Loja: 3 - NEWSHOP COMERCIO LTDA ( CD );Local: 20 - GALPÃO MIDI;25907;BY20-4 CINTO;UN;42033000;8,00;0,00;0,00;0,93;13,00;7,44;104,00
Loja: 3 - NEWSHOP COMERCIO LTDA ( CD );Local: 20 - GALPÃO MIDI;25908;BY71-30 CINTO;UN;42033000;8,00;0,00;0,00;0,93;23,50;7,44;188,00
Loja: 3 - NEWSHOP COMERCIO LTDA ( CD );Local: 20 - GALPÃO MIDI;25909;BY59-30 CINTO;UN;42033000;8,00;0,00;0,00;0,93;23,50;7,44;188,00
Loja: 3 - NEWSHOP COMERCIO LTDA ( CD );Local: 20 - GALPÃO MIDI;25910;BY44-35 CINTO;UN;42033000;8,00;0,00;0,00;0,93;23,50;7,44;188,00
Loja: 3 - NEWSHOP COMERCIO LTDA ( CD );Local: 20 - GALPÃO MIDI;25911;BY43-30 CINTO;UN;42033000;8,00;0,00;0,00;0,93;20,00;7,44;160,00
Loja: 3 - NEWSHOP COMERCIO LTDA ( CD );Local: 20 - GALPÃO MIDI;25912;BY52-40 CINTO;UN;42033000;8,00;0,00;0,00;0,93;45,50;7,44;364,00
Loja: 3 - NEWSHOP COMERCIO LTDA ( CD );Local: 20 - GALPÃO MIDI;25913;W626 CRO PLATAFORMA EVA;UN;64029990;1,00;0,00;0,00;216,97;69,99;216,97;69,99
Loja: 3 - NEWSHOP COMERCIO LTDA ( CD );Local: 20 - GALPÃO MIDI;25914;BY72-30 CINTO;UN;42033000;8,00;0,00;0,00;0,93;27,50;7,44;220,00
Loja: 3 - NEWSHOP COMERCIO LTDA ( CD );Local: 20 - GALPÃO MIDI;25917;W012 CROCS PLATAFORMA EVA;UN;64029990;1,00;0,00;0,00;216,97;76,00;216,97;76,00
Loja: 3 - NEWSHOP COMERCIO LTDA ( CD );Local: 20 - GALPÃO MIDI;25918;W511 CROCS EVA;UN;64029990;1,00;0,00;0,00;0,00;49,99;0,00;49,99
Loja: 3 - NEWSHOP COMERCIO LTDA ( CD );Local: 20 - GALPÃO MIDI;25919;BM-NO3 PISCA-PISCA DE LED DECORATIVO - TEMATICO DE NATAL;UN;94053100;200,00;0,00;0,00;0,00;16,00;0,00;3200,00
Loja: 3 - NEWSHOP COMERCIO LTDA ( CD );Local: 20 - GALPÃO MIDI;25950;BM-F1465 CINTA POSTURAL;UN;95069900;50,00;0,00;0,00;26,00;26,00;1300,00;1300,00
Loja: 3 - NEWSHOP COMERCIO LTDA ( CD );Local: 20 - GALPÃO MIDI;25952;BM-F1536 - CONJUNTO 4 POTES  CAPACIDADE 60ML MEDIDAS: 65X55X4CM;UN;39239090;62,00;0,00;0,00;1,81;11,50;112,22;713,00
Loja: 3 - NEWSHOP COMERCIO LTDA ( CD );Local: 20 - GALPÃO MIDI;26394;KP-S122 APARELHO DE SINALIZACAO ACUSTICA SENDO SENSOR DE ESTACIONAMENTO;UN;85123000;10,00;0,00;0,00;0,00;87,00;0,00;870,00
Loja: 3 - NEWSHOP COMERCIO LTDA ( CD );Local: 20 - GALPÃO MIDI;26452;ALPHA-231 FECHADURA DIGITAL ELETRONICA INTELIGENTE COM SENHA BIOMETRICA;UN;83014000;8,00;0,00;0,00;0,00;349,00;0,00;2792,00
Loja: 3 - NEWSHOP COMERCIO LTDA ( CD );Local: 20 - GALPÃO MIDI;26456;LWJ-PC1908 ABRAÇADEIRA EM NYLON - EMBALAGEM COM 200 PCS. 7.6MM X 300MM;UN;39269090;180,00;0,00;0,00;2,17;16,00;390,60;2880,00
Loja: 3 - NEWSHOP COMERCIO LTDA ( CD );Local: 20 - GALPÃO MIDI;26459;MADE-BB003 APERELHO DE BARBEAR MANUAL CABECA COM TRES LAMINAS -;UN;82121020;240,00;0,00;0,00;16,00;16,00;3840,00;3840,00
Loja: 3 - NEWSHOP COMERCIO LTDA ( CD );Local: 20 - GALPÃO MIDI;26530;LWJ-PC1905 ABRAÇADEIRA EM NYLON - EMBALAGEM COM 200 PCS. 2.5MM X 200MM;UN;39269090;500,00;0,00;0,00;1,00;2,50;500,00;1250,00
Loja: 3 - NEWSHOP COMERCIO LTDA ( CD );Local: 20 - GALPÃO MIDI;26531;LKY-0071 PAINEL SOLAR DOBRAVEL PORTATIL FLEXIVEL 10W -: 510X191MM;UN;85414300;30,00;10,00;20,00;10,19;113,00;305,70;3390,00
Loja: 3 - NEWSHOP COMERCIO LTDA ( CD );Local: 20 - GALPÃO MIDI;26532;LWJ-PC1905 ABRAÇADEIRA EM NYLON - EMBALAGEM COM 100 PCS. 2.5MM X 100MM;UN;39269090;600,00;0,00;0,00;0,22;1,50;132,00;900,00
Loja: 3 - NEWSHOP COMERCIO LTDA ( CD );Local: 20 - GALPÃO MIDI;26533;LWJ-PC1906 ABRAÇADEIRA EM NYLON - EMBALAGEM COM 100 PCS. 3.6MM X 250MM;UN;39269090;900,00;0,00;0,00;0,44;5,50;396,00;4950,00
Loja: 3 - NEWSHOP COMERCIO LTDA ( CD );Local: 20 - GALPÃO MIDI;26534;LWJ-PC1906 ABRACADEIRA EM NYLON - EMBALAGEM COM 100 PCS. 3.6MM X 150MM;UN;39269090;1635,00;0,00;0,00;0,77;3,00;1258,95;4905,00
Loja: 3 - NEWSHOP COMERCIO LTDA ( CD );Local: 20 - GALPÃO MIDI;26535;LWJ-PC1906 ABRACADEIRA EM NYLON - EMBALAGEM COM 300 PCS. 3.6MM X 300MM;UN;39269090;450,00;0,00;0,00;0,81;6,50;364,50;2925,00
Loja: 3 - NEWSHOP COMERCIO LTDA ( CD );Local: 20 - GALPÃO MIDI;26537;MADE-BB005 APERELHO DE BARBEAR MANUAL CABECA COM TRES LAMINAS;UN;82121020;225,00;0,00;0,00;2,77;18,50;623,25;4162,50
Loja: 3 - NEWSHOP COMERCIO LTDA ( CD );Local: 20 - GALPÃO MIDI;26541;VTL-102 MINI VENTILADOR RECARREGAVEL USB;UN;84145190;10,00;0,00;0,00;4,95;59,50;49,50;595,00
Loja: 3 - NEWSHOP COMERCIO LTDA ( CD );Local: 20 - GALPÃO MIDI;26644;CA20073 M - CONJUNTO DE BANDEJAS P/ ALGAS G;UN;46021900;8,00;0,00;0,00;0,00;36,00;0,00;288,00
Loja: 3 - NEWSHOP COMERCIO LTDA ( CD );Local: 20 - GALPÃO MIDI;26654;CA20073 P  - CONJUNTO DE BANDEJAS P/ ALGAS G;UN;46021900;8,00;0,00;0,00;0,00;29,00;0,00;232,00
Loja: 3 - NEWSHOP COMERCIO LTDA ( CD );Local: 20 - GALPÃO MIDI;26772;MSD-A12 ENFEITE NATALINO CASA NATALINA COM LED - ALIME;UN;95051000;12,00;0,00;0,00;0,00;136,00;0,00;1632,00
Loja: 3 - NEWSHOP COMERCIO LTDA ( CD );Local: 20 - GALPÃO MIDI;26845;SND-3102-3 BOLSA UN;UN;42022210;30,00;0,00;0,00;8,39;23,00;251,70;690,00
Loja: 3 - NEWSHOP COMERCIO LTDA ( CD );Local: 20 - GALPÃO MIDI;26846;SND-3105-3 BOLSA UN;UN;42022210;20,00;0,00;0,00;0,00;23,00;0,00;460,00
Loja: 3 - NEWSHOP COMERCIO LTDA ( CD );Local: 20 - GALPÃO MIDI;26872;LT-404 - LANTERNA EM FORMATO DE CANETA A LASER;UN;90138000;50,00;0,00;0,00;3,28;26,50;164,00;1325,00
Loja: 3 - NEWSHOP COMERCIO LTDA ( CD );Local: 20 - GALPÃO MIDI;26876;BF80176 - BOLSA FEMININA;UN;42022220;6,00;0,00;0,00;0,00;80,00;0,00;480,00
Loja: 3 - NEWSHOP COMERCIO LTDA ( CD );Local: 20 - GALPÃO MIDI;26878;LWJ-275 FURADEIRA/PARAFUSADEIRA DE USO MANUAL COM BATERIA DE LITIO E ACESSORIOS;UN;84672100;10,00;0,00;0,00;36,31;267,00;363,10;2670,00
Loja: 3 - NEWSHOP COMERCIO LTDA ( CD );Local: 20 - GALPÃO MIDI;26880;LWJ-H1801 - CHAVES COM 7 PECAS;UN;82059000;30,00;0,00;0,00;24,50;24,50;735,00;735,00
Loja: 3 - NEWSHOP COMERCIO LTDA ( CD );Local: 20 - GALPÃO MIDI;26896;KH30225 - BOLSA FEMININA;UN;42022220;16,00;0,00;0,00;1,00;29,00;16,00;464,00
Loja: 3 - NEWSHOP COMERCIO LTDA ( CD );Local: 20 - GALPÃO MIDI;26897;BL21150 - CARTEIRA FEMININA;UN;42022220;50,00;0,00;0,00;0,00;19,00;0,00;950,00
Loja: 3 - NEWSHOP COMERCIO LTDA ( CD );Local: 20 - GALPÃO MIDI;26900;BG50028-BOLSA FEMININA;UN;42022220;2,00;0,00;0,00;0,00;51,00;0,00;102,00
Loja: 3 - NEWSHOP COMERCIO LTDA ( CD );Local: 20 - GALPÃO MIDI;26908;LWJ-525S - TRENA 5 METROS;UN;90138000;54,00;0,00;0,00;1,00;10,00;54,00;540,00
Loja: 3 - NEWSHOP COMERCIO LTDA ( CD );Local: 20 - GALPÃO MIDI;27041;S9055 MANTA DE FOLHAGEM ARTIFICIAL VERDE;UN;39269090;600,00;0,00;0,00;3,01;14,00;1806,00;8400,00
Loja: 3 - NEWSHOP COMERCIO LTDA ( CD );Local: 20 - GALPÃO MIDI;27047;I12 TWS FONE DE OUVIDO;UN;85183000;139,00;0,00;0,00;0,00;21,50;0,00;2988,50
Loja: 3 - NEWSHOP COMERCIO LTDA ( CD );Local: 20 - GALPÃO MIDI;27068;ALAXE CAIXA DE SOM;UN;85182100;50,00;0,00;0,00;35,00;63,00;1750,00;3150,00
Loja: 3 - NEWSHOP COMERCIO LTDA ( CD );Local: 20 - GALPÃO MIDI;27074;GYDZ2449 SUPORTE DE LAMPADA COM SENSOR;UN;85365090;90,00;0,00;0,00;0,93;21,50;83,70;1935,00
Loja: 3 - NEWSHOP COMERCIO LTDA ( CD );Local: 20 - GALPÃO MIDI;27081;P951 POWER BANK;UN;85044010;50,00;0,00;0,00;0,00;30,50;0,00;1525,00
Loja: 3 - NEWSHOP COMERCIO LTDA ( CD );Local: 20 - GALPÃO MIDI;27114;BM-F1560 SAPATEIRA/CABIDEIRO ORGANIZADORA  179*96*28CM;UN;94032090;16,00;0,00;0,00;25,57;97,00;409,12;1552,00
Loja: 3 - NEWSHOP COMERCIO LTDA ( CD );Local: 20 - GALPÃO MIDI;27123;BM-F1689 BOLA DE PC + SILICONE PARA PET - TAMANHO: 56*66CM;UN;39269090;100,00;0,00;0,00;1,40;8,50;140,00;850,00
Loja: 3 - NEWSHOP COMERCIO LTDA ( CD );Local: 20 - GALPÃO MIDI;27157;OR-LC021/1  CARREGADOR ENTRADA 110/220VAC SAIDA USB 5VDC;UN;85044010;53,00;0,00;0,00;0,00;10,00;0,00;530,00
Loja: 3 - NEWSHOP COMERCIO LTDA ( CD );Local: 20 - GALPÃO MIDI;27163;BM-F1678 CORTINA PARA BOX DE CHUVEIRO;UN;39269090;50,00;0,00;0,00;2,51;15,50;125,50;775,00
Loja: 3 - NEWSHOP COMERCIO LTDA ( CD );Local: 20 - GALPÃO MIDI;27185;BM-F1693 BOLA DE NYLON/TPU PARA PET - DIAMETRO: 56CM;UN;39269090;100,00;0,00;0,00;1,53;13,00;153,00;1300,00
Loja: 3 - NEWSHOP COMERCIO LTDA ( CD );Local: 20 - GALPÃO MIDI;27196;NFB-003 - FONE OUVIDO SEM FIO;UN;85183000;50,00;0,00;0,00;5,10;67,00;255,00;3350,00
Loja: 3 - NEWSHOP COMERCIO LTDA ( CD );Local: 20 - GALPÃO MIDI;27199;NFB-004 - FONE OUVIDO SEM FIO;UN;85183000;50,00;0,00;0,00;4,65;61,00;232,50;3050,00
Loja: 3 - NEWSHOP COMERCIO LTDA ( CD );Local: 20 - GALPÃO MIDI;27247;BOM-1298 CHAVE CATRACA - 3/8 POLEGADA;UN;82041100;20,00;0,00;0,00;0,00;23,50;0,00;470,00
Loja: 3 - NEWSHOP COMERCIO LTDA ( CD );Local: 20 - GALPÃO MIDI;27249;BOM-1299 CHAVE CATRACA 1/4 POLEGADA;UN;82041100;60,00;0,00;0,00;0,00;18,50;0,00;1110,00
Loja: 3 - NEWSHOP COMERCIO LTDA ( CD );Local: 20 - GALPÃO MIDI;27250;BOM-1528 CORTADOR DE PISO AZULEJO PORCELANATO;UN;82055900;2,00;0,00;0,00;0,00;491,00;0,00;982,00
Loja: 3 - NEWSHOP COMERCIO LTDA ( CD );Local: 20 - GALPÃO MIDI;27253;BOM-1529 CORTADOR DE PISO AZULEJO PORCELANATO;UN;82055900;2,00;0,00;0,00;0,00;789,00;0,00;1578,00
Loja: 3 - NEWSHOP COMERCIO LTDA ( CD );Local: 20 - GALPÃO MIDI;27256;BOM-1576 ESCOVA DE ACO SEM CABO 4 FILEIRAS;UN;96039000;60,00;0,00;0,00;1,63;13,00;97,80;780,00
Loja: 3 - NEWSHOP COMERCIO LTDA ( CD );Local: 20 - GALPÃO MIDI;27257;BOM-5135 KIT COM 2 LAMINAS PARA SERRA SABRE  SP;UN;82029990;100,00;0,00;0,00;1,16;11,50;116,00;1150,00
Loja: 3 - NEWSHOP COMERCIO LTDA ( CD );Local: 20 - GALPÃO MIDI;27260;"BOM-2066 TORNEIRA ESFERA PLASTICA 1/2""";UN;84818019;25,00;0,00;0,00;1,57;6,00;39,25;150,00
Loja: 3 - NEWSHOP COMERCIO LTDA ( CD );Local: 20 - GALPÃO MIDI;27265;BOM-5666 ADAPTADOR DE SERRA SABRE SEM MOTOR;UN;84679900;25,00;0,00;0,00;6,78;67,00;169,50;1675,00
Loja: 3 - NEWSHOP COMERCIO LTDA ( CD );Local: 20 - GALPÃO MIDI;27268;BOM-3641 KIT DE PINTURA CONTENDO 4 PECAS;UN;96034090;50,00;0,00;0,00;2,10;18,50;105,00;925,00
Loja: 3 - NEWSHOP COMERCIO LTDA ( CD );Local: 20 - GALPÃO MIDI;27271;BOM-9726  CONJUNTO DE FERRAMENTAS MANUAIS COM MOTOR ELETRICOB BOM-9726 SP;UN;84672999;4,00;0,00;0,00;0,00;535,00;0,00;2140,00
Loja: 3 - NEWSHOP COMERCIO LTDA ( CD );Local: 20 - GALPÃO MIDI;27272;BOM-3650 CONJUNTO DE REPUXADEIRA DE AMASSADOS;UN;82055900;20,00;0,00;0,00;0,00;48,50;0,00;970,00
Loja: 3 - NEWSHOP COMERCIO LTDA ( CD );Local: 20 - GALPÃO MIDI;27281;BOM-5354  KIT 13 PCS CANTONEIRA EM  L;UN;73182300;72,00;0,00;0,00;0,61;5,50;43,92;396,00
Loja: 3 - NEWSHOP COMERCIO LTDA ( CD );Local: 20 - GALPÃO MIDI;27284;YH-5506 BOLSA FEMININA;UN;42022210;25,00;0,00;0,00;15,52;62,00;388,00;1550,00
Loja: 3 - NEWSHOP COMERCIO LTDA ( CD );Local: 20 - GALPÃO MIDI;27286;BOM-5353 REBITE CEGO DE ALUMINIO COM HASTE DE ACO;UN;73182300;72,00;0,00;0,00;0,66;5,50;47,52;396,00
Loja: 3 - NEWSHOP COMERCIO LTDA ( CD );Local: 20 - GALPÃO MIDI;27287;ZR-5649 BOLSA FEMININA;UN;42022210;10,00;0,00;0,00;0,00;83,00;0,00;830,00
Loja: 3 - NEWSHOP COMERCIO LTDA ( CD );Local: 20 - GALPÃO MIDI;27314;KA5595 BOLSA FEMININA;UN;42022210;3,00;0,00;0,00;0,00;46,00;0,00;138,00
Loja: 3 - NEWSHOP COMERCIO LTDA ( CD );Local: 20 - GALPÃO MIDI;27318;KA-5597 BOLSA FEMININA;UN;42022210;25,00;0,00;0,00;11,52;46,00;288,00;1150,00
Loja: 3 - NEWSHOP COMERCIO LTDA ( CD );Local: 20 - GALPÃO MIDI;27321;ZR5667 BOLSA FEMININA;UN;42022210;28,00;0,00;0,00;0,00;49,50;0,00;1386,00
Loja: 3 - NEWSHOP COMERCIO LTDA ( CD );Local: 20 - GALPÃO MIDI;27323;ZR-5660 BOLSA FEMININA;UN;42022210;10,00;0,00;0,00;0,00;75,00;0,00;750,00
Loja: 3 - NEWSHOP COMERCIO LTDA ( CD );Local: 20 - GALPÃO MIDI;27324;ZR-5658 BOLSA FEMININA;UN;42022210;25,00;0,00;0,00;11,12;44,50;278,00;1112,50
Loja: 3 - NEWSHOP COMERCIO LTDA ( CD );Local: 20 - GALPÃO MIDI;27326;ZR-5663 BOLSA FEMININA;UN;42022210;25,00;0,00;0,00;12,72;51,00;318,00;1275,00
Loja: 3 - NEWSHOP COMERCIO LTDA ( CD );Local: 20 - GALPÃO MIDI;27327;ZR-5671 BOLSA FEMININA;UN;42022210;4,00;0,00;0,00;15,12;60,50;60,48;242,00
Loja: 3 - NEWSHOP COMERCIO LTDA ( CD );Local: 20 - GALPÃO MIDI;27328;ZR-5666 BOLSA FEMIININA;UN;42022210;15,00;0,00;0,00;21,12;84,50;316,80;1267,50
Loja: 3 - NEWSHOP COMERCIO LTDA ( CD );Local: 20 - GALPÃO MIDI;27330;ZR-5655 BOLSA FEMININA;UN;42022210;20,00;0,00;0,00;15,52;62,00;310,40;1240,00
Loja: 3 - NEWSHOP COMERCIO LTDA ( CD );Local: 20 - GALPÃO MIDI;27332;ZR5654 BOLSA FEMININA;UN;42022210;5,00;0,00;0,00;19,12;76,50;95,60;382,50
Loja: 3 - NEWSHOP COMERCIO LTDA ( CD );Local: 20 - GALPÃO MIDI;27333;KA-5615 BOLSA FEMININA;UN;42022210;10,00;0,00;0,00;0,00;62,00;0,00;620,00
Loja: 3 - NEWSHOP COMERCIO LTDA ( CD );Local: 20 - GALPÃO MIDI;27335;YH-5519 BOLSA FEMININA;UN;42022210;10,00;0,00;0,00;0,00;84,50;0,00;845,00
Loja: 3 - NEWSHOP COMERCIO LTDA ( CD );Local: 20 - GALPÃO MIDI;27336;KA-5598 BOLSA FEMININA;UN;42022210;3,00;0,00;0,00;0,00;46,00;0,00;138,00
Loja: 3 - NEWSHOP COMERCIO LTDA ( CD );Local: 20 - GALPÃO MIDI;27338;KA-5610 BOLSA FEMININA;UN;42022210;25,00;0,00;0,00;13,12;52,50;328,00;1312,50
Loja: 3 - NEWSHOP COMERCIO LTDA ( CD );Local: 20 - GALPÃO MIDI;27357;LE-2413 FONE DE OUVIDO;UN;85183000;4,00;0,00;0,00;2,76;53,50;11,04;214,00
Loja: 3 - NEWSHOP COMERCIO LTDA ( CD );Local: 20 - GALPÃO MIDI;27374;W820 CHINELO NUVEM EVA - FEM;UN;64029990;48,00;0,00;0,00;9,26;36,00;444,48;1728,00
Loja: 3 - NEWSHOP COMERCIO LTDA ( CD );Local: 20 - GALPÃO MIDI;27377;W821 CHINELO PLATAFORMA EVA - FEM;UN;64029990;24,00;0,00;0,00;25,00;50,00;600,00;1200,00
Loja: 3 - NEWSHOP COMERCIO LTDA ( CD );Local: 20 - GALPÃO MIDI;27433;OIF-7419 - COLETE ORTOPEDICO PARA CORRECAO POSTURAL;UN;95064000;96,00;0,00;0,00;3,17;19,50;304,32;1872,00
Loja: 3 - NEWSHOP COMERCIO LTDA ( CD );Local: 20 - GALPÃO MIDI;27457;BOM-2122 CHUVEIRO SLIM QUADRADO 20X20CM;UN;84818019;30,00;0,00;0,00;7,07;67,00;212,10;2010,00
Loja: 3 - NEWSHOP COMERCIO LTDA ( CD );Local: 20 - GALPÃO MIDI;27463;BOM-7378 ESGUICHO 8 MODOS DE JATO PARA MANGUEIRA;UN;39269090;20,00;0,00;0,00;4,05;38,50;81,00;770,00
Loja: 3 - NEWSHOP COMERCIO LTDA ( CD );Local: 20 - GALPÃO MIDI;27481;LK-BL01 - CADEADO DE SEGURANCA PARA BICICLETA OU MOTO;UN;83011000;96,00;0,00;0,00;0,00;22,00;0,00;2112,00
Loja: 3 - NEWSHOP COMERCIO LTDA ( CD );Local: 20 - GALPÃO MIDI;27484;LWJ-1986 DESCASCADOR DE FIOS MULTIFUNCIONALEM ACO INOXIDAVEL TEMPERADO;UN;82032090;20,00;0,00;0,00;3,13;22,00;62,60;440,00
Loja: 3 - NEWSHOP COMERCIO LTDA ( CD );Local: 20 - GALPÃO MIDI;27488;LWJ-PC1907-4.8*200 ABRACADEIRA EM NYLON - EMBALAGEM COM 100 PCS;UN;39269090;600,00;0,00;0,00;0,86;6,00;516,00;3600,00
Loja: 3 - NEWSHOP COMERCIO LTDA ( CD );Local: 20 - GALPÃO MIDI;27489;LWJ-PC1907-4.8*300 ABRACADEIRA EM NYLON - EMBALAGEM COM 100 PCS;UN;39269090;400,00;0,00;0,00;1,34;9,50;536,00;3800,00
Loja: 3 - NEWSHOP COMERCIO LTDA ( CD );Local: 20 - GALPÃO MIDI;27490;LWJ-PC1908-7.6*350 ABRACADEIRA EM NYLON - EMBALAGEM COM 100 PCS;UN;39269090;240,00;0,00;0,00;2,93;18,50;703,20;4440,00
Loja: 3 - NEWSHOP COMERCIO LTDA ( CD );Local: 20 - GALPÃO MIDI;27506;BM-C078 APARADOR DE CABELO PROFISSIONAL 6 EM 1 - CARREGAMENTO VIA USB + PE;UN;85102000;20,00;0,00;0,00;13,05;146,00;261,00;2920,00
Loja: 3 - NEWSHOP COMERCIO LTDA ( CD );Local: 20 - GALPÃO MIDI;27804;CA0058 CANETA ESFEROGRAFICA 0.7MM - UNIC STAMP;UN;96081000;300,00;0,00;0,00;0,00;6,00;0,00;1800,00
Loja: 3 - NEWSHOP COMERCIO LTDA ( CD );Local: 20 - GALPÃO MIDI;27809;BRINCO -  NCM:71171900 -  MATRIZ;UN;71171900;72,00;0,00;0,00;0,17;0,00;12,24;0,00
Loja: 3 - NEWSHOP COMERCIO LTDA ( CD );Local: 20 - GALPÃO MIDI;27813;CA0026B CANETA ESFEROGRAFICA 05 MM ESCRIBA - DISPLAY C/ 30UN;UN;96081000;600,00;0,00;0,00;0,00;5,50;0,00;3300,00
Loja: 3 - NEWSHOP COMERCIO LTDA ( CD );Local: 20 - GALPÃO MIDI;27814;CA0200 CANETA ESFEROGRAFICA DIVERT GEL APAG 0.7MM - S2 - DISPLAY C/ 12UN;UN;96081000;555,00;0,00;0,00;0,00;5,50;0,00;3052,50
Loja: 3 - NEWSHOP COMERCIO LTDA ( CD );Local: 20 - GALPÃO MIDI;27816;CA0250 CANETA ESFEROGRÁFICA GEL RETRÁTIL 0.7MM 5 CORES;UN;96081000;1035,00;0,00;0,00;11,98;27,50;12399,30;28462,50
Loja: 3 - NEWSHOP COMERCIO LTDA ( CD );Local: 20 - GALPÃO MIDI;27820;LP1704 LAPISEIRA PLÁSTICA DIVERTIDA 07MM - GAME - DISPLAY C/ 12 UN;UN;96084000;564,00;0,00;0,00;50,99;9,50;28758,36;5358,00
Loja: 3 - NEWSHOP COMERCIO LTDA ( CD );Local: 20 - GALPÃO MIDI;28058;BOM-1352  FITA ADESIVA DUPLA-FACE DE PLASTICO SP;UN;39191090;1,00;0,00;0,00;6,71;38,50;6,71;38,50
Loja: 3 - NEWSHOP COMERCIO LTDA ( CD );Local: 20 - GALPÃO MIDI;28098;BOM-9761 KIT FERRAMENTAS MULTIFUNCOES ACOMPANHA 6 FERRAMENTAS;UN;84672999;3,00;0,00;0,00;154,47;1324,00;463,41;3972,00
Loja: 3 - NEWSHOP COMERCIO LTDA ( CD );Local: 20 - GALPÃO MIDI;28221;LCW-WWJ27 BRINQUEDOS PARA PET TAMANHO 18CM;UN;40169990;48,00;0,00;0,00;1,68;11,50;80,64;552,00
Loja: 3 - NEWSHOP COMERCIO LTDA ( CD );Local: 20 - GALPÃO MIDI;28222;LCW-WWJ26 FRISBEE EM BORRACHA VULCANIZADA;UN;40169990;48,00;0,00;0,00;1,00;16,00;48,00;768,00
Loja: 3 - NEWSHOP COMERCIO LTDA ( CD );Local: 20 - GALPÃO MIDI;28227;LCW-BW119 BRINQUEDO INTERATIVO MASTIGAVEL P/LIMPEZA DE DENTES  P/PET DE PLASTICO;UN;56075090;90,00;0,00;0,00;3,01;20,50;270,90;1845,00
Loja: 3 - NEWSHOP COMERCIO LTDA ( CD );Local: 20 - GALPÃO MIDI;28231;LCW-BW120 - BRINQUEDO MORDEDOR DE BORRACHA PPET COM PUXADOR OSSINHO;UN;56075090;60,00;0,00;0,00;2,17;16,50;130,20;990,00
Loja: 3 - NEWSHOP COMERCIO LTDA ( CD );Local: 20 - GALPÃO MIDI;28237;SLK-LAF151AB - FACA LAMINA FIXA PARA PESCA E CACA;UN;82119220;30,00;0,00;0,00;0,00;19,50;0,00;585,00
Loja: 3 - NEWSHOP COMERCIO LTDA ( CD );Local: 20 - GALPÃO MIDI;28239;LWJ-725S - FITA MÉTRICA - 75 M;UN;90178090;48,00;0,00;0,00;2,27;14,00;108,96;672,00
Loja: 3 - NEWSHOP COMERCIO LTDA ( CD );Local: 20 - GALPÃO MIDI;28242;LWJ-PC1920 - BASTAO DE COLA QUENTE REFIL UNIVERSAL - 6 PSÇ;UN;35061090;120,00;0,00;0,00;0,64;5,00;76,80;600,00
Loja: 3 - NEWSHOP COMERCIO LTDA ( CD );Local: 20 - GALPÃO MIDI;28244;LWJ-PC1921 - BASTAO DE COLA QUENTE REFIL UNIVERSAL  - 9 PÇS;UN;35061090;120,00;0,00;0,00;0,54;4,50;64,80;540,00
Loja: 3 - NEWSHOP COMERCIO LTDA ( CD );Local: 20 - GALPÃO MIDI;28245;LWJ-PC1922 - BASTAO DE COLA QUENTE REFIL UNIVERSAL - 27 CM;UN;35061090;12,00;0,00;0,00;4,42;34,00;53,04;408,00
Loja: 3 - NEWSHOP COMERCIO LTDA ( CD );Local: 20 - GALPÃO MIDI;28246;SLK-D180 - CANIVETE P/ PESCA E CACA DE AÇO;UN;82119320;60,00;0,00;0,00;1,37;11,00;82,20;660,00
Loja: 3 - NEWSHOP COMERCIO LTDA ( CD );Local: 20 - GALPÃO MIDI;28247;SLK-D182 - CANIVETE PARA PESCA E CACA;UN;82119320;60,00;0,00;0,00;1,37;11,00;82,20;660,00
Loja: 3 - NEWSHOP COMERCIO LTDA ( CD );Local: 20 - GALPÃO MIDI;28249;SLK-D183 - CANIVETE PARA PESCA E CAÇA;UN;82119320;60,00;0,00;0,00;1,37;11,00;82,20;660,00
Loja: 3 - NEWSHOP COMERCIO LTDA ( CD );Local: 20 - GALPÃO MIDI;28251;SLK-D184 - CANIVETE PARA PESCA E CAÇA;UN;82119320;60,00;0,00;0,00;1,38;11,00;82,80;660,00
Loja: 3 - NEWSHOP COMERCIO LTDA ( CD );Local: 20 - GALPÃO MIDI;28253;SLK-D353AB - CANIVETE PARA PESCA E CACA;UN;82119320;60,00;0,00;0,00;0,00;18,50;0,00;1110,00
Loja: 3 - NEWSHOP COMERCIO LTDA ( CD );Local: 20 - GALPÃO MIDI;28255;SLK-LAF199 - FACA PARA PESCA E CACA;UN;82119220;30,00;0,00;0,00;0,00;41,50;0,00;1245,00
Loja: 3 - NEWSHOP COMERCIO LTDA ( CD );Local: 20 - GALPÃO MIDI;28257;SLK-LAF201 - FACA PARA PESCA E CACA;UN;82119220;30,00;0,00;0,00;0,00;45,50;0,00;1365,00
Loja: 3 - NEWSHOP COMERCIO LTDA ( CD );Local: 20 - GALPÃO MIDI;28258;SLK-LAF49 - FACA DE CACA DE LAMINA FIXA - ACO INOX  - PESO 156G;UN;82119290;30,00;0,00;0,00;2,35;18,00;70,50;540,00
Loja: 3 - NEWSHOP COMERCIO LTDA ( CD );Local: 20 - GALPÃO MIDI;28259;SLK-LAF50 - FACA DE CACA DE LAMINA FIXA - PESO 153 G;UN;82119290;30,00;0,00;0,00;2,52;18,50;75,60;555,00
Loja: 3 - NEWSHOP COMERCIO LTDA ( CD );Local: 20 - GALPÃO MIDI;28260;SLK-LAF52 - FACA DE CACA DE LAMINA FIXA - ACO INOX - 153 G;UN;82119290;30,00;0,00;0,00;2,46;18,00;73,80;540,00
Loja: 3 - NEWSHOP COMERCIO LTDA ( CD );Local: 20 - GALPÃO MIDI;28287;OR-C037/CL - CABO TYPE-C X LIGHTNING COMPRIMENTO DO CABO 1M;UN;85444200;100,00;0,00;0,00;0,52;14,00;52,00;1400,00
Loja: 3 - NEWSHOP COMERCIO LTDA ( CD );Local: 20 - GALPÃO MIDI;28288;LB-CM08 - CARTAO DE MEMORIA CAPACIDADE DE 8GB COM ADAPTADOR P/SD;UN;85235110;50,00;0,00;0,00;1,00;20,00;50,00;1000,00
Loja: 3 - NEWSHOP COMERCIO LTDA ( CD );Local: 20 - GALPÃO MIDI;28289;LB-CM16 -CARTAO DE MEMORIA  CAPACIDADE DE 16GB COM ADAPTADOR P/ SD;UN;85235110;50,00;0,00;0,00;1,00;24,50;50,00;1225,00
Loja: 3 - NEWSHOP COMERCIO LTDA ( CD );Local: 20 - GALPÃO MIDI;28291;LB-CM128 - CARTAO DE MEMORIA FLASH FORMATO MICRO SD - 128GB;UN;85235110;50,00;0,00;0,00;4,33;78,50;216,50;3925,00
Loja: 3 - NEWSHOP COMERCIO LTDA ( CD );Local: 20 - GALPÃO MIDI;28292;LB-CM64 - CARTAO DE MEMORIA FLASH FORMATO MICRO SD;UN;85235110;50,00;0,00;0,00;1,00;48,50;50,00;2425,00
Loja: 3 - NEWSHOP COMERCIO LTDA ( CD );Local: 20 - GALPÃO MIDI;28396;DB-1145 - G - BOLSA DE OMBRO FEMININA COM DESIGN CLASSICO - MARCA: MISS DONG;UN;42023200;7,00;0,00;0,00;0,00;33,00;0,00;231,00
Loja: 3 - NEWSHOP COMERCIO LTDA ( CD );Local: 20 - GALPÃO MIDI;28397;DB-1212 - G - BOLSA DE OMBRO FEMININA COM DESIGN CLASSICO - MARCA: MISS DONG;UN;42023200;21,00;0,00;0,00;0,00;33,00;0,00;693,00
Loja: 3 - NEWSHOP COMERCIO LTDA ( CD );Local: 20 - GALPÃO MIDI;28450;NCB-6212 - FONTE DE ALIMENTACAO PARA NOTEBOOK DC 12V-24V POTENCIA: 120W;UN;85044021;35,00;0,00;0,00;1,00;35,50;35,00;1242,50
Loja: 3 - NEWSHOP COMERCIO LTDA ( CD );Local: 20 - GALPÃO MIDI;28453;NFB-135 FONE DE OUVIDO SEM FIO;UN;85183000;1,00;0,00;0,00;2,16;27,50;2,16;27,50
Loja: 3 - NEWSHOP COMERCIO LTDA ( CD );Local: 20 - GALPÃO MIDI;28458;OIJJ1596 - COLCHAO DE AR DE BORRACHA TAMANHO: 135X85X45CM;UN;94042100;2,00;0,00;0,00;0,00;175,00;0,00;350,00
Loja: 3 - NEWSHOP COMERCIO LTDA ( CD );Local: 20 - GALPÃO MIDI;28466;OIH-4600 - CERCADINHO DELIMITADOR:;UN;39269090;3,00;0,00;0,00;0,00;432,00;0,00;1296,00
Loja: 3 - NEWSHOP COMERCIO LTDA ( CD );Local: 20 - GALPÃO MIDI;28473;BOM-1054 - ALICATE PARA CUTICULAS AFIADO;UN;82142000;150,00;0,00;0,00;0,42;8,50;63,00;1275,00
Loja: 3 - NEWSHOP COMERCIO LTDA ( CD );Local: 20 - GALPÃO MIDI;28479;OIH-2210 - CONJUNTO DE ZIP LOCK;UN;39232190;20,00;0,00;0,00;0,00;10,00;0,00;200,00
Loja: 3 - NEWSHOP COMERCIO LTDA ( CD );Local: 20 - GALPÃO MIDI;28480;OIH-2211 - CONJUNTO DE ZIP LOCK;UN;39232190;20,00;0,00;0,00;0,00;10,50;0,00;210,00
Loja: 3 - NEWSHOP COMERCIO LTDA ( CD );Local: 20 - GALPÃO MIDI;28482;OIH-5408 - CONJUNTO DE UTENSILIOS SORTIDO;UN;82142000;64,00;0,00;0,00;3,74;39,50;239,36;2528,00
Loja: 3 - NEWSHOP COMERCIO LTDA ( CD );Local: 20 - GALPÃO MIDI;28637;1-VSYD1.5-072-1 CINTO FEMININO SLIM COM FIVELA FERRADURA E MICROCRAVAÇÕES;UN;39262000;624,00;0,00;0,00;1,45;15,00;904,80;9360,00
Loja: 3 - NEWSHOP COMERCIO LTDA ( CD );Local: 20 - GALPÃO MIDI;28676;KR6175 BOLSA FEMININA;UN;42022210;84,00;0,00;0,00;0,00;0,00;0,00;0,00
Loja: 3 - NEWSHOP COMERCIO LTDA ( CD );Local: 20 - GALPÃO MIDI;28694;NFB-133 FONE DE OUVIDO BLUETOOTH;UN;85183000;1,00;0,00;0,00;3,78;49,00;3,78;49,00
Loja: 3 - NEWSHOP COMERCIO LTDA ( CD );Local: 20 - GALPÃO MIDI;28791;NCA-004V - CARREGADOR DE CELULAR V8;UN;85044010;100,00;0,00;0,00;1,35;16,00;135,00;1600,00
Loja: 3 - NEWSHOP COMERCIO LTDA ( CD );Local: 20 - GALPÃO MIDI;28801;NCA-004S - CARREGADOR DE CELULAR IOS;UN;85044010;75,00;0,00;0,00;1,35;16,00;101,25;1200,00
Loja: 3 - NEWSHOP COMERCIO LTDA ( CD );Local: 20 - GALPÃO MIDI;28804;NCB-1081-CABO DE DADOS USB TIPO-C;UN;85444200;200,00;0,00;0,00;0,68;8,00;136,00;1600,00
Loja: 3 - NEWSHOP COMERCIO LTDA ( CD );Local: 20 - GALPÃO MIDI;28806;NFB-137- FONE DE OUVIDO BLUETOOTH;UN;85183000;10,00;0,00;0,00;2,40;29,00;24,00;290,00
Loja: 3 - NEWSHOP COMERCIO LTDA ( CD );Local: 20 - GALPÃO MIDI;28807;NMI-02 - MICROFONE SEM FIO;UN;85181090;40,00;0,00;0,00;0,00;54,00;0,00;2160,00
Loja: 3 - NEWSHOP COMERCIO LTDA ( CD );Local: 20 - GALPÃO MIDI;28878;BC-21128 - MOCHILA UNISSEX;UN;42022220;30,00;0,00;0,00;26,00;117,00;780,00;3510,00
Loja: 3 - NEWSHOP COMERCIO LTDA ( CD );Local: 20 - GALPÃO MIDI;28879;BM-F1360 - HAND GRIP AJUSTAVEL COM CONTADOR DIGITAL;UN;95069100;30,00;0,00;0,00;3,23;14,50;96,90;435,00
Loja: 3 - NEWSHOP COMERCIO LTDA ( CD );Local: 20 - GALPÃO MIDI;28890;BC-21132 - MOCHILA UNISSEX;UN;42022220;30,00;0,00;0,00;26,00;117,00;780,00;3510,00
Loja: 3 - NEWSHOP COMERCIO LTDA ( CD );Local: 20 - GALPÃO MIDI;28891;BC-21136 - MOCHILA UNISSEX;UN;42022220;30,00;0,00;0,00;26,00;117,00;780,00;3510,00
Loja: 3 - NEWSHOP COMERCIO LTDA ( CD );Local: 20 - GALPÃO MIDI;28893;LKD-221 - KIT PARA REPARO - CONTEM: LIXA DE METAL NUCLEO COLA FOLHA  CROWBAR;UN;82055900;25,00;0,00;0,00;7,04;39,50;176,00;987,50
Loja: 3 - NEWSHOP COMERCIO LTDA ( CD );Local: 20 - GALPÃO MIDI;28896;LWJ-1803 - PISTOLA DE COLA QUENTE. 127-220V;UN;85167990;31,00;0,00;0,00;0,00;18,00;0,00;558,00
Loja: 3 - NEWSHOP COMERCIO LTDA ( CD );Local: 20 - GALPÃO MIDI;28898;LWJ-1805 - PISTOLA DE COLA QUENTE. 127-220V;UN;85167990;60,00;0,00;0,00;0,00;35,50;0,00;2130,00
Loja: 3 - NEWSHOP COMERCIO LTDA ( CD );Local: 20 - GALPÃO MIDI;28899;LWJ-1804 - PISTOLA DE COLA QUENTE. 127-220V;UN;85167990;45,00;0,00;0,00;0,00;26,00;0,00;1170,00
Loja: 3 - NEWSHOP COMERCIO LTDA ( CD );Local: 20 - GALPÃO MIDI;28900;BD-21145 - LANCHEIRA TERMICA - 7890021145035;UN;42023200;60,00;0,00;0,00;10,40;47,00;624,00;2820,00
Loja: 3 - NEWSHOP COMERCIO LTDA ( CD );Local: 20 - GALPÃO MIDI;28901;BD-21146 - LANCHEIRA TERMICA - 7890021146012;UN;42023200;60,00;0,00;0,00;10,00;45,00;600,00;2700,00
Loja: 3 - NEWSHOP COMERCIO LTDA ( CD );Local: 20 - GALPÃO MIDI;28905;BOM-9508 INVERSORA DE SOLDA 220V 20V-225A248V;UN;85153900;9,00;0,00;0,00;108,53;327,00;976,77;2943,00
Loja: 3 - NEWSHOP COMERCIO LTDA ( CD );Local: 20 - GALPÃO MIDI;28920;OIH-4073 - CONJUNTO DE GANCHO ADESIVO - 6 PEÇAS;UN;39249000;160,00;0,00;0,00;0,43;4,50;68,80;720,00
Loja: 3 - NEWSHOP COMERCIO LTDA ( CD );Local: 20 - GALPÃO MIDI;28923;BOM-3919 CAIXA DE FERRAMENTAS COM 8 PECAS;UN;82059000;30,00;0,00;0,00;11,56;63,50;346,80;1905,00
Loja: 3 - NEWSHOP COMERCIO LTDA ( CD );Local: 20 - GALPÃO MIDI;28930;LE-0316 FONE DE OUVIDO (HEADSET) - TIPO DE CONEXAO: BLUETOOTH;UN;85183000;187,00;0,00;0,00;10,10;63,50;1888,70;11874,50
Loja: 3 - NEWSHOP COMERCIO LTDA ( CD );Local: 20 - GALPÃO MIDI;29046;OIH-4642 MESA DE CENTRO COM RODINHAS:;UN;94032090;5,00;0,00;0,00;7,08;114,00;35,40;570,00
Loja: 3 - NEWSHOP COMERCIO LTDA ( CD );Local: 20 - GALPÃO MIDI;29049;OIH-5417 CONJUNTO DE HIGIENE INFANTIL;UN;39249000;76,00;0,00;0,00;2,21;20,00;167,96;1520,00
Loja: 3 - NEWSHOP COMERCIO LTDA ( CD );Local: 20 - GALPÃO MIDI;29093;16-15 - KIT MOCHILA - 3 PECAS;UN;42029200;2,00;0,00;0,00;0,00;149,90;0,00;299,80
Loja: 3 - NEWSHOP COMERCIO LTDA ( CD );Local: 20 - GALPÃO MIDI;29143;I12 - FONE DE OUVIDO IPODS I12;UN;85183000;100,00;0,00;0,00;2,00;20,00;200,00;2000,00
Loja: 3 - NEWSHOP COMERCIO LTDA ( CD );Local: 20 - GALPÃO MIDI;29145;I7-MINI - FONE DE OUVIDO I7;UN;85183000;131,00;0,00;0,00;1,00;18,00;131,00;2358,00
Loja: 3 - NEWSHOP COMERCIO LTDA ( CD );Local: 20 - GALPÃO MIDI;29168;DS14641 PISCINA INFLAVEL REDONDA;UN;95069900;60,00;0,00;0,00;3,84;29,00;230,40;1740,00
Loja: 3 - NEWSHOP COMERCIO LTDA ( CD );Local: 20 - GALPÃO MIDI;29170;BGSAV CANETA TOUCH 36PCS;UN;62064000;100,00;0,00;0,00;5,58;21,50;558,00;2150,00
Loja: 3 - NEWSHOP COMERCIO LTDA ( CD );Local: 20 - GALPÃO MIDI;29172;BWGFJ CANETA TOUCH 48PCS;UN;62064000;18,00;0,00;0,00;7,16;29,00;128,88;522,00
Loja: 3 - NEWSHOP COMERCIO LTDA ( CD );Local: 20 - GALPÃO MIDI;29177;DS13327 BOTA IMPERMEAVEL;UN;39262000;40,00;0,00;0,00;1,00;19,00;40,00;760,00
Loja: 3 - NEWSHOP COMERCIO LTDA ( CD );Local: 20 - GALPÃO MIDI;29178;DS13904B BOLSA PARA LAVAGEM DE SAPATOS;UN;42022220;50,00;0,00;0,00;3,36;25,00;168,00;1250,00
Loja: 3 - NEWSHOP COMERCIO LTDA ( CD );Local: 20 - GALPÃO MIDI;29179;DS14821 MASSAGEADOR DE TORNOZELO;UN;90191000;62,00;0,00;0,00;7,92;59,50;491,04;3689,00
Loja: 3 - NEWSHOP COMERCIO LTDA ( CD );Local: 20 - GALPÃO MIDI;29403;BM-C086 MASSAGEADOR FACIAL ELETRICO COM CABECA EM FORMATO DE T;UN;90191000;100,00;0,00;0,00;1,77;16,00;177,00;1600,00
Loja: 3 - NEWSHOP COMERCIO LTDA ( CD );Local: 20 - GALPÃO MIDI;29435;BM-F1216 LUMINARIA ARTICULADA DE MESA - LED - FONTE DE ALIMENTACAO: USB;UN;94052100;50,00;0,00;0,00;3,84;32,50;192,00;1625,00
Loja: 3 - NEWSHOP COMERCIO LTDA ( CD );Local: 20 - GALPÃO MIDI;29444;BM-F1527 PALMILHA GEL ORTOPEDICA MODELO CALCANHEIRA EM SILICONE + ABS - REF: B;UN;39269090;50,00;0,00;0,00;2,43;15,00;121,50;750,00
Loja: 3 - NEWSHOP COMERCIO LTDA ( CD );Local: 20 - GALPÃO MIDI;29445;BM-F1528 PALMILHA GEL MODELO CALCANHEIRA EM SILICONE + ABS TAMANHO;UN;39269090;45,00;0,00;0,00;1,84;17,00;82,80;765,00
Loja: 3 - NEWSHOP COMERCIO LTDA ( CD );Local: 20 - GALPÃO MIDI;29449;BM-F1655 TAPETE PARA BANHEIRO - MATERIAL: PVC - TAMANHO: 33*63CM - FORMATO: RETA;UN;39269090;-14,00;0,00;0,00;4,86;15,50;-68,04;-217,00
Loja: 3 - NEWSHOP COMERCIO LTDA ( CD );Local: 20 - GALPÃO MIDI;29454;BM-A27 BALANCA DIGITAL DE COZINHA A PROVA D'AGUA - CAPACIDADE: ATE 5KG;UN;84231000;36,00;0,00;0,00;0,00;43,50;0,00;1566,00
Loja: 3 - NEWSHOP COMERCIO LTDA ( CD );Local: 20 - GALPÃO MIDI;29466;BM-F1759 SAPATEIRA DUPLA COM 8 ANDARES PARA ACONDICIONAR CALCADOS;UN;94032090;10,00;0,00;0,00;31,07;119,00;310,70;1190,00
Loja: 3 - NEWSHOP COMERCIO LTDA ( CD );Local: 20 - GALPÃO MIDI;29469;BM-F1771 SAPATEIRA COM 9 ANDARES DE PRATELEIRAS - 155CM(A;UN;94032090;16,00;0,00;0,00;21,31;74,50;340,96;1192,00
Loja: 3 - NEWSHOP COMERCIO LTDA ( CD );Local: 20 - GALPÃO MIDI;29476;BM-R802 RELOGIO DE LED PARA PAREDE (DIGITAL):;UN;91052100;12,00;0,00;0,00;10,01;87,50;120,12;1050,00
Loja: 3 - NEWSHOP COMERCIO LTDA ( CD );Local: 20 - GALPÃO MIDI;29518;OIH-6320 RELOGIO DE MESA;UN;91031000;80,00;0,00;0,00;0,00;22,00;0,00;1760,00
Loja: 3 - NEWSHOP COMERCIO LTDA ( CD );Local: 20 - GALPÃO MIDI;29534;LE-6612-3M CABO C/MALHA HDMI VERSION 1.4;UN;85444200;20,00;0,00;0,00;3,66;11,00;73,20;220,00
Loja: 3 - NEWSHOP COMERCIO LTDA ( CD );Local: 20 - GALPÃO MIDI;29537;LE-2461 FONE DE OUVIDO;UN;85183000;10,00;0,00;0,00;1,00;38,50;10,00;385,00
Loja: 3 - NEWSHOP COMERCIO LTDA ( CD );Local: 20 - GALPÃO MIDI;29545;BOM-5678 TORNO DE BANCADA 50MM;UN;82057000;25,00;0,00;0,00;5,20;43,50;130,00;1087,50
Loja: 3 - NEWSHOP COMERCIO LTDA ( CD );Local: 20 - GALPÃO MIDI;29546;LE-054 SUPORTE UNIVERSAL PARA CELULAR;UN;39269090;9,00;0,00;0,00;1,06;10,50;9,54;94,50
Loja: 3 - NEWSHOP COMERCIO LTDA ( CD );Local: 20 - GALPÃO MIDI;29549;LE-6625-3 CABO COM CONECTOR HDMI 90 GRAUS;UN;85444200;69,00;0,00;0,00;0,00;12,50;0,00;862,50
Loja: 3 - NEWSHOP COMERCIO LTDA ( CD );Local: 20 - GALPÃO MIDI;29551;LE-9013P CABO USB UNIVERSAL 10 EM 1;UN;85444200;210,00;0,00;0,00;1,14;6,00;239,40;1260,00
Loja: 3 - NEWSHOP COMERCIO LTDA ( CD );Local: 20 - GALPÃO MIDI;29553;MAX-0570 CARREGADOR PORTATIL POWER BANK;UN;85076000;20,00;0,00;0,00;4,83;57,50;96,60;1150,00
Loja: 3 - NEWSHOP COMERCIO LTDA ( CD );Local: 20 - GALPÃO MIDI;29558;LE-7707 - CONTROLE REMOTO PARA TV;UN;85269200;110,00;0,00;0,00;0,96;11,00;105,60;1210,00
Loja: 3 - NEWSHOP COMERCIO LTDA ( CD );Local: 20 - GALPÃO MIDI;29562;SD-410D CAMPAINHA INTELIGENTE COM VISOR 600MAH;UN;85318000;20,00;0,00;0,00;0,00;70,00;0,00;1400,00
Loja: 3 - NEWSHOP COMERCIO LTDA ( CD );Local: 20 - GALPÃO MIDI;29563;BOM-9642 PISTOLA DE PINTURA PULVERIZADORA ELETRICA;UN;84242000;8,00;0,00;0,00;21,90;209,00;175,20;1672,00
Loja: 3 - NEWSHOP COMERCIO LTDA ( CD );Local: 20 - GALPÃO MIDI;29566;LE-7709 - CONTROLE REMOTO PARA TV;UN;85269200;100,00;0,00;0,00;0,96;10,00;96,00;1000,00
Loja: 3 - NEWSHOP COMERCIO LTDA ( CD );Local: 20 - GALPÃO MIDI;29567;LE-7700-1 - CONTROLE REMOTO PARA TV;UN;85269200;30,00;0,00;0,00;0,99;26,50;29,70;795,00
Loja: 3 - NEWSHOP COMERCIO LTDA ( CD );Local: 20 - GALPÃO MIDI;29584;OIJ-J1599 - COLCHÃO DE SOLTEIRO INFLÁVEL;UN;94042100;1,00;0,00;0,00;142,41;329,99;142,41;329,99
Loja: 3 - NEWSHOP COMERCIO LTDA ( CD );Local: 20 - GALPÃO MIDI;29586;OIJ-J1598 - COLCHÃO DE CASAL INFLÁVEL;UN;94042100;2,00;0,00;0,00;139,04;309,99;278,08;619,98
Loja: 3 - NEWSHOP COMERCIO LTDA ( CD );Local: 20 - GALPÃO MIDI;29587;OIJ-J1600 - COLCHÃO DE CASAL INFLÁVEL;UN;94042100;1,00;0,00;0,00;0,00;564,00;0,00;564,00
Loja: 3 - NEWSHOP COMERCIO LTDA ( CD );Local: 20 - GALPÃO MIDI;29599;BOM-3133 - CONJUNTO COM 1 ESTILETE/ 5 LAMINAS/ 1 CHAVE;UN;82059000;60,00;0,00;0,00;2,44;20,00;146,40;1200,00
Loja: 3 - NEWSHOP COMERCIO LTDA ( CD );Local: 20 - GALPÃO MIDI;29600;BOM-5644 - AFIADOR DE BROCAS TIPO BARRA PARA FURADEIRA;UN;82079000;100,00;0,00;0,00;0,79;10,00;79,00;1000,00
Loja: 3 - NEWSHOP COMERCIO LTDA ( CD );Local: 20 - GALPÃO MIDI;29632;LCW-QQY601 - BEBEDOURO PORTATIL PARA PET;UN;39269090;50,00;0,00;0,00;0,00;24,50;0,00;1225,00
Loja: 3 - NEWSHOP COMERCIO LTDA ( CD );Local: 20 - GALPÃO MIDI;29633;LCW-YYF20-L - ROUPA PARA CAES CONFECCIONADA EM POLIESTER;UN;42010090;120,00;0,00;0,00;1,29;21,50;154,80;2580,00
Loja: 3 - NEWSHOP COMERCIO LTDA ( CD );Local: 20 - GALPÃO MIDI;29634;LCW-YYF20-M - ROUPA PARA CAES CONFECCIONADA EM POLIESTER;UN;42010090;120,00;0,00;0,00;1,15;14,50;138,00;1740,00
Loja: 3 - NEWSHOP COMERCIO LTDA ( CD );Local: 20 - GALPÃO MIDI;29635;LCW-YYF23-S - ROUPA PARA CAES CONFECCIONADA EM POLIESTER;UN;42010090;120,00;0,00;0,00;1,62;20,00;194,40;2400,00
Loja: 3 - NEWSHOP COMERCIO LTDA ( CD );Local: 20 - GALPÃO MIDI;29753;D-K122P-240 CARTEIRA MASCULINA;UN;42023200;30,00;0,00;0,00;1,85;13,00;55,50;390,00
Loja: 3 - NEWSHOP COMERCIO LTDA ( CD );Local: 20 - GALPÃO MIDI;29754;D-L108-240 CARTEIRA MASCULINA;UN;42023200;30,00;0,00;0,00;1,43;13,00;42,90;390,00
Loja: 3 - NEWSHOP COMERCIO LTDA ( CD );Local: 20 - GALPÃO MIDI;29755;D-L111-240 CARTEIRA MASCULINA;UN;42023200;30,00;0,00;0,00;3,57;13,00;107,10;390,00
Loja: 3 - NEWSHOP COMERCIO LTDA ( CD );Local: 20 - GALPÃO MIDI;29757;D-L127-240 CARTEIRA MASCULINA;UN;42023200;30,00;0,00;0,00;1,48;13,00;44,40;390,00
Loja: 3 - NEWSHOP COMERCIO LTDA ( CD );Local: 20 - GALPÃO MIDI;29759;D-L128-240 CARTEIRA MASCULINA;UN;42023200;60,00;0,00;0,00;1,48;11,50;88,80;690,00
Loja: 3 - NEWSHOP COMERCIO LTDA ( CD );Local: 20 - GALPÃO MIDI;29760;D-L130-240 CARTEIRA MASCULINA;UN;42023200;30,00;0,00;0,00;1,48;13,00;44,40;390,00
Loja: 3 - NEWSHOP COMERCIO LTDA ( CD );Local: 20 - GALPÃO MIDI;29761;D-L132-240 CARTEIRA MASCULINA;UN;42023200;30,00;0,00;0,00;1,48;13,00;44,40;390,00
Loja: 3 - NEWSHOP COMERCIO LTDA ( CD );Local: 20 - GALPÃO MIDI;29762;D-L133-240 CARTEIRA MASCULINA;UN;42023200;30,00;0,00;0,00;1,48;13,00;44,40;390,00
Loja: 3 - NEWSHOP COMERCIO LTDA ( CD );Local: 20 - GALPÃO MIDI;29764;C2121 - CHINELO NUVEM EVA CRI;UN;64029990;60,00;0,00;0,00;6,81;36,00;408,60;2160,00
Loja: 3 - NEWSHOP COMERCIO LTDA ( CD );Local: 20 - GALPÃO MIDI;29767;MZ-ET074-480 CHAPEU FEMININO;UN;65050032;12,00;0,00;0,00;0,00;10,50;0,00;126,00
Loja: 3 - NEWSHOP COMERCIO LTDA ( CD );Local: 20 - GALPÃO MIDI;29771;L2121 CHINELO NUVEM EVA INF - ACOMPANHA ADEREÇO;UN;64029990;108,00;0,00;0,00;6,81;36,00;735,48;3888,00
Loja: 3 - NEWSHOP COMERCIO LTDA ( CD );Local: 20 - GALPÃO MIDI;29780;YD-01-240 CINTO MASCULINO;UN;39262000;12,00;0,00;0,00;0,00;11,50;0,00;138,00
Loja: 3 - NEWSHOP COMERCIO LTDA ( CD );Local: 20 - GALPÃO MIDI;29782;YD-15-1-300 CINTO MASCULINO;UN;39262000;16,00;0,00;0,00;0,00;10,00;0,00;160,00
Loja: 3 - NEWSHOP COMERCIO LTDA ( CD );Local: 20 - GALPÃO MIDI;29783;YD-18-1-300 CINTO MASCULINO;UN;39262000;12,00;0,00;0,00;0,00;11,50;0,00;138,00
Loja: 3 - NEWSHOP COMERCIO LTDA ( CD );Local: 20 - GALPÃO MIDI;29785;YD-ZD05-240 CINTO MASCULINO;UN;39262000;12,00;0,00;0,00;0,00;12,00;0,00;144,00
Loja: 3 - NEWSHOP COMERCIO LTDA ( CD );Local: 20 - GALPÃO MIDI;29787;YDN-Y15-180 CINTO FEMININO;UN;62122000;12,00;0,00;0,00;6,18;41,00;74,16;492,00
Loja: 3 - NEWSHOP COMERCIO LTDA ( CD );Local: 20 - GALPÃO MIDI;29806;MAY-032 MINI VIDEOGAME PORTÁTIL;UN;95045000;-25,00;0,00;0,00;30,50;279,00;-762,50;-6975,00
Loja: 3 - NEWSHOP COMERCIO LTDA ( CD );Local: 20 - GALPÃO MIDI;29857;NEW-282 - MINI UMIDIFICADOR FACIAL PORTATIL RECARREGAVEL USB;UN;85098090;100,00;0,00;0,00;1,28;15,50;128,00;1550,00
Loja: 3 - NEWSHOP COMERCIO LTDA ( CD );Local: 20 - GALPÃO MIDI;29861;BM-F1047  JOELHEIRA ARTIGOS PARA CULTURA FISICA;UN;95069900;100,00;0,00;0,00;1,85;13,00;185,00;1300,00
Loja: 3 - NEWSHOP COMERCIO LTDA ( CD );Local: 20 - GALPÃO MIDI;29896;KABA11572 ANEL PRATEADO ANTIALERGICO;UN;71171900;216,00;0,00;0,00;0,33;8,50;71,28;1836,00
Loja: 3 - NEWSHOP COMERCIO LTDA ( CD );Local: 20 - GALPÃO MIDI;29935;BOM-1358 FITA ANTIDERRAPANTE MONOCROMATICA;UN;39191090;72,00;0,00;0,00;2,29;23,50;164,88;1692,00
Loja: 3 - NEWSHOP COMERCIO LTDA ( CD );Local: 20 - GALPÃO MIDI;29940;C1439 - M  BOLSA  EM POLIESTER;UN;42022220;72,00;0,00;0,00;2,33;29,00;167,76;2088,00
Loja: 3 - NEWSHOP COMERCIO LTDA ( CD );Local: 20 - GALPÃO MIDI;29947;C1440 - G  BOLSA  EM POLIESTER;UN;42022220;72,00;0,00;0,00;2,33;33,00;167,76;2376,00
Loja: 3 - NEWSHOP COMERCIO LTDA ( CD );Local: 20 - GALPÃO MIDI;29948;C1440 - M  BOLSA  EM POLIESTER;UN;42022220;72,00;0,00;0,00;2,33;29,00;167,76;2088,00
Loja: 3 - NEWSHOP COMERCIO LTDA ( CD );Local: 20 - GALPÃO MIDI;29949;C1440 - P  BOLSA  EM POLIESTER;UN;42022220;72,00;0,00;0,00;2,33;19,00;167,76;1368,00
Loja: 3 - NEWSHOP COMERCIO LTDA ( CD );Local: 20 - GALPÃO MIDI;29950;C1441 - G BOLSA  EM POLIESTER;UN;42022220;72,00;0,00;0,00;2,33;33,00;167,76;2376,00
Loja: 3 - NEWSHOP COMERCIO LTDA ( CD );Local: 20 - GALPÃO MIDI;29951;C1441 - M  BOLSA  EM POLIESTER;UN;42022220;72,00;0,00;0,00;2,33;29,00;167,76;2088,00
Loja: 3 - NEWSHOP COMERCIO LTDA ( CD );Local: 20 - GALPÃO MIDI;29952;C1441 - P  BOLSA  EM POLIESTER;UN;42022220;72,00;0,00;0,00;2,33;19,00;167,76;1368,00
Loja: 3 - NEWSHOP COMERCIO LTDA ( CD );Local: 20 - GALPÃO MIDI;29953;C1439 - G BOLSA  EM POLIESTER;UN;42022220;72,00;0,00;0,00;2,33;33,00;167,76;2376,00
Loja: 3 - NEWSHOP COMERCIO LTDA ( CD );Local: 20 - GALPÃO MIDI;29954;C1439 - P BOLSA  EM POLIESTER;UN;42022220;72,00;0,00;0,00;2,33;19,00;167,76;1368,00
Loja: 3 - NEWSHOP COMERCIO LTDA ( CD );Local: 20 - GALPÃO MIDI;29955;C1198 - G BOLSA  EM POLIESTER;UN;42022220;72,00;0,00;0,00;2,33;33,00;167,76;2376,00
Loja: 3 - NEWSHOP COMERCIO LTDA ( CD );Local: 20 - GALPÃO MIDI;29956;C1198 - M BOLSA  EM POLIESTER;UN;42022220;72,00;0,00;0,00;2,33;29,00;167,76;2088,00
Loja: 3 - NEWSHOP COMERCIO LTDA ( CD );Local: 20 - GALPÃO MIDI;29957;C1198 - P BOLSA  EM POLIESTER;UN;42022220;72,00;0,00;0,00;2,33;19,00;167,76;1368,00
Loja: 3 - NEWSHOP COMERCIO LTDA ( CD );Local: 20 - GALPÃO MIDI;29991;020060000 GUACHE 6CORES/15ML HANG SEM COR (1/12);UN;32131000;16,00;0,00;0,00;6,91;8,50;110,56;136,00
Loja: 3 - NEWSHOP COMERCIO LTDA ( CD );Local: 20 - GALPÃO MIDI;30000;LE-2418 - FONE DE OUVIDO SEM FIO;UN;85183000;60,00;0,00;0,00;2,34;33,50;140,40;2010,00
Loja: 3 - NEWSHOP COMERCIO LTDA ( CD );Local: 20 - GALPÃO MIDI;30001;LK-5071 JOGO DE XADREZ;UN;95049090;24,00;0,00;0,00;0,00;43,50;0,00;1044,00
Loja: 3 - NEWSHOP COMERCIO LTDA ( CD );Local: 20 - GALPÃO MIDI;30009;LT-434 LANTERNA ELETRICA PORTATIL - MARCA LUATEK;UN;85131010;50,00;0,00;0,00;0,00;35,50;0,00;1775,00
Loja: 3 - NEWSHOP COMERCIO LTDA ( CD );Local: 20 - GALPÃO MIDI;30012;LE-2460 - FONE DE OUVIDO SEM FIO;UN;85183000;30,00;0,00;0,00;3,06;45,00;91,80;1350,00
Loja: 3 - NEWSHOP COMERCIO LTDA ( CD );Local: 20 - GALPÃO MIDI;30013;LE-2471 - FONE DE OUVIDO BLUETOOTH SEM FIO;UN;85183000;30,00;0,00;0,00;3,81;63,50;114,30;1905,00
Loja: 3 - NEWSHOP COMERCIO LTDA ( CD );Local: 20 - GALPÃO MIDI;30014;ON-LT038 LANTERNA TRASEIRA PARA BICICLETA - POTENCIA: 3W - TENSAO: 4;UN;85121000;120,00;0,00;0,00;0,00;23,00;0,00;2760,00
Loja: 3 - NEWSHOP COMERCIO LTDA ( CD );Local: 20 - GALPÃO MIDI;30016;ON-TWS36 FONE DE OUVIDO SEM FIO BLUETOOTH;UN;85183000;15,00;0,00;0,00;0,00;63,50;0,00;952,50
Loja: 3 - NEWSHOP COMERCIO LTDA ( CD );Local: 20 - GALPÃO MIDI;30024;ON-LU077 LUMINARIA LED SOLAR PARA AREA EXTERNA;UN;94054100;20,00;0,00;0,00;7,15;33,50;143,00;670,00
Loja: 3 - NEWSHOP COMERCIO LTDA ( CD );Local: 20 - GALPÃO MIDI;30025;DELTA-P8030 - MOUSEPAD GAMER COM LED RGB;UN;40161090;25,00;0,00;0,00;0,00;40,50;0,00;1012,50
Loja: 3 - NEWSHOP COMERCIO LTDA ( CD );Local: 20 - GALPÃO MIDI;30029;OIF-7309 EQUIPAMENTOS PARA GINASTICA;UN;95069100;65,00;0,00;0,00;0,00;19,50;0,00;1267,50
Loja: 3 - NEWSHOP COMERCIO LTDA ( CD );Local: 20 - GALPÃO MIDI;30036;NSP-2054 SUPORTE DE PLASTICO EMPVC PARA CELULAR;UN;39269090;50,00;0,00;0,00;0,00;14,50;0,00;725,00
Loja: 3 - NEWSHOP COMERCIO LTDA ( CD );Local: 20 - GALPÃO MIDI;30051;BM-F1464 -  CINTA POSTURA ELASTICA;UN;95069900;25,00;0,00;0,00;3,63;26,50;90,75;662,50
Loja: 3 - NEWSHOP COMERCIO LTDA ( CD );Local: 20 - GALPÃO MIDI;30053;BM-F1509 - PAR DE LUVAS MEIO DEDO PARA MOTOCICLISTA;UN;61161000;100,00;0,00;0,00;1,70;10,50;170,00;1050,00
Loja: 3 - NEWSHOP COMERCIO LTDA ( CD );Local: 20 - GALPÃO MIDI;30055;BM- F1702 - CONJUNTO DE RODO MOP COM PANOS;UN;96039000;32,00;0,00;0,00;0,00;47,00;0,00;1504,00
Loja: 3 - NEWSHOP COMERCIO LTDA ( CD );Local: 20 - GALPÃO MIDI;30057;BM-F1749 - PORTA-COPOS DE FERRO FORJADO;UN;73239300;24,00;0,00;0,00;2,97;15,00;71,28;360,00
Loja: 3 - NEWSHOP COMERCIO LTDA ( CD );Local: 20 - GALPÃO MIDI;30058;BM-F1761 -  CONJUNTO FACA E GARFO DE CHURRASCO + ESTOJO DE ORGANIZACAO;UN;82159910;30,00;0,00;0,00;0,00;25,50;0,00;765,00
Loja: 3 - NEWSHOP COMERCIO LTDA ( CD );Local: 20 - GALPÃO MIDI;30060;BM-F1790 - BALDE DOBRAVEL RETANGULAR;UN;39269090;25,00;0,00;0,00;7,02;26,00;175,50;650,00
Loja: 3 - NEWSHOP COMERCIO LTDA ( CD );Local: 20 - GALPÃO MIDI;30097;BOM-1124 CHAVE PHILLIPS 8 POLEGADAS COM CABO DE PLASTICO;UN;82055900;60,00;0,00;0,00;0,00;6,50;0,00;390,00
Loja: 3 - NEWSHOP COMERCIO LTDA ( CD );Local: 20 - GALPÃO MIDI;30151;MCH088 CAIXA DE RELOGIO;UN;91061000;100,00;0,00;0,00;1,00;55,00;100,00;5500,00
Loja: 3 - NEWSHOP COMERCIO LTDA ( CD );Local: 20 - GALPÃO MIDI;30159;DELTA-M1205Z - MESA GAMER COM ESTRUTURA DE METAL E TAMPO DE MADEIRA;UN;94032090;3,00;0,00;0,00;0,00;718,00;0,00;2154,00
Loja: 3 - NEWSHOP COMERCIO LTDA ( CD );Local: 20 - GALPÃO MIDI;30161;"AAN-530 - ANTENA VEICULAR DE TETO TIPO """"SHARK"""" 3.0DB";UN;85291090;50,00;0,00;0,00;3,88;25,50;194,00;1275,00
Loja: 3 - NEWSHOP COMERCIO LTDA ( CD );Local: 20 - GALPÃO MIDI;30175;DELTA-M1202K - MESA GAMER COM ESTRUTURA DE METAL E TAMPO DE MADEIRA;UN;94032090;3,00;0,00;0,00;0,00;632,00;0,00;1896,00
Loja: 3 - NEWSHOP COMERCIO LTDA ( CD );Local: 20 - GALPÃO MIDI;30176;DELTA-M1203Y - MESA GAMER COM ESTRUTURA DE METAL E TAMPO DE MADEIRA;UN;94032090;3,00;0,00;0,00;0,00;615,00;0,00;1845,00
Loja: 3 - NEWSHOP COMERCIO LTDA ( CD );Local: 20 - GALPÃO MIDI;30179;DELTA-M1204Z - MESA GAMER COM ESTRUTURA DE METAL E TAMPO DE MADEIRA;UN;94032090;3,00;0,00;0,00;0,00;684,00;0,00;2052,00
Loja: 3 - NEWSHOP COMERCIO LTDA ( CD );Local: 20 - GALPÃO MIDI;30185;DELTA-TM6101 TECLADO MECANICO PEQUENO (60%) - COM 61 TECLAS;UN;84716052;10,00;0,00;0,00;0,00;119,00;0,00;1190,00
Loja: 3 - NEWSHOP COMERCIO LTDA ( CD );Local: 20 - GALPÃO MIDI;30190;DELTA-VM7048 MOUSE PARA COMPUTADOR COM FIO USB;UN;84716053;50,00;0,00;0,00;2,53;43,00;126,50;2150,00
Loja: 3 - NEWSHOP COMERCIO LTDA ( CD );Local: 20 - GALPÃO MIDI;30191;DELTA-VM8072 MOUSE PARA COMPUTADOR COM FIO USB;UN;84716053;50,00;0,00;0,00;3,30;51,50;165,00;2575,00
Loja: 3 - NEWSHOP COMERCIO LTDA ( CD );Local: 20 - GALPÃO MIDI;30194;DELTA-VT088 TECLADO COM FIO COMPUTADOR RGB - CONEXAO USB - QNT  TCLS: 88;UN;84716052;15,00;0,00;0,00;0,00;85,50;0,00;1282,50
Loja: 3 - NEWSHOP COMERCIO LTDA ( CD );Local: 20 - GALPÃO MIDI;30195;SIGMA-1020IC CAMERA SEGURANCA IP INTERNA FULL HD 1080P;UN;85258929;170,00;0,00;0,00;4,13;0,00;702,10;0,00
Loja: 3 - NEWSHOP COMERCIO LTDA ( CD );Local: 20 - GALPÃO MIDI;30198;SIGMA-1423 CAMERA DE SEGURANCA IP RESOLUCAO;UN;85258929;15,00;0,00;0,00;0,00;214,00;0,00;3210,00
Loja: 3 - NEWSHOP COMERCIO LTDA ( CD );Local: 20 - GALPÃO MIDI;30226;SIGMA-S214 SIRENE DE ALARME 110DB MARCA AITEK REFERENCIA;UN;85311090;10,00;0,00;0,00;0,00;61,50;0,00;615,00
Loja: 3 - NEWSHOP COMERCIO LTDA ( CD );Local: 20 - GALPÃO MIDI;30282;LKM-2002 PORTEIRO ELETRÔNICO;UN;85258919;40,00;10,00;40,00;0,00;171,00;0,00;6840,00
Loja: 3 - NEWSHOP COMERCIO LTDA ( CD );Local: 20 - GALPÃO MIDI;30293;BOM-9958 CONJUNTO COM PARAFUSADEIRA/FURADEIRA ELETRICA  SP;UN;84672992;10,00;0,00;0,00;12,49;141,00;124,90;1410,00
Loja: 3 - NEWSHOP COMERCIO LTDA ( CD );Local: 20 - GALPÃO MIDI;30294;BOM-9757 MINI FURADEIRA DE BANCADA -  110-240V 60HZ - SAIDA: 12-24V -  3.5-5A;UN;84672100;4,00;0,00;0,00;0,00;435,00;0,00;1740,00
Loja: 3 - NEWSHOP COMERCIO LTDA ( CD );Local: 20 - GALPÃO MIDI;30304;MTG-130 SUPORTE PARA CELULAR DROBRAVEL MULTIFUNÇOES;UN;39269090;2,00;0,00;0,00;0,00;11,00;0,00;22,00
Loja: 3 - NEWSHOP COMERCIO LTDA ( CD );Local: 20 - GALPÃO MIDI;30313;TT-1202UC CARREGADOR PARA CELULAR - ENTRADA: AC 100V-240V 05A;UN;85044010;100,00;0,00;0,00;1,47;23,50;147,00;2350,00
Loja: 3 - NEWSHOP COMERCIO LTDA ( CD );Local: 20 - GALPÃO MIDI;30314;TT-1202UL CARREGADOR PARA CELULAR - ENTRADA: AC 100V-240V;UN;85044010;100,00;0,00;0,00;1,45;24,00;145,00;2400,00
Loja: 3 - NEWSHOP COMERCIO LTDA ( CD );Local: 20 - GALPÃO MIDI;30316;TT-1202UV CARREGADOR PARA CELULAR - ENTRADA: AC 100V-240V;UN;85044010;100,00;0,00;0,00;1,47;22,50;147,00;2250,00
Loja: 3 - NEWSHOP COMERCIO LTDA ( CD );Local: 20 - GALPÃO MIDI;30317;MT-1010 MICROFONE COM FIO - FREQUENCIA: 10 ~ 15000HZ - SENSIBILIDADE: +/- 3DB;UN;85181090;50,00;0,00;0,00;1,56;18,00;78,00;900,00
Loja: 3 - NEWSHOP COMERCIO LTDA ( CD );Local: 20 - GALPÃO MIDI;30320;MTG-251A SUPORTE DE PLASTICO PARA CELULAR;UN;39269090;50,00;0,00;0,00;0,00;22,00;0,00;1100,00
Loja: 3 - NEWSHOP COMERCIO LTDA ( CD );Local: 20 - GALPÃO MIDI;30321;TC-202M - CABO COM CONECTOR USB PARA MICRO V8;UN;85444200;100,00;0,00;0,00;1,11;9,50;111,00;950,00
Loja: 3 - NEWSHOP COMERCIO LTDA ( CD );Local: 20 - GALPÃO MIDI;30324;TC-208L - CABO COM CONECTOR USB PARA LIGHTNING;UN;85444200;100,00;0,00;0,00;0,70;13,50;70,00;1350,00
Loja: 3 - NEWSHOP COMERCIO LTDA ( CD );Local: 20 - GALPÃO MIDI;30325;TT-3022 - CARREGADOR PARA CELULAR - TENSAO (ENTRADA): 100-240V;UN;85044010;30,00;0,00;0,00;4,44;44,50;133,20;1335,00
Loja: 3 - NEWSHOP COMERCIO LTDA ( CD );Local: 20 - GALPÃO MIDI;30326;TT-2007L - CARREGADOR PARA CELULAR - TENSAO (ENTRADA): 100-240V;UN;85044010;30,00;0,00;0,00;4,03;41,00;120,90;1230,00
Loja: 3 - NEWSHOP COMERCIO LTDA ( CD );Local: 20 - GALPÃO MIDI;30330;TK-1003 - CARREGADOR PORTATIL POWER BANK BATERIA: 10.000MAH;UN;85076000;20,00;0,00;0,00;6,42;63,50;128,40;1270,00
Loja: 3 - NEWSHOP COMERCIO LTDA ( CD );Local: 20 - GALPÃO MIDI;30332;MXC-015A - APARELHO DE LIMPEZA POR PISTOLA LAVADORA DE ALTA PRESSAO JATO DE AGUA;UN;84243010;20,00;0,00;0,00;0,00;188,00;0,00;3760,00
Loja: 3 - NEWSHOP COMERCIO LTDA ( CD );Local: 20 - GALPÃO MIDI;30334;MIP-006A - CANETA TOUCH UNIVERSAL - TAMANHO: 165*9MM - PONTA DE 1.5MM;UN;84716053;40,00;0,00;0,00;2,84;34,00;113,60;1360,00
Loja: 3 - NEWSHOP COMERCIO LTDA ( CD );Local: 20 - GALPÃO MIDI;30336;MTG-261 - TRIPÉ PARA CELULAR FIXAÇÃO MAGNETICA;UN;39269090;100,00;0,00;0,00;2,90;22,00;290,00;2200,00
Loja: 3 - NEWSHOP COMERCIO LTDA ( CD );Local: 20 - GALPÃO MIDI;30339;MTG-035A SUPORTE DE PLASTICO PARA CELULAR/GPS;UN;39269090;50,00;0,00;0,00;2,76;25,50;138,00;1275,00
Loja: 3 - NEWSHOP COMERCIO LTDA ( CD );Local: 20 - GALPÃO MIDI;30341;TC-212L SC - CABO TIPO USB COM CONECTOR TIPO LIGHTNING;UN;85444200;100,00;0,00;0,00;1,38;11,00;138,00;1100,00
Loja: 3 - NEWSHOP COMERCIO LTDA ( CD );Local: 20 - GALPÃO MIDI;30349;LCW-WWJ01M GALINHA DE BRINQUEDO COM APITO;UN;40169990;60,00;0,00;0,00;3,15;6,50;189,00;390,00
Loja: 3 - NEWSHOP COMERCIO LTDA ( CD );Local: 20 - GALPÃO MIDI;30350;LCW-WWJ22 COXA DE FRANGO BRINQUEDO MORDEDOR DE BORRACHA;UN;40169990;59,00;0,00;0,00;1,38;10,50;81,42;619,50
Loja: 3 - NEWSHOP COMERCIO LTDA ( CD );Local: 20 - GALPÃO MIDI;30351;LCW-YYF22-S ROUPA PARA CAES CONFECCIONADA EM POLIESTER;UN;42010090;60,00;0,00;0,00;1,64;22,00;98,40;1320,00
Loja: 3 - NEWSHOP COMERCIO LTDA ( CD );Local: 20 - GALPÃO MIDI;30355;LCW-YYF24-S ROUPA PARA CAES CONFECCIONADA EM POLIESTER COMPLETO;UN;42010090;60,00;0,00;0,00;1,00;22,00;60,00;1320,00
Loja: 3 - NEWSHOP COMERCIO LTDA ( CD );Local: 20 - GALPÃO MIDI;30357;LCW-YYF26-M ROUPA PARA CAES CONFECCIONADA EM POLIESTER;UN;42010090;60,00;0,00;0,00;1,92;23,00;115,20;1380,00
Loja: 3 - NEWSHOP COMERCIO LTDA ( CD );Local: 20 - GALPÃO MIDI;30359;LK-BL04 BLOQUEADOR PARA BICICLETA-12*1200MM;UN;83011000;48,00;0,00;0,00;2,87;23,00;137,76;1104,00
Loja: 3 - NEWSHOP COMERCIO LTDA ( CD );Local: 20 - GALPÃO MIDI;30361;LK-BL05 CADEADO DE SEGURANCA PARA BICICLETA OU MOTO;UN;83011000;96,00;0,00;0,00;2,04;17,00;195,84;1632,00
Loja: 3 - NEWSHOP COMERCIO LTDA ( CD );Local: 20 - GALPÃO MIDI;30369;LWJ-179-14 JOGO DE CATRACA COM VARIAS PONTEIRAS DE DIVERSAS MEDIDAS;UN;82041200;20,00;0,00;0,00;0,00;38,50;0,00;770,00
Loja: 3 - NEWSHOP COMERCIO LTDA ( CD );Local: 20 - GALPÃO MIDI;30370;LWJ-1977 JOGO DE LIMAS AGULHA COM 12 PECAS;UN;82031090;60,00;0,00;0,00;2,62;22,00;157,20;1320,00
Loja: 3 - NEWSHOP COMERCIO LTDA ( CD );Local: 20 - GALPÃO MIDI;30371;LWJ-2263 CINTO ORGANIZADOR DE FERRAMENTAS EQUIPADO COM BOLSOS;UN;42022220;25,00;0,00;0,00;6,17;46,00;154,25;1150,00
Loja: 3 - NEWSHOP COMERCIO LTDA ( CD );Local: 20 - GALPÃO MIDI;30383;SLK-H39 CONJUNTO DE MINI ESPADAS DECORATIVAS - ESTILO SAMURAI;UN;82119220;36,00;0,00;0,00;3,45;35,00;124,20;1260,00
Loja: 3 - NEWSHOP COMERCIO LTDA ( CD );Local: 20 - GALPÃO MIDI;30389;LCW-SSE202 CORTA-UNHAS PARA PET;UN;82149090;60,00;0,00;0,00;0,00;8,50;0,00;510,00
Loja: 3 - NEWSHOP COMERCIO LTDA ( CD );Local: 20 - GALPÃO MIDI;30391;LCW-SSE204 TESOURA CORTA-UNHAS PARA PET;UN;82149090;60,00;0,00;0,00;1,60;13,50;96,00;810,00
Loja: 3 - NEWSHOP COMERCIO LTDA ( CD );Local: 20 - GALPÃO MIDI;30393;LCW-SSE208 CORTA-UNHAS PARA PET;UN;82149090;180,00;0,00;0,00;1,43;12,00;257,40;2160,00
Loja: 3 - NEWSHOP COMERCIO LTDA ( CD );Local: 20 - GALPÃO MIDI;30511;CRB-5995 - BOLSINHA  FEMININA - M;UN;42022210;30,00;0,00;0,00;6,76;29,00;202,80;870,00
Loja: 3 - NEWSHOP COMERCIO LTDA ( CD );Local: 20 - GALPÃO MIDI;30523;CRB-5997 - BOLSINHA FEMININA - M;UN;42022210;30,00;0,00;0,00;6,76;29,00;202,80;870,00
Loja: 3 - NEWSHOP COMERCIO LTDA ( CD );Local: 20 - GALPÃO MIDI;30545;CRB-5998 - BOLSA  FEMININA  - M;UN;42022210;30,00;0,00;0,00;6,76;29,00;202,80;870,00
Loja: 3 - NEWSHOP COMERCIO LTDA ( CD );Local: 20 - GALPÃO MIDI;30546;CRB-6000 - BOLSINHA  FEMININA - M;UN;42022210;30,00;0,00;0,00;6,76;29,00;202,80;870,00
Loja: 3 - NEWSHOP COMERCIO LTDA ( CD );Local: 20 - GALPÃO MIDI;30547;CRB-6304 - BOLSINHA KIT FEMININA - G;UN;42022210;36,00;0,00;0,00;9,40;33,00;338,40;1188,00
Loja: 3 - NEWSHOP COMERCIO LTDA ( CD );Local: 20 - GALPÃO MIDI;30564;BM-A01 - BALANCA DIGITAL DE MALA PARA USO DOMESTICO;UN;84231000;50,00;0,00;0,00;2,70;0,00;135,00;0,00
Loja: 3 - NEWSHOP COMERCIO LTDA ( CD );Local: 20 - GALPÃO MIDI;30567;BM-F1611 - CAPA ANTI ARRANHAO PARA MOVEIS E PAREDE;UN;63079090;60,00;0,00;0,00;2,63;15,50;157,80;930,00
Loja: 3 - NEWSHOP COMERCIO LTDA ( CD );Local: 20 - GALPÃO MIDI;30595;BMG-77 - MONOPE PARA RING LIGHT/CELULAR;UN;96200000;20,00;0,00;0,00;0,00;39,00;0,00;780,00
Loja: 3 - NEWSHOP COMERCIO LTDA ( CD );Local: 20 - GALPÃO MIDI;30597;OIH-5427 CONJUNTO DE TESOURA E NAVALHA:;UN;73269090;480,00;0,00;0,00;0,56;5,50;268,80;2640,00
Loja: 3 - NEWSHOP COMERCIO LTDA ( CD );Local: 20 - GALPÃO MIDI;30599;1 VSYD1 5 370 0 CINTO CORRENTE DE ELOS OVAIS TEXTURIZADOS;UN;39262000;72,00;0,00;0,00;1,50;18,00;108,00;1296,00
Loja: 3 - NEWSHOP COMERCIO LTDA ( CD );Local: 20 - GALPÃO MIDI;30606;BM-8412 - LANTERNA MANUAL COM LAMPADA LED E BATERIA RECARREGAVEL;UN;85131010;60,00;0,00;0,00;1,85;27,50;111,00;1650,00
Loja: 3 - NEWSHOP COMERCIO LTDA ( CD );Local: 20 - GALPÃO MIDI;30608;BM8422 - LANTERNA MANUAL COM LAMPADA LED E BATERIA RECARREGAVEL;UN;85131010;100,00;0,00;0,00;3,37;21,50;337,00;2150,00
Loja: 3 - NEWSHOP COMERCIO LTDA ( CD );Local: 20 - GALPÃO MIDI;30610;LWJ-1802 - PISTOLA DE COLA QUENTE. 127-220V;UN;85167990;30,00;0,00;0,00;0,00;20,50;0,00;615,00
Loja: 3 - NEWSHOP COMERCIO LTDA ( CD );Local: 20 - GALPÃO MIDI;30611;LWJ-1806 - PISTOLA DE COLA QUENTE. 127-220V;UN;85167990;30,00;0,00;0,00;0,00;43,00;0,00;1290,00
Loja: 3 - NEWSHOP COMERCIO LTDA ( CD );Local: 20 - GALPÃO MIDI;30612;LWJ-ZD103 - SERRA TICO-TICO ELETRICA PROFISSIONAL;UN;84672200;40,00;0,00;0,00;28,69;174,00;1147,60;6960,00
Loja: 3 - NEWSHOP COMERCIO LTDA ( CD );Local: 20 - GALPÃO MIDI;30614;SLK-D349 - CANIVETE PARA PESCA E CACA;UN;82119320;24,00;0,00;0,00;0,00;36,00;0,00;864,00
Loja: 3 - NEWSHOP COMERCIO LTDA ( CD );Local: 20 - GALPÃO MIDI;30615;SLK-D358 - CANIVETE PARA PESCA E CACA;UN;82119320;24,00;0,00;0,00;0,00;43,00;0,00;1032,00
Loja: 3 - NEWSHOP COMERCIO LTDA ( CD );Local: 20 - GALPÃO MIDI;30616;SLK-D61 - CANIVETE PARA PESCA E CACA;UN;82119320;60,00;0,00;0,00;1,18;15,00;70,80;900,00
Loja: 3 - NEWSHOP COMERCIO LTDA ( CD );Local: 20 - GALPÃO MIDI;30617;SLK-QCC18 - SOCO INGLES FEITO EM ALUMINIO;UN;93070000;60,00;0,00;0,00;0,00;21,50;0,00;1290,00
Loja: 3 - NEWSHOP COMERCIO LTDA ( CD );Local: 20 - GALPÃO MIDI;30618;LCW-SSE10 - PENTE DE REMOCAO DE PELOS DE CAES E GATOS;UN;96039000;60,00;0,00;0,00;1,32;22,50;79,20;1350,00
Loja: 3 - NEWSHOP COMERCIO LTDA ( CD );Local: 20 - GALPÃO MIDI;30619;LCW-SSE405 - LUVA REMOVEDORA DE PELOS DE ANIMAIS;UN;39262000;60,00;0,00;0,00;0,00;22,50;0,00;1350,00
Loja: 3 - NEWSHOP COMERCIO LTDA ( CD );Local: 20 - GALPÃO MIDI;30620;LCW-WWJ1010 - MORDEDOR PARA PET COM PUXADOR DE CORDA;UN;40169990;24,00;0,00;0,00;0,00;32,50;0,00;780,00
Loja: 3 - NEWSHOP COMERCIO LTDA ( CD );Local: 20 - GALPÃO MIDI;30621;LWJ-132 - ESTILETE DE PLASTICO COM LAMINA DE METAL;UN;82141000;200,00;0,00;0,00;0,45;3,50;90,00;700,00
Loja: 3 - NEWSHOP COMERCIO LTDA ( CD );Local: 20 - GALPÃO MIDI;30622;LWJ-1999 - JOGO DE CHAVES DE FENDA COM DIVERSOS TAMANHOS;UN;82054000;18,00;0,00;0,00;0,00;47,00;0,00;846,00
Loja: 3 - NEWSHOP COMERCIO LTDA ( CD );Local: 20 - GALPÃO MIDI;30623;LWJ-2221 - JOGO DE BROCAS ESCALONADAS;UN;82075019;50,00;0,00;0,00;1,00;25,50;50,00;1275,00
Loja: 3 - NEWSHOP COMERCIO LTDA ( CD );Local: 20 - GALPÃO MIDI;30624;SLK-D186 - FACA PARA PESCA E CACA;UN;82119220;90,00;0,00;0,00;1,62;14,50;145,80;1305,00
Loja: 3 - NEWSHOP COMERCIO LTDA ( CD );Local: 20 - GALPÃO MIDI;30625;FACA LAMINA FIXA PARA PESCA E CACA - MARCA: LUATEK - SLK-H14;UN;82119220;30,00;0,00;0,00;0,00;13,50;0,00;405,00
Loja: 3 - NEWSHOP COMERCIO LTDA ( CD );Local: 20 - GALPÃO MIDI;30627;SLK-H01 - FACA LAMINA FIXA PARA PESCA E CACA;UN;82119220;38,00;0,00;0,00;0,00;44,50;0,00;1691,00
Loja: 3 - NEWSHOP COMERCIO LTDA ( CD );Local: 20 - GALPÃO MIDI;30628;SLK-H15 - FACA LAMINA FIXA PARA PESCA E CACA;UN;82119220;30,00;0,00;0,00;0,00;18,50;0,00;555,00
Loja: 3 - NEWSHOP COMERCIO LTDA ( CD );Local: 20 - GALPÃO MIDI;30632;GX990238-MOCHILA DE VIAGEM UNISSEX EM PVC;UN;42029200;20,00;0,00;0,00;16,07;76,50;321,40;1530,00
Loja: 3 - NEWSHOP COMERCIO LTDA ( CD );Local: 20 - GALPÃO MIDI;30634;GX10-6737-  MOCHILA DE VIAGEM EM POLIESTER;UN;42029200;20,00;0,00;0,00;1,00;102,00;20,00;2040,00
Loja: 3 - NEWSHOP COMERCIO LTDA ( CD );Local: 20 - GALPÃO MIDI;30637;GX990296 - MOCHILA DE VIAGEM MASCULINA EM POLIESTER;UN;42029200;19,00;0,00;0,00;18,76;59,50;356,44;1130,50
Loja: 3 - NEWSHOP COMERCIO LTDA ( CD );Local: 20 - GALPÃO MIDI;30638;GX10-12061 - MOCHILA DE VIAGEM EM POLIESTER;UN;42029200;30,00;0,00;0,00;34,43;68,00;1032,90;2040,00
Loja: 3 - NEWSHOP COMERCIO LTDA ( CD );Local: 20 - GALPÃO MIDI;30639;FF-ZS0306 - MOCHILA DE VIAGEM UNISSEX EM POLIESTER;UN;42029200;40,00;0,00;0,00;19,18;42,50;767,20;1700,00
Loja: 3 - NEWSHOP COMERCIO LTDA ( CD );Local: 20 - GALPÃO MIDI;30645;ON-BL717 BALANÇA DIGITAL DE MÃO P/ RAÇÃO DISPLAY LCD CAPACID MÁXIMA DE 800 G;UN;84231000;30,00;0,00;0,00;0,00;44,00;0,00;1320,00
Loja: 3 - NEWSHOP COMERCIO LTDA ( CD );Local: 20 - GALPÃO MIDI;30795;GX10-72601 - MOCHILA DE VIAGEM MASCULINA EM POLIESTER;UN;42029200;30,00;0,00;0,00;25,77;119,00;773,10;3570,00
Loja: 3 - NEWSHOP COMERCIO LTDA ( CD );Local: 20 - GALPÃO MIDI;30797;GX10-80318 - MOCHILA DE VIAGEM MASCULINA EM POLIESTER;UN;42029200;30,00;0,00;0,00;1,17;76,50;35,10;2295,00
Loja: 3 - NEWSHOP COMERCIO LTDA ( CD );Local: 20 - GALPÃO MIDI;30798;GX990352 - MOCHILA MASCULINA DE VIAGEM EM POLIESTER;UN;42029200;25,00;0,00;0,00;14,99;110,00;374,75;2750,00
Loja: 3 - NEWSHOP COMERCIO LTDA ( CD );Local: 20 - GALPÃO MIDI;30799;GX990353 - MOCHILA MASCULINA DE VIAGEM EM POLIESTER;UN;42029200;25,00;0,00;0,00;21,97;119,00;549,25;2975,00
Loja: 3 - NEWSHOP COMERCIO LTDA ( CD );Local: 20 - GALPÃO MIDI;30800;GX990350 - MOCHILA UNISSEX DE VIAGEM EM POLIESTER;UN;42029200;25,00;0,00;0,00;22,96;85,00;574,00;2125,00
Loja: 3 - NEWSHOP COMERCIO LTDA ( CD );Local: 20 - GALPÃO MIDI;30812;"MTC-C201 COFRE VIA SENHA OU CHAVE ALIMENTACAO 4 PILHAS """"AA""""";UN;83030000;2,00;0,00;0,00;45,48;275,00;90,96;550,00
Loja: 3 - NEWSHOP COMERCIO LTDA ( CD );Local: 20 - GALPÃO MIDI;30821;BOM-1360 PLACA ANTIDERRAPANTE AUTOADESIVA  SP;UN;39199090;75,00;0,00;0,00;1,49;14,00;111,75;1050,00
Loja: 3 - NEWSHOP COMERCIO LTDA ( CD );Local: 20 - GALPÃO MIDI;30823;MTG-272 SUPORTE DE PLASTICO PARA CELULAR (UNIVERSAL);UN;39269090;25,00;0,00;0,00;5,76;60,00;144,00;1500,00
Loja: 3 - NEWSHOP COMERCIO LTDA ( CD );Local: 20 - GALPÃO MIDI;30826;MT-2218 - CONJUNTO MICROFONE DE LAPELA SEM FIO CONTENDO 2 MICROFONES TIPO-C;UN;85181090;50,00;0,00;0,00;5,65;46,00;282,50;2300,00
Loja: 3 - NEWSHOP COMERCIO LTDA ( CD );Local: 20 - GALPÃO MIDI;30827;MT-2215A - MICROFONE DE LAPELA SEM FIO TIPO-C;UN;85181090;50,00;0,00;0,00;2,27;82,00;113,50;4100,00
Loja: 3 - NEWSHOP COMERCIO LTDA ( CD );Local: 20 - GALPÃO MIDI;30828;MXB-010 MINI BOMBA DE AR PORTATIL - POTENCIA: 55W - TENSAO: 5V/1A;UN;84148019;15,00;0,00;0,00;13,82;97,00;207,30;1455,00
Loja: 3 - NEWSHOP COMERCIO LTDA ( CD );Local: 20 - GALPÃO MIDI;30829;MDC-021 MINI REFRIGERADOR PORTATILCAPACIDADE/LITRAGEM:20L MDC-005;UN;84186999;1,00;0,00;0,00;75,92;599,00;75,92;599,00
Loja: 3 - NEWSHOP COMERCIO LTDA ( CD );Local: 20 - GALPÃO MIDI;30830;*MDC-004 MINI REFRIGERADOR PORTATILCAPACIDADE/LITRAGEM:4L;UN;84186999;2,00;0,00;0,00;27,16;275,00;54,32;550,00
Loja: 3 - NEWSHOP COMERCIO LTDA ( CD );Local: 20 - GALPÃO MIDI;30832;HBC- 003 - PATINETE C ALCA P CONTROLE DOS PAIS C/LED;UN;95030010;6,00;0,00;0,00;74,95;372,00;449,70;2232,00
Loja: 3 - NEWSHOP COMERCIO LTDA ( CD );Local: 20 - GALPÃO MIDI;30850;GX80-A8847-BOLSINHA FEMININA COM ALCA DE OMBRO PARA CELULAR;UN;42022210;60,00;0,00;0,00;1,00;25,00;60,00;1500,00
Loja: 3 - NEWSHOP COMERCIO LTDA ( CD );Local: 20 - GALPÃO MIDI;30852;GX80-A8849-BOLSINHA FEMININA COM ALCA DE OMBRO PARA CELULAR;UN;42022210;60,00;0,00;0,00;4,68;25,00;280,80;1500,00
Loja: 3 - NEWSHOP COMERCIO LTDA ( CD );Local: 20 - GALPÃO MIDI;30853;GX80-A8845-BOLSINHA TRANSVERSAL PARA CELULAR EM PVC;UN;42022210;60,00;0,00;0,00;2,00;25,00;120,00;1500,00
Loja: 3 - NEWSHOP COMERCIO LTDA ( CD );Local: 20 - GALPÃO MIDI;30856;SEL 514 - LUMINARIA DE LED PARA SELFIE;UN;94054200;50,00;0,00;0,00;2,55;32,50;127,50;1625,00
Loja: 3 - NEWSHOP COMERCIO LTDA ( CD );Local: 20 - GALPÃO MIDI;30857;LUM-680-LANTERNA DE LED DE CABECA RECARREGAVEL;UN;85131090;100,00;0,00;0,00;1,62;20,50;162,00;2050,00
Loja: 3 - NEWSHOP COMERCIO LTDA ( CD );Local: 20 - GALPÃO MIDI;30858;LUM-702 LUZ DE TRABALHO MULTIFUNCIONAL COM AJUSTE 180GRUAS;UN;85391010;100,00;0,00;0,00;2,10;26,50;210,00;2650,00
Loja: 3 - NEWSHOP COMERCIO LTDA ( CD );Local: 20 - GALPÃO MIDI;30863;BM-C068 CORTADOR DE CABELO;UN;85101000;40,00;0,00;0,00;4,75;51,50;190,00;2060,00
Loja: 3 - NEWSHOP COMERCIO LTDA ( CD );Local: 20 - GALPÃO MIDI;30876;BM-F1597 TOALHEIRO DE METAL PARA BANHEIRO;UN;73239900;25,00;0,00;0,00;7,60;43,00;190,00;1075,00
Loja: 3 - NEWSHOP COMERCIO LTDA ( CD );Local: 20 - GALPÃO MIDI;30881;BM-C062 APARADOR DE CABELO  BATERIA INTERNA RECARREGAVEL;UN;85102000;20,00;0,00;0,00;0,00;89,00;0,00;1780,00
Loja: 3 - NEWSHOP COMERCIO LTDA ( CD );Local: 20 - GALPÃO MIDI;30882;AB-016 CARREGADOR DE CELULAR PARA MOTO:;UN;85044010;50,00;0,00;0,00;2,18;22,00;109,00;1100,00
Loja: 3 - NEWSHOP COMERCIO LTDA ( CD );Local: 20 - GALPÃO MIDI;30888;BM-F1646 ORGANIZADOR DE ROUPAS MULTIUSO SUSPENSO COM 4 COMPARTIMENTOS;UN;39269090;8,00;0,00;0,00;0,00;22,00;0,00;176,00
Loja: 3 - NEWSHOP COMERCIO LTDA ( CD );Local: 20 - GALPÃO MIDI;30891;BM-S106 MINI CAIXA DE SOM -  VIA  BLUETOOTH - POTENCIA: 3W - BATERIA: 5V/500MAH;UN;85185000;30,00;0,00;0,00;2,54;22,00;76,20;660,00
Loja: 3 - NEWSHOP COMERCIO LTDA ( CD );Local: 20 - GALPÃO MIDI;30892;BM-S887 MINI CAIXA DE SOM COM CONEXAO AUX USB TF;UN;85271300;100,00;0,00;0,00;2,75;19,50;275,00;1950,00
Loja: 3 - NEWSHOP COMERCIO LTDA ( CD );Local: 20 - GALPÃO MIDI;30958;LK-7601B - CABO ELETRICO PARA ELETRONICOS COM PLUG;UN;85444200;150,00;0,00;0,00;1,35;7,00;202,50;1050,00
Loja: 3 - NEWSHOP COMERCIO LTDA ( CD );Local: 20 - GALPÃO MIDI;30971;LK-7600A -CABO ELETRICO PARA ELETRONICOS COM PLUG;UN;85444200;150,00;0,00;0,00;1,33;7,50;199,50;1125,00
Loja: 3 - NEWSHOP COMERCIO LTDA ( CD );Local: 20 - GALPÃO MIDI;30981;LK-CD24  CANTIL EM ACO INOX COM JOGO XADREZ DOIS COPOS E ABRIDOR DE BEBIDAS;UN;73239300;5,00;0,00;0,00;0,00;87,00;0,00;435,00
Loja: 3 - NEWSHOP COMERCIO LTDA ( CD );Local: 20 - GALPÃO MIDI;30984;LKMT-MT04 ASSENTO SANITARIO UNIVERSAL BRANCO;UN;39222000;5,00;0,00;0,00;15,69;87,00;78,45;435,00
Loja: 3 - NEWSHOP COMERCIO LTDA ( CD );Local: 20 - GALPÃO MIDI;30992;BOM-5645 - SUPORTE DE AFIAR BROCAS E LAMINAS;UN;82079000;50,00;0,00;0,00;1,00;14,00;50,00;700,00
Loja: 3 - NEWSHOP COMERCIO LTDA ( CD );Local: 20 - GALPÃO MIDI;30994;BOM-6251 - NIVEL DE MAO COM 2 BOLHAS;UN;90153000;30,00;0,00;0,00;2,77;35,00;83,10;1050,00
Loja: 3 - NEWSHOP COMERCIO LTDA ( CD );Local: 20 - GALPÃO MIDI;30996;LMF-1105 REMOVEDOR DE PELOS DO NARIZ E ORELHA ALIMENTACAO PILHA TIPO AA NAO INC;UN;85103000;100,00;0,00;0,00;1,63;13,50;163,00;1350,00
Loja: 3 - NEWSHOP COMERCIO LTDA ( CD );Local: 20 - GALPÃO MIDI;31001;LMF-2114 KIT DE FRASCOS DE VIAGEM TRANSPARENTES CONTENDO CINCO RECIPIENTES;UN;39233090;60,00;0,00;0,00;2,24;16,00;134,40;960,00
Loja: 3 - NEWSHOP COMERCIO LTDA ( CD );Local: 20 - GALPÃO MIDI;31005;BOM-2614 - CADEADO FLEXIVEL PARA BICICLETA;UN;83011000;60,00;0,00;0,00;1,28;10,50;76,80;630,00
Loja: 3 - NEWSHOP COMERCIO LTDA ( CD );Local: 20 - GALPÃO MIDI;31011;BOM-5040 - FERRAMENTAS DE USO DOMESTICOCONJUNTO DE 10 PONTAS PHILIPS;UN;82055900;100,00;0,00;0,00;1,27;15,50;127,00;1550,00
Loja: 3 - NEWSHOP COMERCIO LTDA ( CD );Local: 20 - GALPÃO MIDI;31013;LKM-MZ11 PORTA PERFUME SPRAY CAPACIDADE 5 ML;UN;96161000;500,00;0,00;0,00;0,25;4,00;125,00;2000,00
Loja: 3 - NEWSHOP COMERCIO LTDA ( CD );Local: 20 - GALPÃO MIDI;31381;PET-458 - ARTIGO PARA ANIMAIS DE ESTIMACAO EM PP - BRINQUEDOS;UN;42010090;100,00;0,00;0,00;0,95;13,00;95,00;1300,00
Loja: 3 - NEWSHOP COMERCIO LTDA ( CD );Local: 20 - GALPÃO MIDI;31385;LE-2231 PAINEL DE LED UBER;UN;85312000;100,00;100,00;200,00;1,22;12,00;122,00;1200,00
Loja: 3 - NEWSHOP COMERCIO LTDA ( CD );Local: 20 - GALPÃO MIDI;31387;JD-06 FITA ADESIVA DE PLASTICOS DE DIVERSAS CORES;UN;39199090;44,00;0,00;0,00;0,76;6,00;33,44;264,00
Loja: 3 - NEWSHOP COMERCIO LTDA ( CD );Local: 20 - GALPÃO MIDI;31389;LE-8315 MINI CHAVEIRO LUZ PORTATIL;UN;85131090;120,00;0,00;0,00;0,89;9,50;106,80;1140,00
Loja: 3 - NEWSHOP COMERCIO LTDA ( CD );Local: 20 - GALPÃO MIDI;31392;CONJUNTO COM ALICATE DECAPADOR EM BOLSA BOM-3712;UN;82060000;12,00;0,00;0,00;9,45;84,50;113,40;1014,00
Loja: 3 - NEWSHOP COMERCIO LTDA ( CD );Local: 20 - GALPÃO MIDI;31393;VIBRADOR DE CONCRETO BOM-9589;UN;84672999;2,00;0,00;0,00;111,24;0,00;222,48;0,00
Loja: 3 - NEWSHOP COMERCIO LTDA ( CD );Local: 20 - GALPÃO MIDI;31394;BOM-5925  CONJUNTO COM 12 PECAS LAPIS DE CARPINTEIRO;UN;96099000;100,00;0,00;0,00;0,85;7,00;85,00;700,00
Loja: 3 - NEWSHOP COMERCIO LTDA ( CD );Local: 20 - GALPÃO MIDI;31396;LWJ-165A MALETA CONJUNTO FERRAMENTAS;UN;82060000;10,00;0,00;0,00;0,00;116,00;0,00;1160,00
Loja: 3 - NEWSHOP COMERCIO LTDA ( CD );Local: 20 - GALPÃO MIDI;31399;OIP - 0809 BRINQUEDO PET MODEDOR / ERVA DE GATO;UN;39269090;240,00;0,00;0,00;1,00;7,50;240,00;1800,00
Loja: 3 - NEWSHOP COMERCIO LTDA ( CD );Local: 20 - GALPÃO MIDI;31400;OIP-0810  BRINQUEDO MORDEDOR / ERVA DE GATO;UN;39269090;240,00;0,00;0,00;0,00;8,50;0,00;2040,00
Loja: 3 - NEWSHOP COMERCIO LTDA ( CD );Local: 20 - GALPÃO MIDI;31401;OIP-0501 BRINQUEDOS PET MORDEDOR;UN;95069900;80,00;0,00;0,00;0,00;18,00;0,00;1440,00
Loja: 3 - NEWSHOP COMERCIO LTDA ( CD );Local: 20 - GALPÃO MIDI;31402;OIA-8250 FITA ADESIVA;UN;39191090;116,00;0,00;0,00;1,02;6,50;118,32;754,00
Loja: 3 - NEWSHOP COMERCIO LTDA ( CD );Local: 20 - GALPÃO MIDI;31403;LWJ-1953 KIT DE BROCAS ESCALONADAS EM ACO ACONDICIONADAS EM ESTOJO ORGANIZADOR;UN;82075090;40,00;0,00;0,00;0,00;46,00;0,00;1840,00
Loja: 3 - NEWSHOP COMERCIO LTDA ( CD );Local: 20 - GALPÃO MIDI;31453;BC-5532 CARTEIRA FEMININA;UN;42023200;30,00;0,00;0,00;0,00;0,00;0,00;0,00
Loja: 3 - NEWSHOP COMERCIO LTDA ( CD );Local: 20 - GALPÃO MIDI;31454;BC5531 CARTEIRA FEMININA;UN;42023200;30,00;0,00;0,00;5,52;22,00;165,60;660,00
Loja: 3 - NEWSHOP COMERCIO LTDA ( CD );Local: 20 - GALPÃO MIDI;31456;BC-5554 CARTEIRA UNISSEX;UN;42023200;30,00;0,00;0,00;5,52;22,00;165,60;660,00
Loja: 3 - NEWSHOP COMERCIO LTDA ( CD );Local: 20 - GALPÃO MIDI;31458;FZ-5863 CARTEIRA FEMININA;UN;42023200;30,00;0,00;0,00;4,72;19,00;141,60;570,00
Loja: 3 - NEWSHOP COMERCIO LTDA ( CD );Local: 20 - GALPÃO MIDI;31459;FZ5859 CARTEIRA UNISSEX;UN;42023200;30,00;0,00;0,00;4,72;19,00;141,60;570,00
Loja: 3 - NEWSHOP COMERCIO LTDA ( CD );Local: 20 - GALPÃO MIDI;31460;FZ3193 CARTEIRA FEMININA;UN;42023200;30,00;0,00;0,00;3,92;15,50;117,60;465,00
Loja: 3 - NEWSHOP COMERCIO LTDA ( CD );Local: 20 - GALPÃO MIDI;31461;FZ5854 CARTEIRA FEMININA;UN;42023200;30,00;0,00;0,00;5,12;20,50;153,60;615,00
Loja: 3 - NEWSHOP COMERCIO LTDA ( CD );Local: 20 - GALPÃO MIDI;31462;BC-5561 CARTEIRA UNISSEX;UN;42023200;30,00;0,00;0,00;5,12;20,80;153,60;624,00
Loja: 3 - NEWSHOP COMERCIO LTDA ( CD );Local: 20 - GALPÃO MIDI;31463;FZ5680 CARTEIRA FEMININA;UN;42023200;30,00;0,00;0,00;3,12;12,50;93,60;375,00
Loja: 3 - NEWSHOP COMERCIO LTDA ( CD );Local: 20 - GALPÃO MIDI;31464;FZ5386 CARTEIRA;UN;42022100;30,00;0,00;0,00;5,52;22,00;165,60;660,00
Loja: 3 - NEWSHOP COMERCIO LTDA ( CD );Local: 20 - GALPÃO MIDI;31465;BC5743 CARTEIRA FEMININA;UN;42023200;30,00;0,00;0,00;5,92;23,50;177,60;705,00
Loja: 3 - NEWSHOP COMERCIO LTDA ( CD );Local: 20 - GALPÃO MIDI;31466;FZ-5385 CARTEIRA;UN;42022100;30,00;0,00;0,00;5,52;22,00;165,60;660,00
Loja: 3 - NEWSHOP COMERCIO LTDA ( CD );Local: 20 - GALPÃO MIDI;31467;FZ5383 CARTEIRA FEMININA;UN;42023200;30,00;0,00;0,00;4,72;19,00;141,60;570,00
Loja: 3 - NEWSHOP COMERCIO LTDA ( CD );Local: 20 - GALPÃO MIDI;31468;FZ3192 CARTEIRA FEMININA;UN;42023200;30,00;0,00;0,00;0,00;0,00;0,00;0,00
Loja: 3 - NEWSHOP COMERCIO LTDA ( CD );Local: 20 - GALPÃO MIDI;31469;FZ-5382 CARTEIRA FEMININA;UN;42023200;30,00;0,00;0,00;4,72;19,00;141,60;570,00
Loja: 3 - NEWSHOP COMERCIO LTDA ( CD );Local: 20 - GALPÃO MIDI;31470;FZ-5381 CARTEIRA FEMININA;UN;42023200;30,00;0,00;0,00;4,72;19,00;141,60;570,00
Loja: 3 - NEWSHOP COMERCIO LTDA ( CD );Local: 20 - GALPÃO MIDI;31471;BC5560 CARTEIRA FEMININA;UN;42023200;30,00;0,00;0,00;5,52;22,00;165,60;660,00
Loja: 3 - NEWSHOP COMERCIO LTDA ( CD );Local: 20 - GALPÃO MIDI;31472;FZ5332 CARTEIRA FEMININA;UN;42023200;30,00;0,00;0,00;3,52;14,00;105,60;420,00
Loja: 3 - NEWSHOP COMERCIO LTDA ( CD );Local: 20 - GALPÃO MIDI;31473;FZ-3215 UNISSEX;UN;42023200;30,00;0,00;0,00;4,32;17,50;129,60;525,00
Loja: 3 - NEWSHOP COMERCIO LTDA ( CD );Local: 20 - GALPÃO MIDI;31474;FZ5314 CARTEIRA UNISSEX;UN;42023200;30,00;0,00;0,00;5,12;20,50;153,60;615,00
Loja: 3 - NEWSHOP COMERCIO LTDA ( CD );Local: 20 - GALPÃO MIDI;31475;FZ3948 CARTEIRA FEMININA;UN;42023200;30,00;0,00;0,00;2,32;9,90;69,60;297,00
Loja: 3 - NEWSHOP COMERCIO LTDA ( CD );Local: 20 - GALPÃO MIDI;31476;BC-5574 CARTEIRA FEMININA;UN;42023200;30,00;0,00;0,00;4,32;17,50;129,60;525,00
Loja: 3 - NEWSHOP COMERCIO LTDA ( CD );Local: 20 - GALPÃO MIDI;31477;FZ3947 CARTEIRA FEMININA;UN;42023200;30,00;0,00;0,00;2,72;11,00;81,60;330,00
Loja: 3 - NEWSHOP COMERCIO LTDA ( CD );Local: 20 - GALPÃO MIDI;31478;FZ3945 CARTEIRA FEMININA;UN;42023200;30,00;0,00;0,00;4,32;17,50;129,60;525,00
Loja: 3 - NEWSHOP COMERCIO LTDA ( CD );Local: 20 - GALPÃO MIDI;31479;FZ3194 CARTEIRA FEMININA;UN;42023200;30,00;0,00;0,00;0,00;0,00;0,00;0,00
Loja: 3 - NEWSHOP COMERCIO LTDA ( CD );Local: 20 - GALPÃO MIDI;31557;BM-8651 -CABO COM CONECTOR HDMI PARA VGA MARCA B-MAX REFERENCIA;UN;85444200;100,00;0,00;0,00;1,29;12,50;129,00;1250,00
Loja: 3 - NEWSHOP COMERCIO LTDA ( CD );Local: 20 - GALPÃO MIDI;31561;BM-L33 - LUZ LED DE PREENCHIMENTO PARA CELULAR - TENSAO: 3.7V - POTENCIA: 2W;UN;94054200;40,00;10,00;200,00;3,02;54,50;120,80;2180,00
Loja: 3 - NEWSHOP COMERCIO LTDA ( CD );Local: 20 - GALPÃO MIDI;31568;BT-569 - CHAVE DE FENDA COM PONTA CHATA - 8 POLEGADAS;UN;82054000;90,00;0,00;0,00;1,87;6,50;168,30;585,00
Loja: 3 - NEWSHOP COMERCIO LTDA ( CD );Local: 20 - GALPÃO MIDI;31569;BT-570 -CHAVE DE FENDA COM PONTA CHATA - 10 POLEGADAS;UN;82054000;60,00;0,00;0,00;2,32;8,00;139,20;480,00
Loja: 3 - NEWSHOP COMERCIO LTDA ( CD );Local: 20 - GALPÃO MIDI;32013;C9902 CHINELO NUVEM EVA - ACOMPANHA ADEREÇO;UN;64029990;42,00;0,00;0,00;6,81;34,00;286,02;1428,00
Loja: 3 - NEWSHOP COMERCIO LTDA ( CD );Local: 20 - GALPÃO MIDI;32014;W808 CAIXA CHINELO TK - FEM;UN;64029990;12,00;0,00;0,00;1,00;58,00;12,00;696,00
Loja: 3 - NEWSHOP COMERCIO LTDA ( CD );Local: 20 - GALPÃO MIDI;32017;19902/L9902 CHINELO NUVEM EVA - ACOMPANHA ADEREÇO;UN;64029990;42,00;0,00;0,00;81,73;34,00;3432,66;1428,00
Loja: 3 - NEWSHOP COMERCIO LTDA ( CD );Local: 20 - GALPÃO MIDI;32019;W23107 CAIXA CHINELO NUVEM EVA- FEM;UN;64029990;30,00;0,00;0,00;20,00;40,00;600,00;1200,00
Loja: 3 - NEWSHOP COMERCIO LTDA ( CD );Local: 20 - GALPÃO MIDI;32021;W826 CHINELO PLATAFORMA EVA - FEM;UN;64029990;36,00;0,00;0,00;11,73;42,00;422,28;1512,00
Loja: 3 - NEWSHOP COMERCIO LTDA ( CD );Local: 20 - GALPÃO MIDI;32025;BOM-2767 CONJUNTO COM 4 RODIZIOS SENDO 2 GIRATORIOS;UN;83022000;24,00;0,00;0,00;1,00;35,00;24,00;840,00
Loja: 3 - NEWSHOP COMERCIO LTDA ( CD );Local: 20 - GALPÃO MIDI;32026;BOM-1485 CHAVE DE BIELA L 12MM;UN;82041200;40,00;0,00;0,00;4,03;17,50;161,20;700,00
Loja: 3 - NEWSHOP COMERCIO LTDA ( CD );Local: 20 - GALPÃO MIDI;32027;BOM-1486 SP - CHAVE DE BIELA L 13MM;UN;82041200;40,00;0,00;0,00;2,71;19,50;108,40;780,00
Loja: 3 - NEWSHOP COMERCIO LTDA ( CD );Local: 20 - GALPÃO MIDI;32028;BOM-1487 CHAVE DE BIELA L 14MM;UN;82041200;40,00;0,00;0,00;1,00;21,00;40,00;840,00
Loja: 3 - NEWSHOP COMERCIO LTDA ( CD );Local: 20 - GALPÃO MIDI;32029;BOM-1488 CHAVE DE BIELA L 15MM;UN;82041200;25,00;0,00;0,00;1,00;23,00;25,00;575,00
Loja: 3 - NEWSHOP COMERCIO LTDA ( CD );Local: 20 - GALPÃO MIDI;32030;BOM-1489 CHAVE DE BIELA L 17MM;UN;82041200;25,00;0,00;0,00;1,00;24,50;25,00;612,50
Loja: 3 - NEWSHOP COMERCIO LTDA ( CD );Local: 20 - GALPÃO MIDI;32160;BOM-1483 - CHAVE DE BIELA L 10MM;UN;82041200;50,00;0,00;0,00;7,63;14,50;381,50;725,00
Loja: 3 - NEWSHOP COMERCIO LTDA ( CD );Local: 20 - GALPÃO MIDI;33806;FJ90512 APARADOR DE LOUCAS 60 POLIESTER 40 ESPONJA;UN;63071000;-24,00;0,00;0,00;3,24;10,50;-77,76;-252,00
Loja: 3 - NEWSHOP COMERCIO LTDA ( CD );Local: 20 - GALPÃO MIDI;44119;GX10-3023 MOCHILA COM SUPERFICIE EXTERIOR DE MATERIAL EM PVC;UN;42029200;-16,00;0,00;0,00;0,00;99,00;0,00;-1584,00
Loja: 3 - NEWSHOP COMERCIO LTDA ( CD );Local: 21 - PRODUTOS QUEBRADOS;8336;BOM-6201 TRENA 25M C/ NIVELADOR LASER E PRUMO;UN;90178010;50,00;0,00;0,00;3,81;32,00;190,50;1600,00
Loja: 3 - NEWSHOP COMERCIO LTDA ( CD );Local: 21 - PRODUTOS QUEBRADOS;8448;BOM-6011 MULTIMETRO DIGITAL COM DISPOSITIVO REGISTRADOR;UN;90303200;30,00;0,00;0,00;4,64;33,50;139,20;1005,00
Loja: 3 - NEWSHOP COMERCIO LTDA ( CD );Local: 21 - PRODUTOS QUEBRADOS;8622;BOM-9705 ESMERILHADEIRA  DE  BATERIA  21V-125MM;UN;84672999;6,00;0,00;0,00;54,16;402,00;324,96;2412,00
Loja: 3 - NEWSHOP COMERCIO LTDA ( CD );Local: 21 - PRODUTOS QUEBRADOS;8682;BOM-6009 MULTIMETRO DIGITAL;UN;90303200;60,00;0,00;0,00;3,77;33,50;226,20;2010,00
Loja: 3 - NEWSHOP COMERCIO LTDA ( CD );Local: 21 - PRODUTOS QUEBRADOS;9804;BOM-1328 FILME  PLASTICO  C/FITA  CREPE;UN;82055100;30,00;0,00;0,00;6,10;18,00;183,00;540,00
Loja: 3 - NEWSHOP COMERCIO LTDA ( CD );Local: 21 - PRODUTOS QUEBRADOS;11174;BOM-3111 CONJUNTO 4 CHAVES FENDA/PHILIPS;UN;82059000;144,00;0,00;0,00;4,83;19,50;695,52;2808,00
Loja: 3 - NEWSHOP COMERCIO LTDA ( CD );Local: 21 - PRODUTOS QUEBRADOS;11181;BOM-3119 CONJ 4 CHAVES DE FENDA/PHILLIPS E UM TESTADOR DE VOLTAGEM;UN;82059000;96,00;0,00;0,00;4,50;18,50;432,00;1776,00
Loja: 3 - NEWSHOP COMERCIO LTDA ( CD );Local: 21 - PRODUTOS QUEBRADOS;11507;BOM-5506 ABRACADEIRA DE NYLON ENFORCA GATO 3.6 X 250MM;UN;39169090;200,00;0,00;0,00;3,07;6,00;614,00;1200,00
Loja: 3 - NEWSHOP COMERCIO LTDA ( CD );Local: 21 - PRODUTOS QUEBRADOS;13328;HQ1944 ESPELHO EMOLDURADO EM MATERIAL PLASTICO;UN;70099200;24,00;0,00;0,00;9,14;55,00;219,36;1320,00
Loja: 3 - NEWSHOP COMERCIO LTDA ( CD );Local: 21 - PRODUTOS QUEBRADOS;13329;HQ1945 ESPELHO EMOLDURADO EM MATERIAL PLASTICO;UN;70099200;16,00;0,00;0,00;15,20;89,00;243,20;1424,00
Loja: 3 - NEWSHOP COMERCIO LTDA ( CD );Local: 21 - PRODUTOS QUEBRADOS;13331;HQ1947 ESPELHO EMOLDURADO EM MATERIAL PLASTICO;UN;70099200;36,00;0,00;0,00;12,21;75,00;439,56;2700,00
Loja: 3 - NEWSHOP COMERCIO LTDA ( CD );Local: 21 - PRODUTOS QUEBRADOS;13332;HQ1948 ESPELHO EMOLDURADO EM MATERIAL PLASTICO;UN;70099200;40,00;0,00;0,00;15,21;90,00;608,40;3600,00
Loja: 3 - NEWSHOP COMERCIO LTDA ( CD );Local: 21 - PRODUTOS QUEBRADOS;13333;HQ1949 ESPELHO EMOLDURADO EM MATERIAL PLASTICO;UN;70099200;60,00;0,00;0,00;11,16;65,00;669,60;3900,00
Loja: 3 - NEWSHOP COMERCIO LTDA ( CD );Local: 21 - PRODUTOS QUEBRADOS;13335;HQ1950 ESPELHO EMOLDURADO EM MATERIAL PLASTICO;UN;70099200;40,00;0,00;0,00;145,00;115,00;5800,00;4600,00
Loja: 3 - NEWSHOP COMERCIO LTDA ( CD );Local: 21 - PRODUTOS QUEBRADOS;13336;HQ1951 ESPELHO EMOLDURADO EM MATERIAL PLASTICO;UN;70099200;16,00;0,00;0,00;4,92;115,00;78,72;1840,00
Loja: 3 - NEWSHOP COMERCIO LTDA ( CD );Local: 21 - PRODUTOS QUEBRADOS;13353;HQ1968 ESPELHO EMOLDURADO;UN;70099200;40,00;0,00;0,00;145,00;115,00;5800,00;4600,00
Loja: 3 - NEWSHOP COMERCIO LTDA ( CD );Local: 21 - PRODUTOS QUEBRADOS;13354;HQ1969 ESPELHO EMOLDURADO EM MATERIAL PLASTICO;UN;70099200;30,00;0,00;0,00;15,20;89,00;456,00;2670,00
Loja: 3 - NEWSHOP COMERCIO LTDA ( CD );Local: 21 - PRODUTOS QUEBRADOS;13355;HQ1970 ESPELHO EMOLDURADO EM MATERIAL PLASTICO;UN;70099200;60,00;0,00;0,00;11,16;65,00;669,60;3900,00
Loja: 3 - NEWSHOP COMERCIO LTDA ( CD );Local: 21 - PRODUTOS QUEBRADOS;13356;HQ1971 ESPELHO EMOLDURADO EM MATERIAL PLASTICO;UN;70099200;60,00;0,00;0,00;11,16;65,00;669,60;3900,00
Loja: 3 - NEWSHOP COMERCIO LTDA ( CD );Local: 21 - PRODUTOS QUEBRADOS;13357;HQ1972 ESPELHO EMOLDURADO EM MATERIAL PLASTICO;UN;70099200;36,00;0,00;0,00;11,16;65,00;401,76;2340,00
Loja: 3 - NEWSHOP COMERCIO LTDA ( CD );Local: 21 - PRODUTOS QUEBRADOS;13358;HQ1973 ESPELHO EMOLDURADO EM MATERIAL PLASTICO;UN;70099200;36,00;0,00;0,00;11,16;65,00;401,76;2340,00
Loja: 3 - NEWSHOP COMERCIO LTDA ( CD );Local: 21 - PRODUTOS QUEBRADOS;13362;HQ1976 ESPELHO EMOLDURADO EM MATERIAL PLASTICO;UN;70099200;8,00;0,00;0,00;1,00;215,00;8,00;1720,00
Loja: 3 - NEWSHOP COMERCIO LTDA ( CD );Local: 21 - PRODUTOS QUEBRADOS;13363;HQ1977 ESPELHO EMOLDURADO EM MATERIAL PLASTICO;UN;70099200;60,00;0,00;0,00;10,40;65,00;624,00;3900,00
Loja: 3 - NEWSHOP COMERCIO LTDA ( CD );Local: 21 - PRODUTOS QUEBRADOS;13364;HQ1978 ESPELHO EMOLDURADO EM MATERIAL PLASTICO;UN;70099200;60,00;0,00;0,00;10,68;65,00;640,80;3900,00
Loja: 3 - NEWSHOP COMERCIO LTDA ( CD );Local: 21 - PRODUTOS QUEBRADOS;13558;CC2488 MARMITA INFANTIL DECORADA;UN;39241000;80,00;0,00;0,00;1,53;16,50;122,40;1320,00
Loja: 3 - NEWSHOP COMERCIO LTDA ( CD );Local: 21 - PRODUTOS QUEBRADOS;13561;CC2493 KIT MARMITA INFANTIL COM COPO;UN;39241000;48,00;0,00;0,00;2,37;25,00;113,76;1200,00
Loja: 3 - NEWSHOP COMERCIO LTDA ( CD );Local: 21 - PRODUTOS QUEBRADOS;13562;CC1185 MARMITA;UN;39241000;64,00;0,00;0,00;2,79;30,00;178,56;1920,00
Loja: 3 - NEWSHOP COMERCIO LTDA ( CD );Local: 21 - PRODUTOS QUEBRADOS;13627;CC2494 MARMITA  DECORADA;UN;39241000;72,00;0,00;0,00;1,72;18,50;123,84;1332,00
Loja: 3 - NEWSHOP COMERCIO LTDA ( CD );Local: 21 - PRODUTOS QUEBRADOS;15419;BOM-7341 ROLO DE LA PARA PINTURA 18CM;UN;96034010;24,00;0,00;0,00;1,39;10,00;33,36;240,00
Loja: 3 - NEWSHOP COMERCIO LTDA ( CD );Local: 21 - PRODUTOS QUEBRADOS;18622;C2581 TAPIOQUEIRA PENEIRA E ARMAZENA POLVILHADOR DE TAPIOCA ARMAZENA;UN;96040000;120,00;0,00;0,00;2,40;21,50;288,00;2580,00
Loja: 3 - NEWSHOP COMERCIO LTDA ( CD );Local: 21 - PRODUTOS QUEBRADOS;18912;TP8024 - TAPETE EMBORRACHADO PARA PISOS MEDINDO 80 X120 CM REFERNCIA TP8020;UN;40169990;250,00;0,00;0,00;2,97;9,99;742,50;2497,50
Loja: 3 - NEWSHOP COMERCIO LTDA ( CD );Local: 21 - PRODUTOS QUEBRADOS;18913;TP8022 - TAPETE EMBORRACHADO PARA PISOS MEDINDO 80 X120 CM REFERNCIA TP8020;UN;40169990;250,00;0,00;0,00;5,65;9,99;1412,50;2497,50
Loja: 3 - NEWSHOP COMERCIO LTDA ( CD );Local: 21 - PRODUTOS QUEBRADOS;20109;TP8025 TAPETE EMBORRACHADO PARA PISOS MEDINDO 38 X 58 CM;UN;40169990;250,00;0,00;0,00;2,39;15,00;597,50;3750,00
Loja: 3 - NEWSHOP COMERCIO LTDA ( CD );Local: 21 - PRODUTOS QUEBRADOS;20111;TP8026  TAPETE EMBORRACHADO PARA PISOS MEDINDO 38 X 58 CM REFERNCIA TP8025;UN;40169990;250,00;0,00;0,00;2,39;11,90;597,50;2975,00
Loja: 3 - NEWSHOP COMERCIO LTDA ( CD );Local: 21 - PRODUTOS QUEBRADOS;20112;TP8027 TAPETE EMBORRACHADO PARA PISOS MEDINDO 38 X 58 CM;UN;40169990;250,00;0,00;0,00;2,39;15,00;597,50;3750,00
Loja: 3 - NEWSHOP COMERCIO LTDA ( CD );Local: 21 - PRODUTOS QUEBRADOS;20113;TP8028  TAPETE EMBORRACHADO PARA PISOS MEDINDO 38 X 58 CM REFERNCIA TP8025;UN;40169990;250,00;0,00;0,00;2,39;15,00;597,50;3750,00
Loja: 3 - NEWSHOP COMERCIO LTDA ( CD );Local: 21 - PRODUTOS QUEBRADOS;20115;TP8029 TAPETE EMBORRACHADO PARA PISOS MEDINDO 38 X 58 CM REFERNCIA TP8025;UN;40169990;250,00;0,00;0,00;15,00;15,00;3750,00;3750,00
Loja: 3 - NEWSHOP COMERCIO LTDA ( CD );Local: 21 - PRODUTOS QUEBRADOS;20116;TP8030 TAPETE EMBORRACHADO PARA PISOS MEDINDO 38 X 58 CM;UN;40169990;250,00;0,00;0,00;2,39;15,00;597,50;3750,00
Loja: 3 - NEWSHOP COMERCIO LTDA ( CD );Local: 21 - PRODUTOS QUEBRADOS;23155;BOM-5321 CONJUNTO DE PARAFUSO GANCHO PITAO (EMBALAGEM COM 8 PCS);UN;73181500;50,00;0,00;0,00;0,92;4,50;46,00;225,00
Loja: 3 - NEWSHOP COMERCIO LTDA ( CD );Local: 21 - PRODUTOS QUEBRADOS;24469;PD0281 ESPELHO PAREDE CAPELA 1460X360MM PRETO;UN;70139110;2,00;0,00;0,00;95,00;149,00;190,00;298,00
Loja: 3 - NEWSHOP COMERCIO LTDA ( CD );Local: 21 - PRODUTOS QUEBRADOS;24539;PD0223 ESPELHO CLOSET RETANGULAR 1460X360MM PRETO;UN;70139110;6,00;0,00;0,00;9,76;149,00;58,56;894,00
Loja: 3 - NEWSHOP COMERCIO LTDA ( CD );Local: 21 - PRODUTOS QUEBRADOS;24547;PD0274 ESPELHO CLOSET SPACE 1460X360MM PRETO;UN;70139110;4,00;0,00;0,00;9,76;149,00;39,04;596,00
Loja: 3 - NEWSHOP COMERCIO LTDA ( CD );Local: 21 - PRODUTOS QUEBRADOS;24548;PD0277 ESPELHO CLOSET RETANGULAR 1460X360MM DOURADO;UN;70139110;5,00;0,00;0,00;9,76;149,00;48,80;745,00
Loja: 3 - NEWSHOP COMERCIO LTDA ( CD );Local: 21 - PRODUTOS QUEBRADOS;24551;PD0329 ESPELHO CLOSET CAPELA 1460X360MM COBRE;UN;70139110;3,00;0,00;0,00;9,76;149,00;29,28;447,00
Loja: 3 - NEWSHOP COMERCIO LTDA ( CD );Local: 21 - PRODUTOS QUEBRADOS;24552;PD0346 ESPELHO CLOSET SPACE 1460X360MM COBRE;UN;70139110;5,00;0,00;0,00;9,76;149,00;48,80;745,00
Loja: 3 - NEWSHOP COMERCIO LTDA ( CD );Local: 21 - PRODUTOS QUEBRADOS;24554;PD0382 ESPELHO CLOSET RETANGULAR 1460X360MM COBRE;UN;70139110;5,00;0,00;0,00;9,76;149,00;48,80;745,00
Loja: 3 - NEWSHOP COMERCIO LTDA ( CD );Local: 21 - PRODUTOS QUEBRADOS;25977;BM-F1491 KIT DE LIMPEZA DOMESTICA CONTENDO 1 ESCOVA DE LIMPEZA;UN;96039000;-1,00;0,00;0,00;0,89;3,00;-0,89;-3,00
Loja: 3 - NEWSHOP COMERCIO LTDA ( CD );Local: 21 - PRODUTOS QUEBRADOS;30431;LJ2333  PLACA AUTO ADESIVO PARAPAREDESPISO;UN;39189000;504,00;0,00;0,00;5,88;5,99;2963,52;3018,96
Loja: 3 - NEWSHOP COMERCIO LTDA ( CD );Local: 21 - PRODUTOS QUEBRADOS;33177;YK1043 BLOCO DE CONSTRUCAO MINHA CIDADE BALDE C/ 140 BLOCOS YINS KIDS;UN;95030099;1,00;0,00;0,00;34,31;142,00;34,31;142,00
Loja: 3 - NEWSHOP COMERCIO LTDA ( CD );Local: 21 - PRODUTOS QUEBRADOS;36499;BI1C10251 BICICLETA ERGOMETRICA;UN;95069100;2,00;0,00;0,00;100,00;799,00;200,00;1598,00
Loja: 3 - NEWSHOP COMERCIO LTDA ( CD );Local: 21 - PRODUTOS QUEBRADOS;41330;MD01001 - PAINEL RIPADO 280CM X 16.7CM X 2.2;UN;39259090;1740,00;0,00;0,00;11,50;49,00;20010,00;85260,00
Loja: 3 - NEWSHOP COMERCIO LTDA ( CD );Local: 21 - PRODUTOS QUEBRADOS;41334;MD01002 - PAINEL RIPADO 280CM X 16.7CM X 2.2;UN;39259090;1440,00;0,00;0,00;11,50;49,00;16560,00;70560,00
Loja: 3 - NEWSHOP COMERCIO LTDA ( CD );Local: 21 - PRODUTOS QUEBRADOS;41335;MD01004 - PAINEL RIPADO 280CM X 16.7CM X 2.2;UN;39259090;1800,00;0,00;0,00;11,50;49,00;20700,00;88200,00
Loja: 3 - NEWSHOP COMERCIO LTDA ( CD );Local: 21 - PRODUTOS QUEBRADOS;41336;MD01007  PAINEL RIPADO 280CM X 16.7CM X 2.2;UN;39259090;24,00;0,00;0,00;11,50;49,00;276,00;1176,00
